{"stats":{"minecraft:broken":{"minecraft:iron_boots":1,"minecraft:iron_leggings":1,"aether:iron_gloves":1,"minecraft:shield":1,"minecraft:iron_sword":1,"minecraft:iron_pickaxe":3,"minecraft:iron_helmet":1},"minecraft:killed":{"minecraft:vindicator":8,"minecraft:spider":14,"minecraft:skeleton":34,"artifacts:mimic":4,"minecraft:pig":16,"minecraft:iron_golem":1,"minecraft:sheep":7,"minecraft:pillager":8,"minecraft:zombie":48,"minecraft:cow":7},"minecraft:picked_up":{"regions_unexplored:small_oak_log":30,"minecraft:cocoa_beans":12,"minecraft:crafting_table":12,"minecraft:anvil":1,"regions_unexplored:magnolia_log":2,"minecraft:string":16,"minecraft:iron_axe":1,"minecraft:raw_copper":11,"regions_unexplored:bamboo_sapling":10,"minecraft:cobbled_deepslate":80,"improvableskills:scroll_normal":1,"minecraft:spruce_planks":8,"artifacts:aqua_dashers":1,"minecraft:beef":14,"minecraft:jungle_sapling":3,"minecraft:poppy":3,"minecraft:iron_pickaxe":1,"minecraft:light_gray_wool":2,"minecraft:melon_slice":100,"minecraft:sugar_cane":5,"minecraft:furnace":9,"regions_unexplored:redwood_log":3,"minecraft:egg":5,"celestial_artifacts:catastrophe_scroll":1,"minecraft:stick":27,"minecraft:raw_iron":195,"apotheosis:gem":8,"improvableskills:parchment_fragment":1,"minecraft:torch":76,"minecraft:green_bed":10,"sophisticatedbackpacks:backpack":2,"minecraft:porkchop":33,"minecraft:cake":2,"minecraft:diorite":9,"regions_unexplored:purple_coneflower":4,"artifacts:snorkel":1,"minecraft:stone_sword":1,"minecraft:arrow":30,"minecraft:rotten_flesh":40,"minecraft:hay_block":80,"alltheores:raw_osmium":3,"minecraft:mutton":10,"minecraft:white_wool":5,"minecraft:cobblestone":323,"minecraft:cooked_beef":2,"minecraft:glow_ink_sac":2,"minecraft:andesite":29,"minecraft:jungle_log":21,"minecraft:leather":6,"artifacts:anglers_hat":1,"minecraft:tuff":7,"minecraft:lapis_lazuli":15,"minecraft:dirt":487,"regions_unexplored:small_oak_sapling":2,"minecraft:cooked_mutton":4,"minecraft:bone":14,"alltheores:raw_tin":62,"minecraft:apple":1,"minecraft:bow":2,"minecraft:wheat_seeds":11,"minecraft:raw_gold":11,"minecraft:iron_ingot":8,"minecraft:stone_pickaxe":2,"artifacts:kitty_slippers":1,"minecraft:bamboo":20,"minecraft:gray_bed":1,"minecraft:iron_sword":1,"minecraft:oak_planks":4,"regions_unexplored:bamboo_log":101,"minecraft:cooked_porkchop":8,"alltheores:raw_lead":55,"minecraft:dandelion":5,"minecraft:gravel":11,"minecraft:amethyst_shard":16,"minecraft:spider_eye":8,"alltheores:raw_nickel":5,"artifacts:golden_hook":1,"minecraft:diamond":12,"minecraft:crossbow":1,"knightquest:small_essence":16,"minecraft:granite":29,"minecraft:emerald":9,"minecraft:oak_sapling":4,"minecraft:coal":285},"minecraft:dropped":{"minecraft:iron_sword":1,"celestial_artifacts:catastrophe_scroll":1,"minecraft:wheat_seeds":8,"minecraft:cobblestone":7,"minecraft:granite":24,"minecraft:stick":3,"minecraft:dirt":26,"minecraft:diorite":6,"regions_unexplored:purple_coneflower":4,"regions_unexplored:redwood_log":2,"minecraft:iron_pickaxe":1,"minecraft:paper":6,"minecraft:string":11,"minecraft:bone":3,"minecraft:gravel":7,"minecraft:stone_axe":1,"artifacts:kitty_slippers":1,"minecraft:stone_sword":2,"artifacts:aqua_dashers":1,"minecraft:tuff":1,"alltheores:raw_osmium":3,"minecraft:rotten_flesh":2,"minecraft:light_gray_wool":2,"spartanweaponry:stone_boomerang":1,"minecraft:andesite":25,"apotheosis:gem":1,"minecraft:spider_eye":4,"knightquest:small_essence":3,"minecraft:bow":2,"minecraft:stone_pickaxe":3},"minecraft:used":{"minecraft:stone_sword":119,"minecraft:chest":2,"minecraft:shield":91,"minecraft:iron_sword":425,"minecraft:rotten_flesh":37,"minecraft:torch":96,"minecraft:dirt":362,"minecraft:tuff":2,"minecraft:iron_hoe":84,"minecraft:furnace":10,"minecraft:cooked_beef":14,"minecraft:cobbled_deepslate":36,"minecraft:cooked_mutton":10,"minecraft:water_bucket":13,"minecraft:stone_pickaxe":17,"minecraft:oak_planks":6,"minecraft:wooden_pickaxe":34,"minecraft:diamond_axe":118,"minecraft:green_bed":10,"minecraft:crafting_table":15,"minecraft:crossbow":1,"minecraft:cake":2,"minecraft:apple":1,"minecraft:diamond_shovel":18,"minecraft:bread":25,"minecraft:iron_pickaxe":814,"spartanweaponry:stone_boomerang":13,"minecraft:stone_axe":20,"minecraft:cobblestone":292,"minecraft:cooked_porkchop":31,"minecraft:andesite":3,"minecraft:bucket":13},"minecraft:mined":{"minecraft:tuff":7,"minecraft:spruce_planks":8,"minecraft:deepslate_diamond_ore":12,"alltheores:osmium_ore":3,"minecraft:sculk_vein":2,"regions_unexplored:magnolia_log":2,"minecraft:jungle_leaves":2,"minecraft:granite":29,"minecraft:grass_block":22,"minecraft:jungle_log":21,"regions_unexplored:bamboo_sapling":1,"minecraft:hay_block":80,"minecraft:furnace":9,"minecraft:iron_ore":87,"minecraft:andesite":29,"minecraft:anvil":1,"alltheores:lead_ore":55,"minecraft:deepslate_iron_ore":14,"minecraft:vine":11,"regions_unexplored:medium_grass":13,"minecraft:bamboo":3,"regions_unexplored:small_oak_log":4,"regions_unexplored:windswept_grass":10,"minecraft:stone":217,"regions_unexplored:redwood_log":2,"alltheores:nickel_ore":5,"minecraft:green_bed":10,"minecraft:podzol":1,"minecraft:glass_pane":2,"minecraft:amethyst_cluster":4,"minecraft:dandelion":5,"minecraft:crafting_table":12,"minecraft:torch":31,"minecraft:poppy":3,"minecraft:melon":19,"minecraft:copper_ore":2,"minecraft:cobblestone":110,"minecraft:lapis_ore":3,"minecraft:oak_planks":4,"minecraft:sugar_cane":4,"regions_unexplored:bamboo_log":5,"minecraft:diorite":35,"minecraft:wall_torch":6,"regions_unexplored:sandy_tall_grass":1,"minecraft:gray_bed":1,"alltheores:tin_ore":62,"regions_unexplored:sandy_grass":6,"minecraft:grass":17,"minecraft:coal_ore":61,"regions_unexplored:small_oak_sapling":1,"minecraft:gravel":1,"minecraft:dirt":48,"minecraft:gold_ore":11,"minecraft:oak_leaves":11,"minecraft:deepslate":64,"minecraft:fern":7},"minecraft:crafted":{"minecraft:oak_planks":48,"minecraft:furnace":2,"minecraft:diamond_shovel":1,"minecraft:cooked_mutton":6,"alltheores:tin_ingot":10,"minecraft:iron_boots":2,"minecraft:iron_hoe":1,"minecraft:stone_pickaxe":1,"minecraft:chest":2,"sophisticatedbackpacks:iron_backpack":1,"minecraft:wheat":144,"spartanweaponry:stone_boomerang":1,"minecraft:cooked_beef":12,"minecraft:cooked_porkchop":23,"minecraft:crafting_table":3,"minecraft:wooden_pickaxe":1,"minecraft:iron_helmet":1,"minecraft:iron_sword":2,"minecraft:bucket":1,"minecraft:stone_axe":1,"minecraft:bread":49,"minecraft:air":0,"minecraft:jungle_planks":40,"regions_unexplored:redwood_planks":4,"minecraft:iron_chestplate":1,"minecraft:charcoal":7,"minecraft:shield":2,"minecraft:stick":20,"minecraft:iron_ingot":60,"minecraft:iron_pickaxe":3,"minecraft:stone_sword":1,"minecraft:iron_leggings":1,"minecraft:torch":24},"minecraft:custom":{"minecraft:interact_with_smithing_table":1,"minecraft:mob_kills":151,"minecraft:interact_with_crafting_table":39,"minecraft:open_barrel":31,"minecraft:interact_with_campfire":14,"minecraft:eat_cake_slice":14,"minecraft:damage_dealt_resisted":100,"minecraft:leave_game":1,"minecraft:time_since_death":266453,"minecraft:climb_one_cm":2917,"minecraft:damage_resisted":0,"minecraft:sprint_one_cm":617404,"minecraft:walk_one_cm":581113,"minecraft:damage_blocked_by_shield":4530,"minecraft:drop":47,"minecraft:damage_dealt_absorbed":120,"minecraft:talked_to_villager":1,"minecraft:play_time":266453,"minecraft:sneak_time":15129,"minecraft:walk_under_water_one_cm":26824,"minecraft:jump":5122,"minecraft:interact_with_blast_furnace":3,"minecraft:walk_on_water_one_cm":51686,"minecraft:total_world_time":266453,"minecraft:interact_with_furnace":68,"minecraft:sleep_in_bed":16,"minecraft:time_since_rest":29790,"minecraft:damage_taken":6411,"minecraft:trigger_trapped_chest":1,"minecraft:damage_dealt":28091,"minecraft:swim_one_cm":92720,"minecraft:fly_one_cm":963988,"minecraft:open_chest":50,"minecraft:crouch_one_cm":41209,"minecraft:interact_with_smoker":2,"minecraft:fall_one_cm":137803,"minecraft:horse_one_cm":456529}},"DataVersion":3465}