{"stats":{"minecraft:killed_by":{"minecraft:player":3,"minecraft:witch":1},"minecraft:broken":{"minecraft:iron_chestplate":1,"minecraft:iron_boots":1,"minecraft:iron_leggings":1,"aether:iron_gloves":1,"minecraft:shield":1,"minecraft:iron_sword":1,"minecraft:iron_pickaxe":3,"minecraft:iron_helmet":1},"minecraft:killed":{"irons_spellbooks:summoned_zombie":2,"minecraft:vindicator":8,"minecraft:spider":15,"minecraft:skeleton":34,"artifacts:mimic":4,"minecraft:pig":16,"minecraft:iron_golem":1,"minecraft:sheep":7,"minecraft:pillager":8,"minecraft:zombie":50,"minecraft:cow":7},"minecraft:picked_up":{"regions_unexplored:small_oak_log":30,"minecraft:cocoa_beans":12,"minecraft:crafting_table":12,"minecraft:anvil":1,"regions_unexplored:magnolia_log":2,"minecraft:lead":3,"ancient_elements:raw_palladium":4,"minecraft:string":22,"minecraft:iron_axe":1,"minecraft:raw_copper":29,"regions_unexplored:bamboo_sapling":10,"minecraft:cobbled_deepslate":86,"improvableskills:scroll_normal":1,"minecraft:spruce_planks":8,"artifacts:aqua_dashers":1,"minecraft:beef":14,"minecraft:jungle_sapling":3,"minecraft:poppy":3,"minecraft:iron_pickaxe":1,"minecraft:light_gray_wool":2,"regions_unexplored:redwood_planks":12,"minecraft:melon_slice":164,"minecraft:sugar_cane":5,"regions_unexplored:blackwood_log":1,"minecraft:furnace":10,"regions_unexplored:redwood_log":3,"minecraft:egg":5,"celestial_artifacts:catastrophe_scroll":1,"minecraft:stick":29,"minecraft:raw_iron":195,"apotheosis:gem":8,"improvableskills:parchment_fragment":1,"minecraft:torch":76,"minecraft:green_bed":11,"sophisticatedbackpacks:backpack":2,"alltheores:raw_tin_block":1,"minecraft:porkchop":33,"minecraft:cake":2,"minecraft:diorite":9,"regions_unexplored:purple_coneflower":4,"artifacts:snorkel":1,"minecraft:stone_sword":1,"minecraft:arrow":30,"minecraft:rotten_flesh":41,"regions_unexplored:mauve_sapling":2,"regions_unexplored:mauve_log":13,"minecraft:hay_block":80,"minecraft:saddle":1,"alltheores:raw_osmium":3,"minecraft:glow_berries":3,"minecraft:mutton":10,"minecraft:white_wool":5,"minecraft:cobblestone":677,"minecraft:cooked_beef":2,"minecraft:glow_ink_sac":2,"minecraft:andesite":29,"minecraft:jungle_log":21,"minecraft:leather":6,"artifacts:anglers_hat":1,"minecraft:tuff":7,"minecraft:lapis_lazuli":15,"minecraft:dirt":496,"regions_unexplored:small_oak_sapling":2,"minecraft:cooked_mutton":4,"minecraft:bone":14,"alltheores:raw_tin":68,"minecraft:apple":1,"minecraft:bow":2,"minecraft:wheat_seeds":11,"minecraft:raw_gold":14,"minecraft:iron_ingot":8,"minecraft:stone_pickaxe":2,"artifacts:kitty_slippers":1,"minecraft:moss_block":1,"minecraft:bamboo":20,"minecraft:gray_bed":1,"minecraft:iron_sword":2,"minecraft:oak_planks":4,"regions_unexplored:bamboo_log":101,"minecraft:cooked_porkchop":21,"alltheores:raw_lead":55,"minecraft:dandelion":5,"minecraft:gravel":11,"minecraft:amethyst_shard":16,"minecraft:spider_eye":9,"alltheores:raw_nickel":5,"cgm:stun_grenade":2,"artifacts:golden_hook":1,"minecraft:diamond":12,"minecraft:crossbow":1,"knightquest:small_essence":16,"minecraft:granite":29,"minecraft:emerald":9,"minecraft:lodestone":1,"minecraft:oak_sapling":4,"minecraft:coal":287},"minecraft:dropped":{"minecraft:iron_sword":1,"celestial_artifacts:catastrophe_scroll":1,"minecraft:wheat_seeds":8,"minecraft:cooked_porkchop":13,"minecraft:cobblestone":7,"minecraft:lead":2,"minecraft:granite":24,"minecraft:stick":7,"minecraft:dirt":26,"minecraft:diorite":6,"minecraft:melon_slice":64,"regions_unexplored:purple_coneflower":4,"regions_unexplored:redwood_log":2,"minecraft:iron_pickaxe":1,"regions_unexplored:mauve_sapling":1,"minecraft:paper":6,"minecraft:string":11,"minecraft:bone":3,"minecraft:gravel":7,"minecraft:stone_axe":1,"artifacts:kitty_slippers":1,"minecraft:stone_sword":2,"artifacts:aqua_dashers":1,"minecraft:tuff":1,"alltheores:raw_osmium":3,"minecraft:rotten_flesh":2,"minecraft:light_gray_wool":2,"regions_unexplored:mauve_log":6,"regions_unexplored:redwood_planks":4,"spartanweaponry:stone_boomerang":1,"minecraft:andesite":25,"apotheosis:gem":1,"minecraft:spider_eye":4,"knightquest:small_essence":3,"minecraft:bow":2,"minecraft:stone_pickaxe":3},"minecraft:used":{"minecraft:stone_sword":119,"minecraft:chest":4,"minecraft:shield":96,"minecraft:iron_sword":457,"minecraft:rotten_flesh":37,"minecraft:torch":96,"minecraft:dirt":455,"regions_unexplored:mauve_sapling":1,"minecraft:tuff":2,"minecraft:iron_hoe":84,"minecraft:furnace":13,"minecraft:cooked_beef":14,"minecraft:cobbled_deepslate":36,"regions_unexplored:blackwood_log":1,"minecraft:cooked_mutton":10,"minecraft:water_bucket":13,"minecraft:stone_pickaxe":17,"minecraft:oak_planks":6,"cgm:stun_grenade":2,"minecraft:wooden_pickaxe":34,"minecraft:diamond_axe":131,"minecraft:green_bed":11,"regions_unexplored:redwood_planks":4,"minecraft:crafting_table":15,"minecraft:crossbow":1,"minecraft:cake":2,"minecraft:apple":1,"minecraft:diamond_shovel":18,"minecraft:bread":52,"minecraft:iron_pickaxe":1005,"spartanweaponry:stone_boomerang":16,"minecraft:stone_axe":20,"minecraft:cobblestone":317,"minecraft:cooked_porkchop":31,"minecraft:andesite":3,"minecraft:bucket":13},"minecraft:mined":{"minecraft:tuff":7,"minecraft:spruce_planks":8,"minecraft:deepslate_diamond_ore":12,"alltheores:osmium_ore":3,"minecraft:sculk_vein":2,"regions_unexplored:magnolia_log":2,"minecraft:jungle_leaves":2,"minecraft:cave_vines_plant":1,"minecraft:granite":29,"minecraft:grass_block":25,"minecraft:jungle_log":21,"minecraft:moss_block":3,"minecraft:spawner":1,"regions_unexplored:bamboo_sapling":1,"minecraft:hay_block":80,"minecraft:furnace":10,"minecraft:iron_ore":87,"regions_unexplored:redwood_planks":4,"minecraft:andesite":29,"minecraft:anvil":1,"alltheores:lead_ore":55,"ancient_elements:palladium_ore":4,"minecraft:deepslate_iron_ore":14,"minecraft:vine":11,"regions_unexplored:medium_grass":13,"minecraft:bamboo":3,"regions_unexplored:small_oak_log":4,"regions_unexplored:windswept_grass":10,"minecraft:stone":376,"regions_unexplored:redwood_log":2,"alltheores:nickel_ore":5,"minecraft:green_bed":11,"minecraft:podzol":1,"minecraft:glass_pane":2,"minecraft:amethyst_cluster":4,"minecraft:dandelion":5,"minecraft:crafting_table":12,"minecraft:torch":31,"minecraft:poppy":3,"minecraft:melon":19,"regions_unexplored:blackwood_log":1,"minecraft:copper_ore":7,"minecraft:cobblestone":113,"regions_unexplored:mauve_log":7,"minecraft:deepslate_gold_ore":3,"alltheores:raw_tin_block":1,"minecraft:lapis_ore":3,"minecraft:oak_planks":4,"minecraft:sugar_cane":4,"regions_unexplored:bamboo_log":5,"minecraft:diorite":35,"minecraft:wall_torch":6,"regions_unexplored:sandy_tall_grass":1,"minecraft:gray_bed":1,"alltheores:tin_ore":68,"regions_unexplored:mauve_leaves":1,"regions_unexplored:sandy_grass":6,"minecraft:grass":24,"minecraft:coal_ore":61,"regions_unexplored:small_oak_sapling":1,"minecraft:gravel":1,"minecraft:dirt":54,"minecraft:lodestone":1,"minecraft:gold_ore":11,"minecraft:oak_leaves":11,"minecraft:deepslate":68,"minecraft:fern":7},"minecraft:crafted":{"minecraft:oak_planks":48,"minecraft:furnace":5,"minecraft:diamond_shovel":1,"minecraft:cooked_mutton":6,"alltheores:tin_ingot":10,"regions_unexplored:mauve_planks":4,"minecraft:iron_boots":2,"minecraft:iron_hoe":1,"minecraft:stone_pickaxe":1,"minecraft:chest":4,"sophisticatedbackpacks:iron_backpack":1,"minecraft:wheat":144,"spartanweaponry:stone_boomerang":1,"minecraft:cooked_beef":12,"minecraft:cooked_porkchop":23,"minecraft:crafting_table":3,"minecraft:wooden_pickaxe":1,"minecraft:iron_helmet":1,"minecraft:iron_sword":2,"minecraft:bucket":1,"minecraft:stone_axe":1,"minecraft:bread":49,"minecraft:air":0,"minecraft:jungle_planks":40,"regions_unexplored:redwood_planks":4,"minecraft:iron_chestplate":1,"minecraft:charcoal":7,"minecraft:shield":2,"minecraft:stick":20,"minecraft:iron_ingot":60,"minecraft:iron_pickaxe":3,"minecraft:stone_sword":1,"minecraft:iron_leggings":2,"minecraft:torch":24,"minecraft:diamond_chestplate":1},"minecraft:custom":{"minecraft:interact_with_smithing_table":1,"minecraft:mob_kills":156,"minecraft:interact_with_crafting_table":45,"minecraft:open_barrel":31,"minecraft:interact_with_campfire":14,"minecraft:eat_cake_slice":14,"minecraft:damage_dealt_resisted":100,"minecraft:leave_game":1,"minecraft:time_since_death":133,"minecraft:climb_one_cm":3145,"minecraft:damage_resisted":0,"minecraft:sprint_one_cm":767416,"minecraft:walk_one_cm":729052,"minecraft:damage_blocked_by_shield":5080,"minecraft:drop":56,"minecraft:damage_dealt_absorbed":120,"minecraft:talked_to_villager":1,"minecraft:play_time":326453,"minecraft:deaths":5,"minecraft:sneak_time":18933,"minecraft:walk_under_water_one_cm":26895,"minecraft:jump":6179,"minecraft:interact_with_blast_furnace":3,"minecraft:walk_on_water_one_cm":54362,"minecraft:total_world_time":326453,"minecraft:interact_with_furnace":77,"minecraft:sleep_in_bed":18,"minecraft:time_since_rest":164,"minecraft:damage_taken":8842,"minecraft:trigger_trapped_chest":1,"minecraft:damage_dealt":29348,"minecraft:swim_one_cm":92720,"minecraft:fly_one_cm":1171576,"minecraft:open_chest":92,"minecraft:crouch_one_cm":55931,"minecraft:interact_with_smoker":2,"minecraft:fall_one_cm":173339,"minecraft:horse_one_cm":682029}},"DataVersion":3465}