{"stats":{"minecraft:killed":{"minecraft:pig":4,"minecraft:skeleton":1,"minecraft:zombie":4},"minecraft:crafted":{"minecraft:oak_planks":36,"minecraft:cooked_porkchop":10,"minecraft:crafting_table":1,"minecraft:wooden_pickaxe":1,"minecraft:furnace":2,"minecraft:stone_axe":1,"minecraft:air":0,"minecraft:charcoal":7,"minecraft:shield":1,"minecraft:stick":8,"minecraft:iron_ingot":5,"minecraft:iron_pickaxe":1,"minecraft:stone_pickaxe":1,"minecraft:stone_sword":1,"minecraft:torch":4,"spartanweaponry:stone_boomerang":1},"minecraft:picked_up":{"regions_unexplored:small_oak_log":30,"minecraft:crafting_table":3,"minecraft:andesite":10,"minecraft:dirt":5,"regions_unexplored:small_oak_sapling":2,"alltheores:raw_tin":62,"minecraft:bone":1,"minecraft:apple":1,"minecraft:wheat_seeds":1,"minecraft:bamboo":8,"minecraft:sugar_cane":5,"regions_unexplored:redwood_log":2,"minecraft:furnace":2,"minecraft:stick":11,"celestial_artifacts:catastrophe_scroll":1,"minecraft:raw_iron":5,"alltheores:raw_lead":55,"minecraft:porkchop":10,"minecraft:rotten_flesh":3,"minecraft:granite":3,"minecraft:coal":10,"minecraft:cobblestone":46},"minecraft:custom":{"minecraft:interact_with_furnace":12,"minecraft:mob_kills":9,"minecraft:interact_with_crafting_table":7,"minecraft:time_since_death":29593,"minecraft:time_since_rest":29593,"minecraft:sprint_one_cm":48549,"minecraft:damage_taken":470,"minecraft:walk_one_cm":64763,"minecraft:damage_blocked_by_shield":340,"minecraft:drop":4,"minecraft:damage_dealt":1489,"minecraft:swim_one_cm":3791,"minecraft:fly_one_cm":29655,"minecraft:crouch_one_cm":13996,"minecraft:play_time":29593,"minecraft:sneak_time":5515,"minecraft:walk_under_water_one_cm":3523,"minecraft:jump":273,"minecraft:walk_on_water_one_cm":10702,"minecraft:total_world_time":29593,"minecraft:fall_one_cm":5790},"minecraft:used":{"minecraft:stone_sword":38,"minecraft:stone_pickaxe":17,"minecraft:oak_planks":2,"minecraft:wooden_pickaxe":34,"minecraft:shield":7,"minecraft:torch":4,"minecraft:dirt":2,"minecraft:crafting_table":4,"minecraft:iron_pickaxe":146,"minecraft:stone_axe":12,"minecraft:cobblestone":4,"minecraft:furnace":3,"minecraft:cooked_porkchop":5},"minecraft:dropped":{"celestial_artifacts:catastrophe_scroll":1,"regions_unexplored:redwood_log":2,"minecraft:iron_pickaxe":1},"minecraft:mined":{"minecraft:podzol":1,"minecraft:crafting_table":3,"minecraft:granite":3,"minecraft:grass_block":3,"minecraft:sugar_cane":4,"minecraft:furnace":2,"minecraft:iron_ore":5,"minecraft:andesite":10,"alltheores:tin_ore":62,"alltheores:lead_ore":55,"minecraft:coal_ore":10,"regions_unexplored:small_oak_sapling":1,"minecraft:dirt":1,"regions_unexplored:medium_grass":5,"minecraft:bamboo":1,"regions_unexplored:small_oak_log":4,"minecraft:stone":46,"regions_unexplored:redwood_log":1,"regions_unexplored:windswept_grass":2}},"DataVersion":3465}