{"stats":{"minecraft:killed":{"minecraft:pig":4,"minecraft:spider":5,"minecraft:skeleton":4,"minecraft:zombie":18},"minecraft:crafted":{"minecraft:oak_planks":36,"minecraft:cooked_porkchop":10,"minecraft:crafting_table":2,"minecraft:iron_helmet":1,"minecraft:wooden_pickaxe":1,"minecraft:iron_sword":1,"minecraft:furnace":2,"minecraft:bucket":1,"minecraft:stone_axe":1,"minecraft:air":0,"alltheores:tin_ingot":10,"minecraft:iron_chestplate":1,"minecraft:iron_boots":1,"minecraft:charcoal":7,"minecraft:shield":1,"minecraft:stick":8,"minecraft:iron_ingot":51,"minecraft:iron_pickaxe":3,"minecraft:stone_pickaxe":1,"minecraft:stone_sword":1,"minecraft:iron_leggings":1,"minecraft:torch":20,"spartanweaponry:stone_boomerang":1},"minecraft:picked_up":{"regions_unexplored:small_oak_log":30,"minecraft:crafting_table":7,"minecraft:glow_ink_sac":2,"minecraft:andesite":21,"minecraft:tuff":1,"minecraft:lapis_lazuli":11,"minecraft:string":4,"minecraft:dirt":5,"regions_unexplored:small_oak_sapling":2,"alltheores:raw_tin":62,"minecraft:bone":4,"minecraft:apple":1,"minecraft:wheat_seeds":2,"minecraft:cobbled_deepslate":5,"minecraft:raw_gold":11,"minecraft:iron_pickaxe":1,"minecraft:bamboo":8,"minecraft:sugar_cane":5,"minecraft:oak_planks":4,"regions_unexplored:redwood_log":2,"minecraft:furnace":6,"minecraft:stick":11,"celestial_artifacts:catastrophe_scroll":1,"minecraft:raw_iron":139,"alltheores:raw_lead":55,"minecraft:torch":7,"sophisticatedbackpacks:backpack":1,"minecraft:gravel":6,"minecraft:porkchop":10,"alltheores:raw_nickel":3,"minecraft:arrow":2,"minecraft:rotten_flesh":22,"minecraft:diamond":1,"knightquest:small_essence":4,"minecraft:granite":24,"minecraft:coal":169,"minecraft:cobblestone":151},"minecraft:custom":{"minecraft:interact_with_furnace":43,"minecraft:mob_kills":33,"minecraft:interact_with_crafting_table":21,"minecraft:damage_dealt_resisted":100,"minecraft:time_since_death":71593,"minecraft:time_since_rest":71593,"minecraft:sprint_one_cm":101956,"minecraft:damage_taken":1222,"minecraft:walk_one_cm":167966,"minecraft:damage_blocked_by_shield":1670,"minecraft:drop":8,"minecraft:damage_dealt":5698,"minecraft:damage_dealt_absorbed":40,"minecraft:swim_one_cm":5724,"minecraft:fly_one_cm":69432,"minecraft:crouch_one_cm":27020,"minecraft:play_time":71593,"minecraft:sneak_time":10495,"minecraft:walk_under_water_one_cm":8129,"minecraft:jump":771,"minecraft:walk_on_water_one_cm":22719,"minecraft:total_world_time":71593,"minecraft:fall_one_cm":16628},"minecraft:used":{"minecraft:water_bucket":6,"minecraft:stone_sword":119,"minecraft:stone_pickaxe":17,"minecraft:oak_planks":6,"minecraft:wooden_pickaxe":34,"minecraft:shield":33,"minecraft:iron_sword":11,"minecraft:rotten_flesh":10,"minecraft:torch":24,"minecraft:dirt":2,"minecraft:crafting_table":8,"minecraft:apple":1,"minecraft:iron_pickaxe":490,"spartanweaponry:stone_boomerang":4,"minecraft:stone_axe":20,"minecraft:cobblestone":62,"minecraft:furnace":6,"minecraft:cooked_porkchop":10,"minecraft:bucket":7},"minecraft:dropped":{"celestial_artifacts:catastrophe_scroll":1,"minecraft:wheat_seeds":2,"regions_unexplored:redwood_log":2,"minecraft:iron_pickaxe":1,"minecraft:string":4,"minecraft:bone":2},"minecraft:mined":{"minecraft:podzol":1,"minecraft:tuff":1,"minecraft:deepslate_diamond_ore":1,"minecraft:crafting_table":7,"minecraft:torch":3,"minecraft:granite":24,"minecraft:grass_block":3,"minecraft:cobblestone":17,"minecraft:lapis_ore":2,"minecraft:oak_planks":4,"minecraft:sugar_cane":4,"minecraft:diorite":26,"minecraft:wall_torch":3,"minecraft:furnace":6,"minecraft:iron_ore":84,"minecraft:andesite":21,"alltheores:tin_ore":62,"alltheores:lead_ore":55,"minecraft:coal_ore":61,"minecraft:deepslate_iron_ore":11,"minecraft:gravel":1,"regions_unexplored:small_oak_sapling":1,"minecraft:dirt":1,"regions_unexplored:medium_grass":5,"minecraft:bamboo":1,"regions_unexplored:small_oak_log":4,"minecraft:stone":142,"regions_unexplored:redwood_log":1,"alltheores:nickel_ore":3,"regions_unexplored:windswept_grass":2,"minecraft:gold_ore":11,"minecraft:deepslate":5},"minecraft:broken":{"minecraft:iron_pickaxe":1}},"DataVersion":3465}