{"stats":{"minecraft:killed":{"minecraft:zombie":4,"born_in_chaos_v1:dark_vortex":1,"minecraft:spider":2,"alexsmobs:fly":1,"minecraft:cow":2,"born_in_chaos_v1:maggot":6},"minecraft:mined":{"minecraft:pink_petals":3,"minecraft:white_bed":1,"minecraft:spruce_sapling":1,"minecraft:furnace":1,"minecraft:iron_ore":11,"minecraft:spruce_log":1,"minecraft:cherry_log":3,"minecraft:crafting_table":2,"minecraft:oak_log":25,"minecraft:coal_ore":35,"minecraft:tall_grass":1,"minecraft:spruce_leaves":1,"minecraft:stone":47},"minecraft:crafted":{"minecraft:cooked_beef":12,"minecraft:oak_planks":28,"minecraft:shield":1,"minecraft:crafting_table":1,"minecraft:stick":20,"minecraft:wooden_pickaxe":1,"minecraft:iron_ingot":7,"minecraft:iron_pickaxe":1,"minecraft:stone_pickaxe":1,"minecraft:furnace":1,"minecraft:white_bed":1,"minecraft:torch":48,"minecraft:stone_axe":1,"minecraft:shears":1,"minecraft:air":0},"minecraft:used":{"minecraft:apple":1,"minecraft:stone_pickaxe":49,"minecraft:iron_pickaxe":42,"minecraft:shield":5,"minecraft:wooden_pickaxe":3,"minecraft:stone_axe":66,"minecraft:torch":6,"minecraft:cobblestone":19,"minecraft:crafting_table":2,"minecraft:furnace":1,"minecraft:white_bed":1,"minecraft:cooked_beef":3},"minecraft:custom":{"minecraft:time_since_rest":7946,"minecraft:interact_with_furnace":14,"minecraft:sprint_one_cm":76668,"minecraft:damage_taken":135,"minecraft:walk_one_cm":44075,"minecraft:damage_blocked_by_shield":120,"minecraft:mob_kills":17,"minecraft:damage_dealt":2466,"minecraft:interact_with_crafting_table":11,"minecraft:fly_one_cm":91717,"minecraft:crouch_one_cm":5274,"minecraft:play_time":23458,"minecraft:sneak_time":1678,"minecraft:jump":487,"minecraft:leave_game":1,"minecraft:time_since_death":23458,"minecraft:sleep_in_bed":2,"minecraft:total_world_time":23458,"minecraft:fall_one_cm":14215},"minecraft:picked_up":{"minecraft:stick":15,"born_in_chaos_v1:corpse_maggot":3,"minecraft:pink_petals":10,"minecraft:crafting_table":2,"minecraft:raw_iron":11,"minecraft:leather":4,"born_in_chaos_v1:ethereal_spirit":1,"born_in_chaos_v1:dark_rod":1,"minecraft:spruce_sapling":8,"minecraft:oak_log":39,"minecraft:cherry_log":10,"minecraft:white_bed":1,"minecraft:spruce_log":13,"minecraft:spider_eye":1,"minecraft:string":2,"minecraft:bone":1,"minecraft:rotten_flesh":2,"minecraft:apple":2,"minecraft:beef":5,"minecraft:cherry_sapling":4,"minecraft:oak_sapling":10,"minecraft:coal":35,"minecraft:white_wool":5,"minecraft:cobblestone":51,"minecraft:furnace":1}},"DataVersion":3465}