{"stats":{"minecraft:killed":{"born_in_chaos_v1:zombie_lumberjack":1,"born_in_chaos_v1:baby_skeleton":1,"minecraft:spider":8,"born_in_chaos_v1:maggot":8,"minecraft:skeleton":6,"born_in_chaos_v1:bloody_gadfly":2,"minecraft:zombie":8,"born_in_chaos_v1:dread_hound":2,"born_in_chaos_v1:corpse_fly":4,"born_in_chaos_v1:dark_vortex":1,"alexsmobs:fly":1,"born_in_chaos_v1:corpse_fish":3,"born_in_chaos_v1:supreme_bonescaller_stage_2":1,"minecraft:cow":2},"minecraft:used":{"minecraft:stone_pickaxe":54,"minecraft:wooden_pickaxe":3,"minecraft:shield":52,"minecraft:iron_sword":1,"minecraft:cooked_chicken":1,"minecraft:torch":78,"minecraft:dirt":15,"minecraft:crafting_table":4,"sons_of_sins:remnant_boots":1,"minecraft:white_bed":1,"minecraft:granite":3,"sons_of_sins:flesh_sword":32,"born_in_chaos_v1:corpse_maggot":12,"minecraft:apple":1,"sons_of_sins:remnant_helmet":1,"minecraft:iron_pickaxe":104,"minecraft:stone_axe":123,"sons_of_sins:remnant_leggings":1,"minecraft:cobblestone":39,"minecraft:furnace":2,"minecraft:cooked_porkchop":1,"minecraft:cooked_beef":8,"minecraft:iron_leggings":1},"minecraft:custom":{"minecraft:interact_with_furnace":34,"minecraft:mob_kills":49,"minecraft:interact_with_crafting_table":21,"minecraft:damage_dealt_resisted":416,"minecraft:leave_game":3,"minecraft:time_since_death":60615,"minecraft:sleep_in_bed":2,"minecraft:time_since_rest":45103,"minecraft:sprint_one_cm":155094,"minecraft:damage_taken":873,"minecraft:walk_one_cm":113465,"minecraft:damage_blocked_by_shield":1295,"minecraft:drop":2,"minecraft:damage_dealt":7911,"minecraft:damage_dealt_absorbed":121,"minecraft:swim_one_cm":3514,"minecraft:fly_one_cm":222945,"minecraft:open_chest":28,"minecraft:crouch_one_cm":10697,"minecraft:play_time":60615,"minecraft:sneak_time":3455,"minecraft:walk_under_water_one_cm":1035,"minecraft:jump":1237,"minecraft:walk_on_water_one_cm":3275,"minecraft:total_world_time":60615,"minecraft:fall_one_cm":43899},"minecraft:picked_up":{"minecraft:birch_log":7,"minecraft:pink_petals":19,"born_in_chaos_v1:corpse_maggot":12,"minecraft:crafting_table":4,"minecraft:water_bucket":1,"born_in_chaos_v1:spiritual_dust":2,"born_in_chaos_v1:seedof_chaos":2,"minecraft:leather":4,"minecraft:potion":1,"minecraft:oak_log":41,"born_in_chaos_v1:bloody_gadfly_eye":1,"minecraft:dirt":30,"minecraft:string":6,"born_in_chaos_v1:monster_skin":2,"minecraft:bone":7,"minecraft:apple":2,"minecraft:wheat_seeds":2,"minecraft:beef":5,"born_in_chaos_v1:gnawed_bones":4,"minecraft:birch_sapling":3,"minecraft:furnace":1,"minecraft:stick":17,"minecraft:raw_iron":53,"born_in_chaos_v1:orbofthe_summoner":1,"born_in_chaos_v1:ethereal_spirit":1,"born_in_chaos_v1:dark_rod":1,"minecraft:cherry_log":10,"minecraft:spruce_sapling":8,"minecraft:white_bed":1,"minecraft:spruce_log":13,"sons_of_sins:ether_ashes":16,"minecraft:spider_eye":3,"minecraft:rotten_flesh":3,"minecraft:arrow":1,"minecraft:iron_block":2,"minecraft:granite":3,"minecraft:bone_meal":2,"minecraft:cherry_sapling":4,"born_in_chaos_v1:rotten_fish":3,"minecraft:oak_sapling":11,"minecraft:coal":44,"minecraft:white_wool":5,"minecraft:cobblestone":68},"minecraft:crafted":{"sons_of_sins:remnant_helmet":1,"minecraft:cooked_beef":12,"sons_of_sins:soul_steel":14,"minecraft:oak_planks":40,"sophisticatedbackpacks:backpack":1,"minecraft:cooked_porkchop":1,"minecraft:crafting_table":2,"minecraft:wooden_pickaxe":1,"minecraft:cooked_chicken":1,"sons_of_sins:iron_and_ether":20,"minecraft:furnace":1,"minecraft:stone_axe":2,"minecraft:air":0,"minecraft:shield":1,"sons_of_sins:remnant_leggings":1,"sons_of_sins:remnant_boots":1,"minecraft:stick":24,"minecraft:iron_ingot":25,"minecraft:iron_pickaxe":1,"minecraft:stone_pickaxe":1,"minecraft:chest":1,"minecraft:white_bed":1,"minecraft:torch":116,"minecraft:shears":1},"minecraft:broken":{"minecraft:stone_axe":1},"minecraft:mined":{"minecraft:white_bed":1,"minecraft:cherry_log":3,"minecraft:crafting_table":4,"minecraft:tall_grass":6,"minecraft:spruce_leaves":1,"minecraft:birch_sapling":1,"minecraft:pink_petals":6,"minecraft:spruce_sapling":1,"minecraft:furnace":1,"minecraft:iron_ore":53,"minecraft:spruce_log":1,"minecraft:grass":5,"minecraft:oak_log":25,"minecraft:coal_ore":43,"minecraft:stone":64},"minecraft:dropped":{"minecraft:rotten_flesh":2,"born_in_chaos_v1:gnawed_bones":2}},"DataVersion":3465}