{"stats":{"minecraft:killed":{"born_in_chaos_v1:zombie_clown":1,"born_in_chaos_v1:restless_spirit":1,"born_in_chaos_v1:zombie_lumberjack":1,"minecraft:spider":13,"born_in_chaos_v1:siamese_skeletonsright":1,"born_in_chaos_v1:maggot":14,"minecraft:skeleton":8,"born_in_chaos_v1:corpse_fish":3,"born_in_chaos_v1:supreme_bonescaller_stage_2":1,"born_in_chaos_v1:barrel_zombie":1,"born_in_chaos_v1:baby_skeleton":1,"born_in_chaos_v1:decrepit_skeleton":2,"born_in_chaos_v1:bloody_gadfly":3,"sons_of_sins:betrayed_guzzler":1,"minecraft:zombie":57,"born_in_chaos_v1:dread_hound":3,"born_in_chaos_v1:corpse_fly":4,"born_in_chaos_v1:dark_vortex":1,"alexsmobs:fly":3,"minecraft:cow":2},"minecraft:killed_by":{"born_in_chaos_v1:nightmare_stalker":1},"minecraft:used":{"minecraft:iron_shovel":49,"minecraft:chest":1,"minecraft:shield":65,"minecraft:iron_sword":1,"minecraft:stone_hoe":129,"minecraft:cooked_chicken":1,"minecraft:iron_chestplate":1,"minecraft:torch":112,"minecraft:dirt":80,"sons_of_sins:remnant_boots":1,"minecraft:carrot":2,"minecraft:granite":3,"born_in_chaos_v1:corpse_maggot":12,"sons_of_sins:remnant_helmet":2,"minecraft:oak_sapling":6,"minecraft:furnace":2,"minecraft:cooked_beef":12,"minecraft:turtle_egg":1,"minecraft:iron_leggings":1,"minecraft:wheat_seeds":240,"minecraft:water_bucket":4,"minecraft:cobblestone_stairs":37,"minecraft:stone_pickaxe":336,"minecraft:wooden_pickaxe":3,"sons_of_sins:remnant_chestplate":1,"minecraft:crafting_table":7,"minecraft:white_bed":1,"sons_of_sins:flesh_sword":262,"minecraft:apple":1,"minecraft:bread":5,"minecraft:iron_pickaxe":251,"minecraft:stone_axe":138,"sons_of_sins:remnant_leggings":2,"minecraft:cobblestone":132,"minecraft:cooked_porkchop":1,"minecraft:bucket":4,"minecraft:dandelion":1},"minecraft:custom":{"minecraft:mob_kills":125,"minecraft:interact_with_crafting_table":33,"minecraft:damage_dealt_resisted":975,"minecraft:leave_game":3,"minecraft:time_since_death":52648,"minecraft:sprint_one_cm":398091,"minecraft:walk_one_cm":341165,"minecraft:damage_blocked_by_shield":1810,"minecraft:drop":8,"minecraft:damage_dealt_absorbed":202,"minecraft:play_time":132615,"minecraft:deaths":1,"minecraft:sneak_time":5569,"minecraft:walk_under_water_one_cm":1035,"minecraft:jump":2836,"minecraft:walk_on_water_one_cm":9567,"minecraft:total_world_time":132615,"minecraft:interact_with_furnace":41,"minecraft:sleep_in_bed":2,"minecraft:time_since_rest":52676,"minecraft:damage_taken":1556,"minecraft:damage_dealt":21021,"minecraft:swim_one_cm":3514,"minecraft:fly_one_cm":511530,"minecraft:open_chest":65,"minecraft:crouch_one_cm":13683,"minecraft:fall_one_cm":112322},"minecraft:picked_up":{"minecraft:seagrass":2,"minecraft:crafting_table":6,"minecraft:wheat":66,"born_in_chaos_v1:seedof_chaos":4,"minecraft:turtle_egg":1,"minecraft:potion":1,"born_in_chaos_v1:bloody_gadfly_eye":1,"minecraft:shield":1,"minecraft:string":12,"born_in_chaos_v1:intoxicating_decoction":2,"minecraft:sea_pickle":1,"sons_of_sins:ether_sword":1,"sons_of_sins:flesh_sword":3,"sons_of_sins:remnant_helmet":2,"minecraft:beef":5,"born_in_chaos_v1:gnawed_bones":4,"minecraft:wooden_shovel":1,"minecraft:iron_pickaxe":1,"born_in_chaos_v1:stimulating_decoction":2,"minecraft:birch_sapling":3,"minecraft:furnace":1,"minecraft:raw_iron":53,"minecraft:stick":24,"minecraft:torch":17,"sophisticatedbackpacks:backpack":1,"minecraft:cherry_log":20,"minecraft:carrot":2,"sons_of_sins:ether_ashes":157,"minecraft:arrow":5,"minecraft:rotten_flesh":63,"minecraft:tropical_fish":2,"minecraft:iron_block":2,"minecraft:white_wool":5,"minecraft:cobblestone":476,"born_in_chaos_v1:fused_bone":1,"minecraft:birch_log":7,"born_in_chaos_v1:corpse_maggot":21,"minecraft:pink_petals":20,"minecraft:cooked_beef":2,"born_in_chaos_v1:monster_flesh":1,"born_in_chaos_v1:spiritual_dust":2,"minecraft:water_bucket":1,"minecraft:leather":4,"sons_of_sins:urn":1,"minecraft:oak_log":61,"minecraft:gunpowder":2,"minecraft:cobblestone_stairs":1,"minecraft:dirt":163,"sons_of_sins:remnant_boots":1,"born_in_chaos_v1:monster_skin":2,"minecraft:bone":11,"minecraft:apple":3,"minecraft:wheat_seeds":240,"born_in_chaos_v1:orbofthe_summoner":1,"born_in_chaos_v1:ethereal_spirit":3,"minecraft:dandelion":1,"minecraft:gravel":6,"born_in_chaos_v1:dark_rod":1,"minecraft:spruce_sapling":16,"sophisticatedbackpacks:iron_backpack":1,"minecraft:spruce_log":13,"minecraft:white_bed":1,"minecraft:mossy_cobblestone":18,"minecraft:spider_eye":5,"sons_of_sins:flesh_of_demise":2,"minecraft:granite":3,"minecraft:cherry_sapling":4,"minecraft:bone_meal":2,"alexsmobs:maggot":4,"minecraft:oak_sapling":17,"born_in_chaos_v1:rotten_fish":3,"sons_of_sins:remnant_leggings":1,"sons_of_sins:flesh_pickaxe":1,"minecraft:coal":51},"minecraft:crafted":{"sons_of_sins:remnant_helmet":1,"minecraft:oak_planks":60,"minecraft:cooked_chicken":1,"minecraft:furnace":1,"sons_of_sins:remnant_chestplate":1,"minecraft:cobblestone_stairs":40,"minecraft:stone_pickaxe":3,"minecraft:chest":2,"minecraft:stone_hoe":2,"minecraft:cooked_beef":12,"sons_of_sins:soul_steel":20,"sophisticatedbackpacks:backpack":1,"minecraft:cooked_porkchop":1,"minecraft:crafting_table":4,"minecraft:wooden_pickaxe":1,"sons_of_sins:iron_and_ether":20,"minecraft:stone_axe":3,"minecraft:bread":22,"minecraft:air":0,"minecraft:shield":1,"sons_of_sins:remnant_leggings":1,"sons_of_sins:remnant_boots":1,"minecraft:stick":32,"minecraft:iron_ingot":26,"minecraft:iron_pickaxe":2,"minecraft:white_bed":1,"minecraft:torch":136,"minecraft:shears":1},"minecraft:broken":{"minecraft:stone_pickaxe":2,"minecraft:stone_axe":1,"minecraft:iron_pickaxe":1},"minecraft:mined":{"minecraft:oak_sapling":1,"minecraft:white_bed":1,"minecraft:mossy_cobblestone":17,"minecraft:cobblestone_stairs":1,"minecraft:cherry_log":3,"minecraft:grass_block":49,"minecraft:spruce_leaves":1,"minecraft:spruce_sapling":1,"minecraft:furnace":1,"minecraft:carrots":1,"minecraft:iron_ore":53,"minecraft:turtle_egg":1,"minecraft:stone":365,"minecraft:crafting_table":6,"minecraft:torch":7,"minecraft:tall_grass":64,"minecraft:cobblestone":103,"minecraft:wall_torch":7,"minecraft:birch_sapling":1,"minecraft:pink_petals":7,"minecraft:wheat":69,"minecraft:spruce_log":1,"minecraft:grass":425,"minecraft:coal_ore":47,"minecraft:oak_log":27,"minecraft:gravel":1,"minecraft:dirt":1,"minecraft:oak_leaves":4},"minecraft:dropped":{"minecraft:water_bucket":1,"sons_of_sins:flesh_sword":1,"sons_of_sins:ether_sword":1,"born_in_chaos_v1:gnawed_bones":2,"minecraft:string":4,"alexsmobs:maggot":1,"sons_of_sins:remnant_helmet":1,"minecraft:rotten_flesh":2}},"DataVersion":3465}