{"stats":{"minecraft:crafted":{"sons_of_sins:remnant_helmet":1,"minecraft:oak_planks":76,"minecraft:coal":17,"minecraft:cooked_chicken":1,"minecraft:furnace":1,"sons_of_sins:remnant_chestplate":2,"minecraft:cobblestone_stairs":40,"minecraft:stone_pickaxe":5,"minecraft:chest":2,"minecraft:dark_oak_planks":4,"minecraft:stone_hoe":2,"sons_of_sins:shape_shifting_tool":1,"minecraft:cooked_beef":12,"sons_of_sins:ether_sword":1,"sons_of_sins:soul_steel":20,"minecraft:emerald":16,"sophisticatedbackpacks:backpack":1,"minecraft:cooked_porkchop":1,"minecraft:crafting_table":6,"minecraft:wooden_pickaxe":1,"sons_of_sins:iron_and_ether":20,"sophisticatedbackpacks:gold_backpack":1,"minecraft:stone_axe":4,"minecraft:bread":154,"minecraft:air":0,"minecraft:white_wool":3,"minecraft:shield":1,"sons_of_sins:remnant_boots":1,"sons_of_sins:remnant_leggings":1,"minecraft:stick":60,"minecraft:iron_ingot":125,"minecraft:iron_pickaxe":2,"minecraft:white_bed":2,"minecraft:torch":292,"minecraft:sponge":1,"minecraft:shears":1},"minecraft:used":{"minecraft:dead_tube_coral_block":1,"minecraft:iron_shovel":49,"minecraft:chest":6,"minecraft:shield":95,"minecraft:iron_sword":1,"minecraft:wooden_shovel":82,"minecraft:cooked_chicken":1,"minecraft:stone_hoe":129,"minecraft:iron_chestplate":1,"minecraft:torch":365,"minecraft:dirt":156,"sons_of_sins:remnant_boots":1,"minecraft:carrot":168,"minecraft:snowball":16,"minecraft:tuff":4,"minecraft:granite":3,"born_in_chaos_v1:corpse_maggot":12,"sons_of_sins:remnant_helmet":2,"minecraft:bow":9,"minecraft:oak_sapling":12,"minecraft:furnace":2,"minecraft:potato":14,"minecraft:cooked_beef":12,"minecraft:cobbled_deepslate":32,"minecraft:turtle_egg":1,"minecraft:wheat_seeds":576,"minecraft:iron_leggings":1,"minecraft:water_bucket":4,"minecraft:cobblestone_stairs":39,"minecraft:stone_pickaxe":584,"minecraft:wooden_pickaxe":3,"minecraft:cauldron":1,"sons_of_sins:urn":1,"sons_of_sins:remnant_chestplate":2,"minecraft:crafting_table":9,"minecraft:white_bed":2,"sons_of_sins:ether_sword":179,"sons_of_sins:flesh_sword":644,"minecraft:apple":1,"minecraft:bread":53,"minecraft:iron_pickaxe":501,"minecraft:gravel":1,"minecraft:stone_axe":214,"sons_of_sins:remnant_leggings":2,"minecraft:cobblestone":249,"minecraft:chain":1,"minecraft:bucket":4,"minecraft:cooked_porkchop":1,"minecraft:dandelion":1,"minecraft:bone_meal":1},"minecraft:broken":{"minecraft:stone_pickaxe":4,"minecraft:stone_axe":1,"minecraft:iron_pickaxe":2},"minecraft:picked_up":{"minecraft:seagrass":2,"minecraft:crafting_table":7,"minecraft:iron_chestplate":1,"minecraft:wheat":463,"artifacts:night_vision_goggles":1,"born_in_chaos_v1:seedof_chaos":4,"born_in_chaos_v1:charmof_resistance":1,"minecraft:turtle_egg":1,"minecraft:potion":2,"born_in_chaos_v1:bloody_gadfly_eye":2,"minecraft:chain":18,"minecraft:brewing_stand":1,"minecraft:shield":1,"sons_of_sins:soul_steel":12,"minecraft:string":59,"minecraft:dead_tube_coral_block":1,"minecraft:raw_copper":5,"born_in_chaos_v1:intoxicating_decoction":2,"minecraft:sea_pickle":1,"sons_of_sins:ether_sword":2,"sons_of_sins:flesh_sword":3,"minecraft:cobbled_deepslate":68,"sons_of_sins:remnant_helmet":4,"minecraft:beef":5,"sons_of_sins:crystallized_ether":15,"born_in_chaos_v1:gnawed_bones":4,"minecraft:wooden_shovel":1,"minecraft:iron_pickaxe":1,"born_in_chaos_v1:stimulating_decoction":2,"minecraft:melon_slice":2,"minecraft:chest":5,"minecraft:birch_sapling":3,"sons_of_sins:sickle_of_struggle":2,"minecraft:furnace":1,"minecraft:phantom_membrane":1,"minecraft:iron_boots":1,"minecraft:egg":1,"minecraft:tipped_arrow":4,"minecraft:raw_iron":105,"minecraft:stick":46,"minecraft:torch":107,"sophisticatedbackpacks:backpack":2,"born_in_chaos_v1:pileof_dark_metal":1,"minecraft:cherry_log":20,"minecraft:diorite":12,"born_in_chaos_v1:pieceofdarkmetal":7,"minecraft:carrot":135,"minecraft:redstone":27,"minecraft:cauldron":1,"sons_of_sins:ether_ashes":401,"sons_of_sins:flesh_shovel":1,"minecraft:arrow":28,"minecraft:rotten_flesh":199,"minecraft:tropical_fish":2,"minecraft:iron_block":4,"sons_of_sins:bottle_of_blood":1,"minecraft:gold_ingot":11,"sophisticatedbackpacks:copper_backpack":2,"sons_of_sins:shape_shifting_tool":1,"minecraft:cod":1,"minecraft:snowball":32,"minecraft:white_wool":5,"minecraft:cobblestone":1143,"born_in_chaos_v1:staffof_magic_arrows":1,"born_in_chaos_v1:fused_bone":1,"minecraft:birch_log":7,"minecraft:pink_petals":24,"born_in_chaos_v1:corpse_maggot":40,"minecraft:glow_ink_sac":9,"minecraft:cooked_beef":2,"born_in_chaos_v1:monster_flesh":8,"minecraft:water_bucket":1,"born_in_chaos_v1:spiritual_dust":7,"minecraft:andesite":5,"minecraft:leather":13,"minecraft:potato":15,"sons_of_sins:urn":3,"minecraft:flint":4,"minecraft:tuff":4,"minecraft:oak_log":103,"minecraft:gunpowder":4,"minecraft:cobblestone_stairs":3,"minecraft:lapis_lazuli":23,"minecraft:dirt":295,"minecraft:lantern":4,"sons_of_sins:remnant_boots":3,"born_in_chaos_v1:monster_skin":2,"minecraft:bone":74,"minecraft:apple":4,"minecraft:bow":5,"minecraft:wheat_seeds":1283,"minecraft:raw_gold":24,"sons_of_sins:remnant_chestplate":2,"minecraft:iron_ingot":119,"minecraft:oak_planks":7,"minecraft:iron_sword":1,"minecraft:book":144,"born_in_chaos_v1:death_totem":1,"born_in_chaos_v1:orbofthe_summoner":3,"born_in_chaos_v1:ethereal_spirit":9,"minecraft:dandelion":1,"minecraft:gravel":41,"born_in_chaos_v1:dark_rod":1,"minecraft:spruce_sapling":16,"sophisticatedbackpacks:iron_backpack":1,"minecraft:white_bed":1,"minecraft:spruce_log":13,"sons_of_sins:flesh_of_demise":2,"minecraft:spider_eye":11,"minecraft:dark_oak_log":5,"minecraft:mossy_cobblestone":18,"sons_of_sins:flesh_axe":2,"minecraft:diamond":6,"minecraft:scute":1,"minecraft:granite":10,"minecraft:diamond_axe":1,"minecraft:bone_meal":4,"minecraft:cherry_sapling":4,"alexsmobs:maggot":7,"minecraft:oak_sapling":23,"born_in_chaos_v1:rotten_fish":5,"sons_of_sins:remnant_leggings":1,"sons_of_sins:flesh_pickaxe":2,"minecraft:coal":91,"minecraft:ender_pearl":1},"minecraft:killed":{"born_in_chaos_v1:zombie_clown":1,"born_in_chaos_v1:restless_spirit":3,"born_in_chaos_v1:zombie_lumberjack":1,"minecraft:spider":17,"born_in_chaos_v1:siamese_skeletonsright":1,"minecraft:phantom":1,"born_in_chaos_v1:maggot":38,"minecraft:skeleton":15,"born_in_chaos_v1:corpse_fish":3,"born_in_chaos_v1:supreme_bonescaller_stage_2":2,"born_in_chaos_v1:barrel_zombie":2,"born_in_chaos_v1:spiritof_chaos":1,"born_in_chaos_v1:bone_imp_minion":6,"minecraft:zombie_villager":2,"born_in_chaos_v1:baby_skeleton":1,"minecraft:bat":1,"minecraft:creeper":3,"born_in_chaos_v1:decrepit_skeleton":5,"born_in_chaos_v1:bloody_gadfly":3,"minecraft:zombie":168,"sons_of_sins:betrayed_guzzler":1,"born_in_chaos_v1:dread_hound":3,"born_in_chaos_v1:corpse_fly":4,"born_in_chaos_v1:dark_vortex":1,"minecraft:stray":5,"alexsmobs:fly":7,"minecraft:enderman":1,"minecraft:cow":2},"minecraft:killed_by":{"born_in_chaos_v1:nightmare_stalker":1},"minecraft:mined":{"minecraft:tuff":4,"born_in_chaos_v1:black_argillite_column_n":1,"minecraft:white_bed":1,"minecraft:oak_sapling":2,"minecraft:mossy_cobblestone":17,"minecraft:deepslate_diamond_ore":1,"minecraft:sculk_vein":2,"minecraft:cobblestone_stairs":4,"minecraft:cherry_log":3,"minecraft:dark_oak_log":1,"minecraft:brewing_stand":1,"minecraft:granite":1,"minecraft:grass_block":68,"minecraft:dead_tube_coral_block":1,"minecraft:spruce_leaves":1,"minecraft:sculk_catalyst":1,"minecraft:spruce_sapling":1,"minecraft:furnace":1,"minecraft:carrots":39,"minecraft:iron_ore":94,"minecraft:turtle_egg":1,"minecraft:andesite":1,"minecraft:deepslate_lapis_ore":3,"minecraft:bookshelf":48,"minecraft:potatoes":3,"minecraft:water_cauldron":1,"minecraft:deepslate_iron_ore":11,"minecraft:lantern":4,"minecraft:packed_ice":2,"minecraft:iron_block":2,"minecraft:stone":772,"minecraft:deepslate_redstone_ore":6,"minecraft:snow_block":4,"minecraft:powder_snow":12,"minecraft:crafting_table":6,"minecraft:torch":16,"minecraft:chest":5,"minecraft:tall_grass":72,"minecraft:cobblestone":121,"minecraft:deepslate_gold_ore":23,"minecraft:sculk":1,"minecraft:oak_planks":7,"sons_of_sins:urn_block":1,"minecraft:diorite":8,"minecraft:wall_torch":10,"minecraft:birch_sapling":1,"minecraft:pink_petals":7,"minecraft:chain":14,"minecraft:wheat":469,"minecraft:spruce_log":1,"minecraft:grass":447,"minecraft:coal_ore":82,"minecraft:oak_log":32,"minecraft:gravel":12,"minecraft:dirt":38,"minecraft:cobweb":18,"minecraft:deepslate":61,"minecraft:oak_leaves":5},"minecraft:dropped":{"minecraft:water_bucket":1,"minecraft:iron_ingot":78,"minecraft:bread":17,"sons_of_sins:flesh_sword":1,"minecraft:iron_sword":1,"sons_of_sins:ether_sword":1,"minecraft:oak_log":16,"minecraft:diamond":1,"minecraft:iron_helmet":1,"sons_of_sins:ether_ashes":15,"born_in_chaos_v1:gnawed_bones":2,"minecraft:potion":2,"minecraft:iron_leggings":1,"minecraft:chain":1,"minecraft:string":4,"minecraft:stone_axe":1,"alexsmobs:maggot":1,"sons_of_sins:remnant_helmet":1,"minecraft:raw_copper":5,"minecraft:rotten_flesh":2,"minecraft:iron_boots":2,"minecraft:carrot":1,"minecraft:iron_chestplate":2,"sophisticatedbackpacks:copper_backpack":1,"minecraft:stone_pickaxe":1,"minecraft:raw_gold":1},"minecraft:custom":{"minecraft:mob_kills":305,"minecraft:interact_with_crafting_table":60,"minecraft:open_barrel":10,"goblintraders:trade_with_goblin":58,"minecraft:damage_dealt_resisted":4023,"minecraft:leave_game":8,"minecraft:time_since_death":252851,"minecraft:sprint_one_cm":924443,"minecraft:walk_one_cm":709310,"minecraft:damage_blocked_by_shield":3030,"minecraft:drop":37,"minecraft:damage_dealt_absorbed":274,"minecraft:play_time":332818,"minecraft:sneak_time":13598,"minecraft:deaths":1,"minecraft:walk_under_water_one_cm":4323,"minecraft:jump":7467,"minecraft:interact_with_brewingstand":2,"minecraft:walk_on_water_one_cm":20500,"minecraft:total_world_time":332818,"minecraft:interact_with_furnace":50,"minecraft:sleep_in_bed":3,"minecraft:time_since_rest":58965,"minecraft:damage_taken":3919,"minecraft:damage_dealt":50618,"minecraft:swim_one_cm":14009,"minecraft:fly_one_cm":1212925,"minecraft:open_chest":230,"minecraft:crouch_one_cm":33000,"minecraft:fall_one_cm":279934}},"DataVersion":3465}