{"stats":{"minecraft:killed":{"born_in_chaos_v1:zombie_clown":1,"born_in_chaos_v1:restless_spirit":2,"born_in_chaos_v1:zombie_lumberjack":1,"minecraft:spider":14,"born_in_chaos_v1:siamese_skeletonsright":1,"born_in_chaos_v1:maggot":23,"minecraft:skeleton":11,"born_in_chaos_v1:corpse_fish":3,"born_in_chaos_v1:supreme_bonescaller_stage_2":1,"born_in_chaos_v1:barrel_zombie":2,"born_in_chaos_v1:spiritof_chaos":1,"born_in_chaos_v1:baby_skeleton":1,"minecraft:bat":1,"minecraft:creeper":1,"born_in_chaos_v1:decrepit_skeleton":3,"born_in_chaos_v1:bloody_gadfly":3,"sons_of_sins:betrayed_guzzler":1,"minecraft:zombie":95,"born_in_chaos_v1:dread_hound":3,"born_in_chaos_v1:corpse_fly":4,"born_in_chaos_v1:dark_vortex":1,"alexsmobs:fly":4,"minecraft:cow":2},"minecraft:killed_by":{"born_in_chaos_v1:nightmare_stalker":1},"minecraft:used":{"minecraft:iron_shovel":49,"minecraft:chest":1,"minecraft:shield":79,"minecraft:iron_sword":1,"minecraft:wooden_shovel":59,"minecraft:stone_hoe":129,"minecraft:cooked_chicken":1,"minecraft:iron_chestplate":1,"minecraft:torch":274,"minecraft:dirt":113,"sons_of_sins:remnant_boots":1,"minecraft:carrot":11,"minecraft:tuff":4,"minecraft:granite":3,"minecraft:snowball":16,"born_in_chaos_v1:corpse_maggot":12,"sons_of_sins:remnant_helmet":2,"minecraft:oak_sapling":6,"minecraft:furnace":2,"minecraft:cooked_beef":12,"minecraft:cobbled_deepslate":9,"minecraft:turtle_egg":1,"minecraft:iron_leggings":1,"minecraft:wheat_seeds":437,"minecraft:water_bucket":4,"minecraft:cobblestone_stairs":39,"minecraft:stone_pickaxe":584,"minecraft:wooden_pickaxe":3,"sons_of_sins:urn":1,"sons_of_sins:remnant_chestplate":2,"minecraft:crafting_table":8,"minecraft:white_bed":1,"sons_of_sins:ether_sword":76,"sons_of_sins:flesh_sword":346,"minecraft:apple":1,"minecraft:bread":22,"minecraft:iron_pickaxe":501,"minecraft:stone_axe":147,"sons_of_sins:remnant_leggings":2,"minecraft:cobblestone":234,"minecraft:cooked_porkchop":1,"minecraft:bucket":4,"minecraft:bone_meal":1,"minecraft:dandelion":1},"minecraft:custom":{"minecraft:mob_kills":184,"minecraft:interact_with_crafting_table":52,"goblintraders:trade_with_goblin":58,"minecraft:damage_dealt_resisted":1112,"minecraft:leave_game":3,"minecraft:time_since_death":142648,"minecraft:sprint_one_cm":598262,"minecraft:walk_one_cm":508776,"minecraft:damage_blocked_by_shield":2630,"minecraft:drop":22,"minecraft:damage_dealt_absorbed":274,"minecraft:play_time":222615,"minecraft:deaths":1,"minecraft:sneak_time":9380,"minecraft:walk_under_water_one_cm":3293,"minecraft:jump":4703,"minecraft:walk_on_water_one_cm":15520,"minecraft:total_world_time":222615,"minecraft:interact_with_furnace":45,"minecraft:sleep_in_bed":2,"minecraft:time_since_rest":142676,"minecraft:damage_taken":2326,"minecraft:damage_dealt":30485,"minecraft:swim_one_cm":5757,"minecraft:fly_one_cm":746662,"minecraft:open_chest":105,"minecraft:crouch_one_cm":21946,"minecraft:fall_one_cm":167335},"minecraft:picked_up":{"minecraft:seagrass":2,"minecraft:crafting_table":6,"minecraft:wheat":246,"born_in_chaos_v1:seedof_chaos":4,"minecraft:turtle_egg":1,"minecraft:potion":1,"born_in_chaos_v1:bloody_gadfly_eye":1,"minecraft:shield":1,"sons_of_sins:soul_steel":12,"minecraft:string":13,"minecraft:raw_copper":5,"born_in_chaos_v1:intoxicating_decoction":2,"minecraft:sea_pickle":1,"sons_of_sins:ether_sword":1,"sons_of_sins:flesh_sword":3,"minecraft:cobbled_deepslate":22,"sons_of_sins:remnant_helmet":2,"minecraft:beef":5,"sons_of_sins:crystallized_ether":15,"born_in_chaos_v1:gnawed_bones":4,"minecraft:wooden_shovel":1,"minecraft:iron_pickaxe":1,"born_in_chaos_v1:stimulating_decoction":2,"minecraft:birch_sapling":3,"minecraft:furnace":1,"minecraft:raw_iron":91,"minecraft:stick":27,"minecraft:torch":106,"sophisticatedbackpacks:backpack":1,"minecraft:cherry_log":20,"minecraft:diorite":12,"minecraft:carrot":12,"sons_of_sins:ether_ashes":224,"minecraft:arrow":9,"minecraft:rotten_flesh":110,"minecraft:tropical_fish":2,"minecraft:iron_block":2,"sophisticatedbackpacks:copper_backpack":1,"minecraft:snowball":16,"minecraft:cod":1,"minecraft:white_wool":5,"minecraft:cobblestone":1132,"born_in_chaos_v1:fused_bone":1,"minecraft:birch_log":7,"born_in_chaos_v1:corpse_maggot":28,"minecraft:pink_petals":20,"minecraft:cooked_beef":2,"born_in_chaos_v1:monster_flesh":1,"born_in_chaos_v1:spiritual_dust":2,"minecraft:water_bucket":1,"minecraft:andesite":5,"minecraft:leather":4,"sons_of_sins:urn":2,"minecraft:flint":3,"minecraft:tuff":4,"minecraft:oak_log":69,"minecraft:gunpowder":3,"minecraft:cobblestone_stairs":3,"minecraft:dirt":198,"sons_of_sins:remnant_boots":1,"born_in_chaos_v1:monster_skin":2,"minecraft:bone":14,"minecraft:apple":3,"minecraft:bow":1,"minecraft:wheat_seeds":721,"minecraft:raw_gold":1,"minecraft:iron_ingot":79,"minecraft:oak_planks":7,"born_in_chaos_v1:orbofthe_summoner":1,"born_in_chaos_v1:ethereal_spirit":5,"minecraft:dandelion":1,"minecraft:gravel":39,"born_in_chaos_v1:dark_rod":1,"minecraft:spruce_sapling":16,"sophisticatedbackpacks:iron_backpack":1,"minecraft:spruce_log":13,"minecraft:white_bed":1,"minecraft:mossy_cobblestone":18,"minecraft:spider_eye":6,"sons_of_sins:flesh_of_demise":2,"minecraft:diamond":3,"minecraft:scute":1,"minecraft:granite":10,"minecraft:cherry_sapling":4,"minecraft:bone_meal":3,"alexsmobs:maggot":5,"minecraft:oak_sapling":17,"born_in_chaos_v1:rotten_fish":3,"sons_of_sins:remnant_leggings":1,"sons_of_sins:flesh_pickaxe":1,"minecraft:coal":91},"minecraft:crafted":{"sons_of_sins:remnant_helmet":1,"minecraft:oak_planks":72,"minecraft:coal":17,"minecraft:cooked_chicken":1,"minecraft:furnace":1,"sons_of_sins:remnant_chestplate":2,"minecraft:cobblestone_stairs":40,"minecraft:stone_pickaxe":5,"minecraft:chest":2,"minecraft:stone_hoe":2,"sons_of_sins:shape_shifting_tool":1,"sons_of_sins:ether_sword":1,"minecraft:cooked_beef":12,"sons_of_sins:soul_steel":20,"minecraft:emerald":16,"sophisticatedbackpacks:backpack":1,"minecraft:cooked_porkchop":1,"minecraft:crafting_table":5,"minecraft:wooden_pickaxe":1,"sons_of_sins:iron_and_ether":20,"minecraft:stone_axe":3,"minecraft:bread":82,"minecraft:air":0,"minecraft:shield":1,"sons_of_sins:remnant_leggings":1,"sons_of_sins:remnant_boots":1,"minecraft:stick":52,"minecraft:iron_ingot":76,"minecraft:iron_pickaxe":2,"minecraft:white_bed":1,"minecraft:sponge":1,"minecraft:torch":200,"minecraft:shears":1},"minecraft:broken":{"minecraft:stone_pickaxe":4,"minecraft:stone_axe":1,"minecraft:iron_pickaxe":2},"minecraft:mined":{"minecraft:tuff":4,"minecraft:oak_sapling":1,"minecraft:white_bed":1,"minecraft:mossy_cobblestone":17,"minecraft:cobblestone_stairs":4,"minecraft:cherry_log":3,"minecraft:granite":1,"minecraft:grass_block":51,"minecraft:spruce_leaves":1,"minecraft:spruce_sapling":1,"minecraft:furnace":1,"minecraft:carrots":3,"minecraft:iron_ore":85,"minecraft:turtle_egg":1,"minecraft:andesite":1,"minecraft:deepslate_iron_ore":5,"minecraft:packed_ice":2,"minecraft:stone":765,"minecraft:snow_block":4,"minecraft:powder_snow":9,"minecraft:crafting_table":6,"minecraft:torch":16,"minecraft:tall_grass":70,"minecraft:cobblestone":117,"minecraft:oak_planks":7,"minecraft:diorite":8,"sons_of_sins:urn_block":1,"minecraft:wall_torch":10,"minecraft:birch_sapling":1,"minecraft:pink_petals":7,"minecraft:wheat":253,"minecraft:spruce_log":1,"minecraft:grass":437,"minecraft:coal_ore":82,"minecraft:oak_log":27,"minecraft:gravel":10,"minecraft:dirt":36,"minecraft:deepslate":20,"minecraft:oak_leaves":4},"minecraft:dropped":{"minecraft:water_bucket":1,"minecraft:iron_ingot":78,"minecraft:bread":3,"sons_of_sins:flesh_sword":1,"sons_of_sins:ether_sword":1,"minecraft:oak_log":16,"minecraft:diamond":1,"sons_of_sins:ether_ashes":14,"born_in_chaos_v1:gnawed_bones":2,"minecraft:string":4,"alexsmobs:maggot":1,"sons_of_sins:remnant_helmet":1,"minecraft:raw_copper":5,"minecraft:rotten_flesh":2,"minecraft:carrot":1,"minecraft:raw_gold":1}},"DataVersion":3465}