{"stats":{"minecraft:broken":{"minecraft:stone_axe":1},"minecraft:dropped":{"minecraft:rotten_flesh":2},"minecraft:killed":{"born_in_chaos_v1:baby_skeleton":1,"minecraft:spider":5,"born_in_chaos_v1:maggot":8,"minecraft:skeleton":4,"born_in_chaos_v1:bloody_gadfly":2,"minecraft:zombie":7,"born_in_chaos_v1:dark_vortex":1,"alexsmobs:fly":1,"born_in_chaos_v1:corpse_fish":3,"minecraft:cow":2},"minecraft:mined":{"minecraft:white_bed":1,"minecraft:cherry_log":3,"minecraft:crafting_table":2,"minecraft:tall_grass":6,"minecraft:spruce_leaves":1,"minecraft:birch_sapling":1,"minecraft:pink_petals":3,"minecraft:spruce_sapling":1,"minecraft:furnace":1,"minecraft:iron_ore":42,"minecraft:spruce_log":1,"minecraft:grass":1,"minecraft:oak_log":25,"minecraft:coal_ore":41,"minecraft:stone":52},"minecraft:crafted":{"minecraft:cooked_beef":12,"minecraft:oak_planks":28,"minecraft:cooked_porkchop":1,"minecraft:crafting_table":1,"minecraft:wooden_pickaxe":1,"minecraft:cooked_chicken":1,"minecraft:furnace":1,"minecraft:stone_axe":2,"minecraft:air":0,"minecraft:shield":1,"minecraft:stick":24,"minecraft:iron_ingot":7,"minecraft:iron_pickaxe":1,"minecraft:stone_pickaxe":1,"minecraft:white_bed":1,"minecraft:torch":116,"minecraft:shears":1},"minecraft:used":{"minecraft:stone_pickaxe":50,"minecraft:wooden_pickaxe":3,"minecraft:shield":32,"minecraft:cooked_chicken":1,"minecraft:torch":70,"minecraft:crafting_table":3,"minecraft:white_bed":1,"minecraft:apple":1,"minecraft:iron_pickaxe":83,"minecraft:stone_axe":105,"minecraft:cobblestone":39,"minecraft:furnace":1,"minecraft:cooked_porkchop":1,"minecraft:cooked_beef":5},"minecraft:custom":{"minecraft:interact_with_furnace":16,"minecraft:mob_kills":35,"minecraft:interact_with_crafting_table":12,"minecraft:leave_game":2,"minecraft:time_since_death":34843,"minecraft:sleep_in_bed":2,"minecraft:time_since_rest":19331,"minecraft:sprint_one_cm":112773,"minecraft:damage_taken":490,"minecraft:walk_one_cm":76455,"minecraft:damage_blocked_by_shield":790,"minecraft:drop":1,"minecraft:damage_dealt":5327,"minecraft:fly_one_cm":137769,"minecraft:crouch_one_cm":10262,"minecraft:play_time":34843,"minecraft:sneak_time":3262,"minecraft:jump":723,"minecraft:walk_on_water_one_cm":1410,"minecraft:total_world_time":34843,"minecraft:fall_one_cm":24180},"minecraft:picked_up":{"minecraft:birch_log":6,"minecraft:pink_petals":10,"born_in_chaos_v1:corpse_maggot":10,"minecraft:crafting_table":2,"minecraft:leather":4,"minecraft:oak_log":39,"born_in_chaos_v1:bloody_gadfly_eye":1,"minecraft:string":3,"minecraft:bone":5,"minecraft:apple":2,"minecraft:beef":5,"minecraft:birch_sapling":3,"minecraft:furnace":1,"minecraft:stick":15,"minecraft:raw_iron":42,"born_in_chaos_v1:ethereal_spirit":1,"born_in_chaos_v1:dark_rod":1,"minecraft:cherry_log":10,"minecraft:spruce_sapling":8,"minecraft:white_bed":1,"minecraft:spruce_log":13,"minecraft:spider_eye":1,"minecraft:rotten_flesh":2,"minecraft:bone_meal":2,"minecraft:cherry_sapling":4,"minecraft:oak_sapling":10,"born_in_chaos_v1:rotten_fish":3,"minecraft:coal":41,"minecraft:white_wool":5,"minecraft:cobblestone":56}},"DataVersion":3465}