{"stats":{"minecraft:crafted":{"sons_of_sins:remnant_helmet":1,"minecraft:oak_planks":96,"minecraft:coal":18,"minecraft:cooked_chicken":1,"minecraft:furnace":1,"sons_of_sins:remnant_chestplate":2,"minecraft:cobblestone_stairs":40,"minecraft:stone_pickaxe":5,"minecraft:chest":2,"minecraft:dark_oak_planks":8,"minecraft:stone_hoe":2,"sons_of_sins:shape_shifting_tool":1,"minecraft:cooked_beef":12,"sons_of_sins:ether_sword":1,"sons_of_sins:soul_steel":20,"minecraft:emerald":16,"sophisticatedbackpacks:backpack":1,"minecraft:cooked_porkchop":1,"minecraft:crafting_table":6,"minecraft:wooden_pickaxe":1,"sons_of_sins:iron_and_ether":20,"sophisticatedbackpacks:gold_backpack":1,"minecraft:stone_axe":4,"minecraft:bread":154,"minecraft:air":0,"minecraft:white_wool":3,"minecraft:shield":1,"sons_of_sins:remnant_boots":1,"sons_of_sins:remnant_leggings":1,"minecraft:stick":108,"minecraft:iron_ingot":125,"minecraft:iron_pickaxe":2,"minecraft:gold_ingot":21,"minecraft:white_bed":2,"minecraft:torch":448,"minecraft:sponge":1,"minecraft:shears":1},"minecraft:used":{"minecraft:dead_tube_coral_block":1,"minecraft:iron_shovel":49,"minecraft:chest":6,"minecraft:shield":95,"minecraft:iron_sword":1,"minecraft:wooden_shovel":83,"minecraft:cooked_chicken":1,"minecraft:stone_hoe":129,"minecraft:iron_chestplate":1,"minecraft:torch":532,"minecraft:dirt":215,"sons_of_sins:remnant_boots":1,"minecraft:carrot":168,"minecraft:snowball":16,"minecraft:tuff":4,"minecraft:granite":3,"born_in_chaos_v1:corpse_maggot":12,"sons_of_sins:remnant_helmet":2,"minecraft:bow":12,"minecraft:oak_sapling":12,"minecraft:furnace":2,"minecraft:potato":14,"minecraft:cooked_beef":12,"minecraft:cobbled_deepslate":55,"minecraft:turtle_egg":1,"minecraft:wheat_seeds":576,"minecraft:iron_leggings":1,"minecraft:water_bucket":4,"minecraft:cobblestone_stairs":39,"minecraft:stone_pickaxe":584,"minecraft:wooden_pickaxe":3,"minecraft:cauldron":1,"sons_of_sins:urn":1,"sons_of_sins:remnant_chestplate":2,"minecraft:crafting_table":9,"minecraft:white_bed":2,"sons_of_sins:ether_sword":229,"sons_of_sins:flesh_sword":654,"minecraft:apple":1,"minecraft:bread":65,"minecraft:iron_pickaxe":501,"minecraft:gravel":1,"minecraft:stone_axe":218,"sons_of_sins:remnant_leggings":2,"minecraft:cobblestone":318,"minecraft:chain":1,"minecraft:bucket":4,"minecraft:cooked_porkchop":1,"minecraft:dandelion":1,"minecraft:bone_meal":1},"minecraft:broken":{"minecraft:stone_pickaxe":4,"minecraft:stone_axe":1,"minecraft:iron_pickaxe":2},"minecraft:picked_up":{"sophisticatedbackpacks:gold_backpack":1,"minecraft:seagrass":2,"minecraft:crafting_table":7,"minecraft:iron_chestplate":1,"minecraft:wheat":463,"artifacts:night_vision_goggles":1,"born_in_chaos_v1:seedof_chaos":4,"born_in_chaos_v1:charmof_resistance":1,"minecraft:enchanted_book":1,"minecraft:turtle_egg":1,"minecraft:potion":2,"born_in_chaos_v1:bloody_gadfly_eye":2,"minecraft:chain":18,"minecraft:brewing_stand":1,"minecraft:shield":1,"sons_of_sins:soul_steel":12,"minecraft:music_disc_cat":1,"minecraft:string":62,"minecraft:dead_tube_coral_block":1,"minecraft:raw_copper":5,"born_in_chaos_v1:intoxicating_decoction":2,"minecraft:sea_pickle":1,"sons_of_sins:ether_sword":2,"sons_of_sins:flesh_sword":4,"minecraft:cobbled_deepslate":102,"sons_of_sins:remnant_helmet":4,"minecraft:beef":5,"sons_of_sins:crystallized_ether":15,"born_in_chaos_v1:gnawed_bones":4,"minecraft:wooden_shovel":1,"minecraft:iron_pickaxe":1,"born_in_chaos_v1:stimulating_decoction":2,"minecraft:melon_slice":2,"minecraft:chest":7,"minecraft:birch_sapling":3,"minecraft:egg":1,"sons_of_sins:sickle_of_struggle":2,"minecraft:phantom_membrane":1,"minecraft:iron_boots":1,"minecraft:furnace":1,"minecraft:tipped_arrow":4,"minecraft:raw_iron":153,"minecraft:stick":46,"minecraft:torch":109,"sophisticatedbackpacks:backpack":3,"born_in_chaos_v1:pileof_dark_metal":1,"minecraft:cherry_log":20,"minecraft:diorite":12,"born_in_chaos_v1:pieceofdarkmetal":7,"minecraft:carrot":135,"minecraft:redstone":32,"minecraft:cauldron":1,"sons_of_sins:ether_ashes":413,"sons_of_sins:flesh_shovel":1,"minecraft:arrow":28,"minecraft:rotten_flesh":224,"minecraft:tropical_fish":2,"minecraft:iron_block":4,"sons_of_sins:bottle_of_blood":1,"minecraft:gold_ingot":11,"sophisticatedbackpacks:copper_backpack":2,"sons_of_sins:shape_shifting_tool":2,"minecraft:pink_petals":24,"minecraft:cod":1,"minecraft:snowball":32,"minecraft:white_wool":5,"minecraft:cobblestone":1202,"born_in_chaos_v1:fused_bone":1,"minecraft:birch_log":7,"born_in_chaos_v1:staffof_magic_arrows":1,"born_in_chaos_v1:corpse_maggot":52,"born_in_chaos_v1:monster_flesh":8,"minecraft:cooked_beef":2,"minecraft:water_bucket":1,"born_in_chaos_v1:spiritual_dust":7,"minecraft:glow_ink_sac":10,"minecraft:andesite":5,"minecraft:leather":13,"alexsmobs:skreecher_soul":2,"minecraft:potato":15,"sons_of_sins:urn":3,"minecraft:flint":4,"minecraft:tuff":8,"minecraft:oak_log":103,"minecraft:gunpowder":19,"minecraft:cobblestone_stairs":3,"minecraft:lapis_lazuli":23,"minecraft:dirt":320,"minecraft:lantern":4,"sons_of_sins:remnant_boots":3,"born_in_chaos_v1:monster_skin":2,"minecraft:bone":78,"minecraft:apple":4,"minecraft:bow":5,"minecraft:wheat_seeds":1283,"minecraft:raw_gold":72,"sons_of_sins:remnant_chestplate":3,"minecraft:iron_ingot":121,"minecraft:oak_planks":7,"minecraft:iron_sword":1,"minecraft:book":144,"born_in_chaos_v1:death_totem":1,"born_in_chaos_v1:orbofthe_summoner":3,"born_in_chaos_v1:ethereal_spirit":10,"minecraft:dandelion":1,"minecraft:gravel":41,"born_in_chaos_v1:dark_rod":1,"minecraft:spruce_sapling":16,"sophisticatedbackpacks:iron_backpack":1,"minecraft:white_bed":1,"minecraft:spruce_log":13,"sons_of_sins:flesh_of_demise":4,"minecraft:spider_eye":13,"minecraft:dark_oak_log":5,"minecraft:mossy_cobblestone":18,"sons_of_sins:flesh_axe":2,"minecraft:pumpkin_seeds":8,"minecraft:diamond":6,"minecraft:diamond_axe":1,"minecraft:scute":1,"minecraft:granite":10,"minecraft:bone_meal":4,"minecraft:cherry_sapling":4,"minecraft:black_wool":1,"minecraft:golden_horse_armor":2,"minecraft:bread":15,"alexsmobs:maggot":7,"born_in_chaos_v1:rotten_fish":5,"minecraft:oak_sapling":23,"sons_of_sins:remnant_leggings":1,"sons_of_sins:flesh_pickaxe":2,"minecraft:coal":129,"minecraft:ender_pearl":1},"minecraft:killed":{"born_in_chaos_v1:zombie_clown":1,"born_in_chaos_v1:restless_spirit":3,"born_in_chaos_v1:zombie_lumberjack":1,"minecraft:spider":20,"born_in_chaos_v1:siamese_skeletonsright":1,"minecraft:phantom":1,"born_in_chaos_v1:maggot":39,"minecraft:skeleton":15,"born_in_chaos_v1:corpse_fish":3,"born_in_chaos_v1:supreme_bonescaller_stage_2":3,"born_in_chaos_v1:barrel_zombie":2,"born_in_chaos_v1:spiritof_chaos":2,"born_in_chaos_v1:bone_imp_minion":10,"minecraft:zombie_villager":2,"born_in_chaos_v1:baby_skeleton":1,"minecraft:bat":1,"minecraft:creeper":3,"born_in_chaos_v1:decrepit_skeleton":5,"born_in_chaos_v1:bloody_gadfly":3,"minecraft:zombie":172,"sons_of_sins:betrayed_guzzler":1,"born_in_chaos_v1:dread_hound":3,"born_in_chaos_v1:corpse_fly":4,"born_in_chaos_v1:dark_vortex":1,"minecraft:stray":5,"alexsmobs:fly":7,"minecraft:enderman":1,"minecraft:cow":2},"minecraft:killed_by":{"born_in_chaos_v1:nightmare_stalker":1},"minecraft:mined":{"minecraft:tuff":5,"born_in_chaos_v1:black_argillite_column_n":1,"minecraft:white_bed":1,"minecraft:oak_sapling":2,"minecraft:mossy_cobblestone":17,"minecraft:deepslate_diamond_ore":1,"minecraft:sculk_vein":5,"minecraft:cobblestone_stairs":4,"minecraft:cherry_log":3,"minecraft:dark_oak_log":1,"minecraft:brewing_stand":1,"minecraft:granite":1,"minecraft:grass_block":69,"minecraft:dead_tube_coral_block":1,"minecraft:spruce_leaves":1,"minecraft:spawner":1,"minecraft:spruce_sapling":1,"minecraft:sculk_catalyst":20,"minecraft:furnace":1,"minecraft:carrots":39,"minecraft:iron_ore":123,"minecraft:turtle_egg":1,"minecraft:andesite":1,"minecraft:deepslate_lapis_ore":3,"minecraft:sculk_shrieker":1,"minecraft:bookshelf":48,"minecraft:potatoes":3,"minecraft:water_cauldron":1,"minecraft:deepslate_iron_ore":20,"minecraft:lantern":4,"minecraft:packed_ice":2,"minecraft:iron_block":2,"minecraft:stone":830,"minecraft:deepslate_redstone_ore":6,"minecraft:snow_block":4,"minecraft:powder_snow":12,"minecraft:crafting_table":6,"minecraft:torch":16,"minecraft:chest":7,"minecraft:sculk_sensor":61,"minecraft:tall_grass":72,"minecraft:cobblestone":122,"minecraft:deepslate_gold_ore":26,"minecraft:oak_planks":7,"minecraft:sculk":136,"sons_of_sins:urn_block":1,"minecraft:diorite":8,"minecraft:wall_torch":11,"minecraft:birch_sapling":1,"minecraft:pink_petals":7,"minecraft:chain":14,"minecraft:wheat":469,"minecraft:spruce_log":1,"minecraft:grass":447,"minecraft:coal_ore":99,"minecraft:oak_log":32,"minecraft:gravel":12,"minecraft:dirt":41,"minecraft:cobweb":18,"minecraft:gold_ore":12,"minecraft:deepslate":90,"minecraft:oak_leaves":5},"minecraft:dropped":{"minecraft:water_bucket":1,"minecraft:iron_ingot":78,"minecraft:bread":30,"sons_of_sins:flesh_sword":1,"minecraft:iron_sword":1,"sons_of_sins:ether_sword":1,"minecraft:oak_log":16,"minecraft:diamond":1,"minecraft:iron_helmet":1,"sophisticatedbackpacks:gold_backpack":1,"sons_of_sins:ether_ashes":15,"born_in_chaos_v1:gnawed_bones":2,"sons_of_sins:shape_shifting_tool":1,"sons_of_sins:remnant_chestplate":1,"minecraft:potion":2,"minecraft:iron_leggings":1,"minecraft:chain":1,"minecraft:string":4,"sons_of_sins:flesh_of_demise":2,"minecraft:stone_axe":1,"alexsmobs:maggot":1,"sons_of_sins:remnant_helmet":1,"minecraft:raw_copper":5,"minecraft:rotten_flesh":2,"minecraft:iron_boots":2,"minecraft:carrot":1,"born_in_chaos_v1:corpse_maggot":12,"minecraft:iron_chestplate":2,"sophisticatedbackpacks:copper_backpack":1,"minecraft:bow":1,"minecraft:stone_pickaxe":1,"minecraft:raw_gold":1},"minecraft:custom":{"minecraft:mob_kills":319,"minecraft:interact_with_crafting_table":60,"minecraft:open_barrel":10,"goblintraders:trade_with_goblin":66,"minecraft:damage_dealt_resisted":4586,"minecraft:leave_game":9,"minecraft:time_since_death":293829,"minecraft:sprint_one_cm":1035534,"minecraft:walk_one_cm":762581,"minecraft:damage_blocked_by_shield":3030,"minecraft:drop":45,"minecraft:damage_dealt_absorbed":354,"minecraft:play_time":373796,"minecraft:sneak_time":28028,"minecraft:deaths":1,"minecraft:walk_under_water_one_cm":5786,"minecraft:jump":8574,"minecraft:interact_with_brewingstand":2,"minecraft:walk_on_water_one_cm":23969,"minecraft:total_world_time":373796,"minecraft:interact_with_furnace":50,"minecraft:sleep_in_bed":3,"minecraft:time_since_rest":99943,"minecraft:damage_taken":4466,"minecraft:damage_dealt":53463,"minecraft:swim_one_cm":15349,"minecraft:fly_one_cm":1384866,"minecraft:open_chest":233,"minecraft:crouch_one_cm":87841,"minecraft:fall_one_cm":321851}},"DataVersion":3465}