{"stats":{"minecraft:picked_up":{"minecraft:dirt":3},"minecraft:custom":{"minecraft:jump":28,"minecraft:time_since_rest":6012,"minecraft:leave_game":1,"minecraft:damage_dealt":55,"minecraft:crouch_one_cm":43,"minecraft:damage_taken":70,"minecraft:sprint_one_cm":1529,"minecraft:play_time":6012,"minecraft:walk_on_water_one_cm":431,"minecraft:time_since_death":6012,"minecraft:walk_one_cm":7101,"minecraft:sneak_time":59,"minecraft:total_world_time":6012,"minecraft:fly_one_cm":1444},"minecraft:used":{"minecraft:dirt":3},"minecraft:mined":{"minecraft:podzol":1,"minecraft:grass":1,"regions_unexplored:medium_grass":1,"minecraft:fern":1,"minecraft:dirt":2}},"DataVersion":3465}