{"stats":{"minecraft:used":{"ancient_elements:meteorite_block":1,"minecraft:iron_shovel":1457,"minecraft:spruce_planks":3,"minecraft:cooked_chicken":3,"minecraft:torch":44,"minecraft:dirt":182,"spartanweaponry:iron_javelin":8,"minecraft:chainmail_chestplate":1,"minecraft:spruce_stairs":1,"minecraft:carrot":4,"minecraft:golden_shovel":32,"minecraft:tuff":7,"minecraft:granite":3,"regions_unexplored:hyssop":1,"minecraft:wooden_axe":40,"minecraft:stone_bricks":9,"minecraft:item_frame":2,"minecraft:bow":6,"minecraft:furnace":5,"minecraft:gray_bed":5,"minecraft:cooked_beef":3,"minecraft:egg":6,"minecraft:cobbled_deepslate":141,"minecraft:diorite":4,"minecraft:stone_pickaxe":122,"minecraft:oak_planks":11,"minecraft:wooden_pickaxe":13,"minecraft:diamond_axe":171,"minecraft:glow_berries":5,"minecraft:crafting_table":12,"minecraft:red_bed":3,"regions_unexplored:redwood_shrub":2,"minecraft:flower_pot":1,"regions_unexplored:redwood_log":1,"minecraft:apple":3,"minecraft:bread":18,"minecraft:iron_pickaxe":752,"spartanweaponry:silver_battle_hammer":51,"minecraft:spruce_trapdoor":10,"minecraft:cobblestone":69,"minecraft:cooked_porkchop":21,"minecraft:andesite":1,"minecraft:pumpkin_pie":3,"minecraft:golden_pickaxe":64},"minecraft:crafted":{"minecraft:saddle":1,"minecraft:oak_planks":8,"minecraft:cooked_chicken":1,"minecraft:furnace":4,"alltheores:silver_ingot":49,"alltheores:zinc_ingot":2,"minecraft:stone_pickaxe":1,"minecraft:chest":1,"spartanweaponry:silver_battle_hammer":1,"sophisticatedbackpacks:iron_backpack":2,"minecraft:cooked_beef":6,"knightquest:great_essence":1,"sophisticatedbackpacks:backpack":2,"minecraft:cooked_porkchop":15,"minecraft:crafting_table":6,"minecraft:wooden_pickaxe":1,"spartanweaponry:handle":4,"minecraft:air":0,"minecraft:jungle_planks":24,"minecraft:white_wool":1,"minecraft:stick":4,"minecraft:iron_ingot":25,"minecraft:iron_pickaxe":2,"minecraft:wooden_axe":2,"minecraft:iron_shovel":6,"minecraft:gold_ingot":3,"alltheores:raw_zinc":9,"minecraft:torch":28},"minecraft:picked_up":{"minecraft:crafting_table":7,"minecraft:chicken":1,"minecraft:flower_pot":1,"minecraft:chest_minecart":1,"minecraft:string":3,"minecraft:red_bed":5,"minecraft:item_frame":2,"ancient_elements:meteorite_block":1,"minecraft:activator_rail":4,"minecraft:cobbled_deepslate":175,"minecraft:candle":4,"improvableskills:scroll_normal":1,"minecraft:spruce_planks":3,"minecraft:beef":5,"minecraft:jungle_sapling":2,"minecraft:sugar_cane":12,"minecraft:chest":1,"minecraft:spruce_trapdoor":10,"minecraft:furnace":2,"regions_unexplored:redwood_log":2,"minecraft:egg":8,"minecraft:stick":52,"minecraft:raw_iron":63,"apotheosis:gem":10,"alltheores:raw_zinc":17,"minecraft:torch":45,"minecraft:spruce_stairs":2,"minecraft:porkchop":12,"alltheores:raw_platinum_block":1,"minecraft:diorite":7,"minecraft:redstone":24,"minecraft:arrow":14,"minecraft:rotten_flesh":25,"regions_unexplored:mauve_sapling":8,"minecraft:beetroot_seeds":12,"regions_unexplored:mauve_log":40,"alltheores:raw_osmium":104,"minecraft:glow_berries":6,"minecraft:cobblestone":389,"minecraft:feather":7,"minecraft:cooked_beef":69,"minecraft:andesite":18,"minecraft:jungle_log":13,"minecraft:leather":40,"minecraft:potato":11,"minecraft:flint":1,"minecraft:tuff":7,"minecraft:oak_log":82,"minecraft:gunpowder":1,"minecraft:dirt":2062,"regions_unexplored:aster":11,"alltheores:raw_zinc_block":1,"alltheores:raw_tin":17,"minecraft:bone":5,"minecraft:apple":5,"minecraft:stone_bricks":9,"minecraft:wheat_seeds":37,"minecraft:iron_ingot":26,"minecraft:cooked_chicken":3,"minecraft:gray_bed":5,"minecraft:oak_planks":66,"minecraft:book":12,"minecraft:cooked_porkchop":12,"patchouli:guide_book":1,"regions_unexplored:salmonberry":22,"alltheores:raw_lead":4,"minecraft:gravel":7,"celestial_artifacts:fang_necklace":1,"minecraft:melon":2,"minecraft:spider_eye":1,"artifacts:plastic_drinking_hat":1,"alltheores:raw_nickel":8,"regions_unexplored:hyssop":10,"minecraft:pumpkin_seeds":4,"minecraft:diamond":9,"alltheores:raw_aluminum":41,"regions_unexplored:redwood_shrub":2,"knightquest:small_essence":7,"minecraft:granite":25,"alltheores:raw_silver":61,"minecraft:golden_apple":1,"minecraft:emerald":1,"minecraft:bread":72,"minecraft:oak_sapling":51,"minecraft:dark_oak_fence":2,"minecraft:coal":112},"minecraft:killed_by":{"minecraft:spider":1,"minecraft:skeleton":1,"mythicmounts:dragon":2},"minecraft:mined":{"minecraft:tuff":9,"minecraft:oak_sapling":2,"alltheores:zinc_ore":11,"minecraft:deepslate_diamond_ore":5,"minecraft:candle":1,"alltheores:osmium_ore":2,"alltheores:deepslate_aluminum_ore":30,"minecraft:glow_lichen":1,"minecraft:dark_oak_fence":2,"minecraft:granite":25,"minecraft:allium":1,"minecraft:grass_block":1163,"alltheores:deepslate_silver_ore":9,"regions_unexplored:aster":12,"ancient_elements:meteorite_block":1,"minecraft:spawner":1,"alltheores:deepslate_tin_ore":8,"minecraft:large_fern":2,"minecraft:furnace":2,"minecraft:iron_ore":30,"minecraft:cobbled_deepslate":13,"minecraft:andesite":18,"alltheores:lead_ore":3,"minecraft:dirt_path":9,"minecraft:deepslate_iron_ore":10,"alltheores:silver_ore":41,"regions_unexplored:medium_grass":13,"regions_unexplored:windswept_grass":19,"minecraft:stone":374,"alltheores:nickel_ore":4,"minecraft:podzol":4,"regions_unexplored:redwood_shrub":3,"minecraft:deepslate_redstone_ore":5,"alltheores:raw_zinc_block":1,"minecraft:red_bed":4,"minecraft:crafting_table":7,"minecraft:torch":10,"minecraft:chest":1,"minecraft:cobblestone":4,"regions_unexplored:mauve_log":5,"minecraft:sugar_cane":4,"alltheores:deepslate_nickel_ore":1,"minecraft:diorite":13,"minecraft:wall_torch":9,"regions_unexplored:hyssop":11,"regions_unexplored:sandy_tall_grass":1,"alltheores:deepslate_osmium_ore":24,"minecraft:gray_bed":5,"alltheores:tin_ore":2,"minecraft:tnt":1,"minecraft:grass":34,"minecraft:oak_log":6,"minecraft:coal_ore":81,"minecraft:gravel":8,"minecraft:dirt":334,"alltheores:raw_platinum_block":1,"minecraft:oak_leaves":2,"alltheores:deepslate_zinc_ore":1,"minecraft:deepslate":161,"minecraft:fern":9},"minecraft:dropped":{"minecraft:bread":96,"minecraft:wheat_seeds":21,"minecraft:crafting_table":1,"minecraft:feather":7,"minecraft:cobblestone":22,"minecraft:book":9,"alltheores:raw_platinum_block":1,"improvableskills:parchment_fragment":1,"minecraft:chest_minecart":1,"minecraft:granite":19,"alltheores:zinc_ingot":2,"minecraft:spruce_stairs":1,"minecraft:dirt":973,"minecraft:melon":1,"minecraft:red_bed":2,"minecraft:torch":19,"minecraft:dark_oak_fence":2,"regions_unexplored:redwood_log":1,"minecraft:fire_charge":1,"alltheores:raw_lead":4,"minecraft:jungle_sapling":7,"minecraft:gold_nugget":1,"minecraft:white_wool":1,"minecraft:bone":1,"minecraft:furnace":1,"minecraft:sugar_cane":1,"alltheores:raw_osmium":68,"minecraft:wheat":32,"minecraft:rotten_flesh":13,"minecraft:pumpkin_seeds":4,"minecraft:potato":1,"minecraft:andesite":12,"minecraft:beetroot_seeds":12,"minecraft:melon_seeds":3,"minecraft:jungle_log":6,"apotheosis:gem":5,"minecraft:oak_sapling":3,"minecraft:arrow":6,"minecraft:egg":2},"minecraft:broken":{"spartanweaponry:silver_battle_hammer":1,"minecraft:iron_shovel":5,"minecraft:golden_shovel":1,"minecraft:stone_pickaxe":1,"minecraft:iron_pickaxe":3,"minecraft:golden_pickaxe":2,"minecraft:wooden_axe":2,"aether:chainmail_gloves":1},"minecraft:killed":{"minecraft:spider":4,"minecraft:vindicator":1,"minecraft:skeleton":5,"minecraft:chicken":3,"minecraft:pig":8,"minecraft:pillager":1,"minecraft:zombie":17,"minecraft:cow":14},"minecraft:custom":{"minecraft:mob_kills":96,"minecraft:interact_with_crafting_table":44,"minecraft:open_barrel":7,"minecraft:damage_dealt_resisted":0,"minecraft:leave_game":4,"minecraft:time_since_death":199063,"minecraft:climb_one_cm":2489,"minecraft:sprint_one_cm":420841,"minecraft:walk_one_cm":458376,"minecraft:drop":92,"minecraft:damage_dealt_absorbed":160,"minecraft:talked_to_villager":4,"minecraft:play_time":340608,"minecraft:deaths":4,"minecraft:sneak_time":26903,"minecraft:walk_under_water_one_cm":13827,"minecraft:jump":2846,"minecraft:interact_with_blast_furnace":2,"minecraft:walk_on_water_one_cm":15591,"minecraft:total_world_time":340608,"minecraft:interact_with_furnace":51,"minecraft:sleep_in_bed":14,"minecraft:time_since_rest":0,"minecraft:damage_taken":3982,"minecraft:trigger_trapped_chest":2,"minecraft:damage_dealt":11703,"minecraft:swim_one_cm":4704,"minecraft:fly_one_cm":534386,"minecraft:crouch_one_cm":141436,"minecraft:open_chest":65,"minecraft:fall_one_cm":84527,"minecraft:horse_one_cm":8432724}},"DataVersion":3465}