{"stats":{"minecraft:killed_by":{"minecraft:witch":1,"mythicmounts:dragon":2,"minecraft:player":1,"minecraft:spider":1,"minecraft:skeleton":1},"minecraft:crafted":{"minecraft:black_dye":17,"ancient_elements:jungle_steel_ingot":1,"minecraft:oak_planks":84,"minecraft:chain":4,"minecraft:cooked_chicken":1,"minecraft:stone":707,"alltheores:tin_ingot":5,"minecraft:deepslate_brick_stairs":36,"minecraft:stone_brick_slab":12,"alltheores:silver_ingot":49,"regions_unexplored:blackwood_trapdoor":10,"alltheores:zinc_ingot":2,"minecraft:chest":10,"regions_unexplored:black_painted_slab":6,"regions_unexplored:blackwood_slab":48,"minecraft:stone_bricks":680,"regions_unexplored:gray_painted_stairs":4,"regions_unexplored:gray_painted_planks":24,"minecraft:deepslate":39,"knightquest:great_essence":1,"sophisticatedbackpacks:backpack":3,"minecraft:cooked_porkchop":15,"minecraft:crafting_table":8,"regions_unexplored:black_painted_stairs":8,"minecraft:wooden_pickaxe":1,"minecraft:campfire":10,"regions_unexplored:mauve_stairs":4,"minecraft:stone_brick_stairs":64,"minecraft:stick":4,"minecraft:iron_ingot":40,"minecraft:iron_pickaxe":2,"regions_unexplored:blackwood_door":6,"minecraft:gold_ingot":3,"ancient_elements:stone_hammer":2,"minecraft:deepslate_bricks":740,"minecraft:shears":1,"minecraft:cherry_planks":500,"regions_unexplored:blackwood_planks":264,"minecraft:saddle":1,"minecraft:stone_brick_wall":6,"minecraft:iron_nugget":54,"minecraft:furnace":7,"minecraft:dark_oak_trapdoor":2,"minecraft:gray_dye":4,"minecraft:bone_meal":9,"regions_unexplored:black_painted_planks":40,"minecraft:oak_trapdoor":4,"regions_unexplored:blackwood_stairs":108,"minecraft:lantern":5,"minecraft:dark_oak_fence":15,"minecraft:deepslate_brick_wall":6,"regions_unexplored:mauve_planks":172,"minecraft:polished_deepslate":740,"minecraft:stone_pickaxe":1,"regions_unexplored:blackwood_fence":3,"minecraft:dark_oak_planks":144,"spartanweaponry:silver_battle_hammer":1,"sophisticatedbackpacks:iron_backpack":3,"minecraft:cooked_beef":6,"alltheores:nickel_ingot":1,"spartanweaponry:handle":4,"minecraft:jungle_planks":44,"minecraft:air":0,"minecraft:white_wool":1,"minecraft:white_dye":3,"ancient_elements:palladium_ingot":5,"minecraft:wooden_axe":2,"minecraft:iron_shovel":9,"alltheores:raw_zinc":9,"minecraft:torch":52},"minecraft:mined":{"minecraft:dark_oak_planks":21,"minecraft:spruce_planks":18,"minecraft:oak_sapling":3,"minecraft:cherry_log":36,"alltheores:deepslate_aluminum_ore":30,"minecraft:spruce_trapdoor":19,"minecraft:granite":25,"minecraft:grass_block":1488,"minecraft:jungle_log":3,"minecraft:deepslate_bricks":402,"regions_unexplored:blackwood_door":9,"regions_unexplored:blue_bioshroom":1,"regions_unexplored:blue_bioshroom_block":1,"minecraft:spawner":1,"minecraft:smooth_stone":1,"minecraft:dark_oak_trapdoor":7,"minecraft:iron_ore":32,"alltheores:deepslate_lead_ore":1,"minecraft:cobbled_deepslate":15,"minecraft:fire":1,"minecraft:dirt_path":41,"minecraft:deepslate_brick_stairs":8,"minecraft:potted_cornflower":1,"alltheores:nickel_ore":4,"regions_unexplored:stripped_mauve_log":2,"minecraft:deepslate_redstone_ore":5,"regions_unexplored:mauve_stairs":4,"minecraft:red_bed":4,"minecraft:deepslate_brick_wall":4,"minecraft:soul_lantern":2,"minecraft:torch":44,"minecraft:poppy":5,"minecraft:chest":8,"minecraft:cobblestone":20,"minecraft:sugar_cane":4,"alltheores:deepslate_nickel_ore":2,"regions_unexplored:blackwood_sapling":2,"minecraft:wall_torch":47,"regions_unexplored:blackwood_fence":3,"regions_unexplored:hyssop":11,"regions_unexplored:sandy_tall_grass":2,"alltheores:deepslate_osmium_ore":24,"alltheores:tin_ore":2,"minecraft:tnt":4,"regions_unexplored:mauve_planks":103,"regions_unexplored:black_painted_planks":15,"minecraft:stone_brick_stairs":6,"minecraft:grass":156,"minecraft:oak_log":8,"minecraft:dirt":810,"alltheores:raw_platinum_block":1,"minecraft:sand":3,"minecraft:crimson_planks":11,"minecraft:oak_leaves":8,"minecraft:deepslate":174,"minecraft:tuff":9,"regions_unexplored:blackwood_trapdoor":6,"alltheores:zinc_ore":12,"minecraft:deepslate_diamond_ore":5,"minecraft:candle":1,"alltheores:osmium_ore":2,"minecraft:cherry_sapling":3,"minecraft:dark_oak_log":37,"minecraft:stripped_cherry_log":5,"regions_unexplored:gray_painted_planks":6,"minecraft:glow_lichen":1,"minecraft:dark_oak_fence":7,"minecraft:allium":1,"regions_unexplored:black_painted_stairs":9,"alltheores:deepslate_silver_ore":9,"regions_unexplored:aster":12,"ancient_elements:meteorite_block":1,"alltheores:deepslate_tin_ore":8,"minecraft:large_fern":3,"minecraft:oak_trapdoor":7,"minecraft:furnace":5,"regions_unexplored:gray_painted_stairs":6,"regions_unexplored:stripped_blackwood_log":2,"ancient_elements:deepslate_jungle_steel_ore":10,"minecraft:andesite":18,"minecraft:stripped_spruce_log":27,"regions_unexplored:blackwood_stairs":9,"alltheores:lead_ore":3,"minecraft:bell":1,"minecraft:bookshelf":11,"minecraft:deepslate_iron_ore":10,"minecraft:vine":4,"ancient_elements:palladium_ore":5,"minecraft:lantern":5,"minecraft:stripped_jungle_log":1,"alltheores:silver_ore":41,"regions_unexplored:medium_grass":13,"alltheores:aluminum_ore":16,"minecraft:stone":2117,"regions_unexplored:redwood_log":1,"regions_unexplored:windswept_grass":19,"minecraft:podzol":4,"regions_unexplored:redwood_shrub":3,"alltheores:raw_zinc_block":1,"minecraft:cherry_planks":81,"regions_unexplored:blackwood_planks":135,"minecraft:potted_lily_of_the_valley":2,"regions_unexplored:blackwood_slab":1,"minecraft:stone_brick_slab":1,"minecraft:dandelion":2,"minecraft:spruce_door":1,"minecraft:crafting_table":14,"minecraft:campfire":4,"regions_unexplored:blackwood_log":31,"minecraft:copper_ore":9,"minecraft:tall_grass":1,"regions_unexplored:mauve_log":47,"minecraft:deepslate_gold_ore":1,"minecraft:diorite":19,"minecraft:spruce_stairs":2,"minecraft:gray_bed":11,"minecraft:spruce_log":98,"regions_unexplored:redwood_leaves":1,"regions_unexplored:black_painted_slab":2,"regions_unexplored:tall_blue_bioshroom":1,"minecraft:coal_ore":122,"minecraft:cherry_leaves":7,"minecraft:gravel":55,"regions_unexplored:blackwood_shrub":1,"regions_unexplored:blackwood_leaves":11,"minecraft:stone_bricks":53,"alltheores:deepslate_zinc_ore":1,"minecraft:fern":50},"minecraft:killed":{"minecraft:witch":1,"minecraft:spider":5,"minecraft:skeleton":11,"knightquest:swampman":1,"minecraft:chicken":5,"minecraft:pig":12,"irons_spellbooks:necromancer":1,"minecraft:creeper":2,"minecraft:pillager":1,"minecraft:zombie":32,"minecraft:cow":14,"irons_spellbooks:summoned_zombie":5,"minecraft:vindicator":1,"minecraft:squid":10,"knightquest:lizzy":1,"minecraft:villager":1},"minecraft:broken":{"spartanweaponry:silver_battle_hammer":1,"minecraft:iron_shovel":8,"minecraft:golden_shovel":1,"ancient_elements:stone_hammer":1,"minecraft:chainmail_boots":1,"minecraft:stone_pickaxe":1,"minecraft:wooden_axe":2,"aether:chainmail_gloves":1,"minecraft:diamond_axe":1,"minecraft:iron_pickaxe":8,"minecraft:iron_helmet":1,"minecraft:golden_pickaxe":2},"minecraft:used":{"minecraft:cherry_sapling":45,"minecraft:iron_shovel":2165,"regions_unexplored:blackwood_stairs":116,"minecraft:chest":15,"minecraft:stone":2,"regions_unexplored:mauve_log":31,"spartanweaponry:iron_javelin":8,"regions_unexplored:black_painted_stairs":17,"minecraft:carrot":5,"regions_unexplored:mauve_sapling":10,"minecraft:tuff":7,"minecraft:glass":2,"regions_unexplored:blackwood_door":19,"minecraft:lantern":11,"minecraft:cherry_leaves":4,"regions_unexplored:black_painted_planks":34,"minecraft:stone_brick_stairs":64,"minecraft:stone_bricks":566,"minecraft:item_frame":2,"regions_unexplored:black_painted_slab":8,"minecraft:bow":6,"minecraft:oak_sapling":13,"minecraft:furnace":11,"minecraft:gray_bed":11,"minecraft:egg":22,"minecraft:deepslate_brick_wall":6,"minecraft:diorite":7,"minecraft:oak_planks":11,"minecraft:stone_pickaxe":122,"minecraft:wooden_pickaxe":13,"minecraft:diamond_axe":1354,"regions_unexplored:stripped_blackwood_log":1,"minecraft:glow_berries":5,"minecraft:dark_oak_trapdoor":7,"regions_unexplored:blackwood_fence":3,"minecraft:stone_brick_wall":6,"regions_unexplored:mauve_planks":253,"minecraft:shears":5,"minecraft:deepslate_brick_stairs":38,"regions_unexplored:redwood_log":2,"minecraft:dark_oak_log":1,"regions_unexplored:blackwood_sapling":4,"minecraft:bread":45,"regions_unexplored:mauve_stairs":4,"minecraft:deepslate":11,"minecraft:gravel":21,"regions_unexplored:blackwood_planks":165,"minecraft:andesite":1,"minecraft:dark_oak_fence":19,"minecraft:chain":4,"minecraft:golden_pickaxe":64,"minecraft:oak_trapdoor":6,"ancient_elements:meteorite_block":1,"minecraft:spruce_planks":3,"minecraft:cooked_chicken":6,"minecraft:torch":160,"minecraft:dirt":1516,"minecraft:chainmail_chestplate":1,"minecraft:spruce_stairs":1,"minecraft:golden_shovel":32,"minecraft:granite":3,"regions_unexplored:hyssop":10,"ancient_elements:stone_hammer":161,"minecraft:stone_brick_slab":9,"minecraft:dark_oak_planks":21,"minecraft:wooden_axe":40,"minecraft:iron_axe":27,"minecraft:jungle_log":1,"minecraft:crimson_planks":11,"minecraft:cooked_beef":26,"minecraft:cobbled_deepslate":143,"minecraft:cherry_log":5,"regions_unexplored:blackwood_log":40,"minecraft:water_bucket":13,"minecraft:cherry_planks":442,"minecraft:deepslate_bricks":911,"minecraft:crafting_table":21,"minecraft:red_bed":3,"minecraft:campfire":10,"regions_unexplored:blackwood_trapdoor":15,"regions_unexplored:gray_painted_stairs":6,"regions_unexplored:redwood_shrub":2,"regions_unexplored:blackwood_slab":9,"minecraft:flower_pot":1,"minecraft:diamond_pickaxe":951,"minecraft:apple":3,"minecraft:iron_pickaxe":2000,"spartanweaponry:silver_battle_hammer":51,"minecraft:spruce_trapdoor":19,"regions_unexplored:stripped_mauve_log":1,"spartanweaponry:wooden_club":2,"minecraft:cobblestone":85,"minecraft:cooked_porkchop":32,"minecraft:bucket":15,"minecraft:pumpkin_pie":3,"regions_unexplored:gray_painted_planks":6,"minecraft:smooth_stone":1,"minecraft:chainmail_leggings":1},"minecraft:picked_up":{"irons_spellbooks:scroll":1,"minecraft:flower_pot":4,"minecraft:lead":15,"minecraft:stone_brick_stairs":6,"minecraft:crimson_planks":61,"ancient_elements:raw_palladium":6,"minecraft:string":6,"minecraft:dark_oak_trapdoor":7,"minecraft:raw_copper":30,"ancient_elements:meteorite_block":1,"minecraft:activator_rail":4,"irons_spellbooks:arcane_essence":5,"minecraft:cobbled_deepslate":194,"minecraft:smooth_stone":1,"minecraft:bucket":1,"minecraft:spruce_planks":20,"artifacts:aqua_dashers":1,"regions_unexplored:blackwood_log":157,"minecraft:furnace":5,"regions_unexplored:redwood_log":3,"regions_unexplored:blackwood_planks":143,"minecraft:stick":170,"apotheosis:gem":20,"minecraft:deepslate_brick_wall":8,"minecraft:torch":137,"minecraft:spruce_stairs":4,"minecraft:porkchop":12,"minecraft:cherry_log":406,"minecraft:diorite":21,"regions_unexplored:blackwood_fence":6,"minecraft:rotten_flesh":65,"regions_unexplored:mauve_log":82,"regions_unexplored:blackwood_slab":1,"minecraft:deepslate_brick_stairs":8,"minecraft:cobblestone":3143,"minecraft:feather":22,"minecraft:cooked_beef":85,"spartanweaponry:wooden_club":2,"minecraft:cherry_planks":80,"minecraft:cherry_leaves":4,"minecraft:andesite":18,"minecraft:jungle_log":18,"regions_unexplored:black_painted_planks":15,"minecraft:potato":11,"minecraft:flint":6,"minecraft:tuff":7,"regions_unexplored:stripped_blackwood_log":2,"minecraft:dirt":3009,"regions_unexplored:blackwood_stairs":9,"minecraft:lantern":6,"minecraft:leather_boots":1,"alltheores:raw_tin":17,"minecraft:glass":3,"minecraft:bone":12,"minecraft:bow":1,"minecraft:wheat_seeds":97,"minecraft:raw_gold":2,"minecraft:bell":1,"regions_unexplored:blackwood_shrub":1,"minecraft:oak_planks":102,"regions_unexplored:mauve_stairs":4,"minecraft:bamboo_mosaic_slab":1,"regions_unexplored:black_painted_slab":2,"regions_unexplored:tall_blue_bioshroom":1,"minecraft:cooked_porkchop":21,"patchouli:guide_book":1,"regions_unexplored:salmonberry":22,"alltheores:raw_lead":6,"minecraft:sand":3,"celestial_artifacts:fang_necklace":1,"minecraft:melon":2,"minecraft:stripped_spruce_log":27,"minecraft:ink_sac":17,"minecraft:lily_of_the_valley":2,"minecraft:dark_oak_log":37,"artifacts:plastic_drinking_hat":1,"alltheores:raw_nickel":10,"regions_unexplored:mauve_planks":127,"regions_unexplored:hyssop":10,"minecraft:sugar":1,"minecraft:diamond":9,"minecraft:soul_lantern":2,"waystones:waystone":2,"alltheores:raw_aluminum":57,"regions_unexplored:redwood_shrub":2,"knightquest:small_essence":15,"minecraft:granite":25,"minecraft:bone_meal":6,"minecraft:golden_apple":1,"minecraft:emerald":2,"minecraft:bread":72,"ancient_elements:raw_jungle_steel":10,"minecraft:oak_sapling":72,"minecraft:dark_oak_fence":7,"minecraft:diamond_pickaxe":1,"minecraft:charcoal":8,"minecraft:crafting_table":14,"minecraft:chicken":1,"minecraft:chest_minecart":1,"minecraft:stripped_cherry_log":5,"regions_unexplored:blue_bioshroom":1,"minecraft:cornflower":1,"minecraft:oak_trapdoor":7,"minecraft:red_bed":5,"minecraft:iron_axe":1,"minecraft:item_frame":6,"minecraft:cyan_carpet":5,"regions_unexplored:gray_painted_stairs":6,"minecraft:candle":4,"improvableskills:scroll_normal":1,"minecraft:beef":5,"minecraft:jungle_sapling":2,"minecraft:poppy":10,"minecraft:sugar_cane":12,"minecraft:chest":8,"minecraft:spruce_trapdoor":29,"minecraft:egg":25,"minecraft:raw_iron":67,"minecraft:stone":2,"alltheores:raw_zinc":18,"sophisticatedbackpacks:backpack":1,"alltheores:raw_platinum_block":1,"minecraft:trident":1,"minecraft:carrot":1,"minecraft:redstone":24,"regions_unexplored:gray_painted_planks":6,"minecraft:dark_oak_planks":235,"minecraft:tnt":2,"minecraft:arrow":18,"regions_unexplored:mauve_sapling":14,"minecraft:beetroot_seeds":12,"minecraft:deepslate_bricks":401,"sophisticatedbackpacks:copper_backpack":2,"alltheores:raw_osmium":104,"minecraft:glow_berries":6,"minecraft:leather":90,"regions_unexplored:stripped_mauve_log":2,"minecraft:oak_log":114,"minecraft:gunpowder":4,"regions_unexplored:aster":11,"alltheores:raw_zinc_block":1,"minecraft:apple":5,"minecraft:stone_bricks":89,"minecraft:iron_ingot":80,"minecraft:stone_pickaxe":1,"minecraft:cooked_chicken":5,"minecraft:gray_bed":11,"regions_unexplored:black_painted_stairs":9,"minecraft:book":42,"minecraft:stone_brick_slab":1,"minecraft:brush":2,"minecraft:dandelion":4,"minecraft:gravel":72,"regions_unexplored:blackwood_door":19,"minecraft:spruce_log":143,"minecraft:spruce_door":1,"minecraft:spider_eye":1,"minecraft:leather_helmet":2,"minecraft:stripped_jungle_log":1,"minecraft:pumpkin_seeds":4,"regions_unexplored:blackwood_trapdoor":7,"regions_unexplored:blackwood_sapling":40,"minecraft:iron_helmet":1,"minecraft:cherry_sapling":99,"alltheores:raw_silver":61,"minecraft:coal":236},"minecraft:dropped":{"sophisticatedbackpacks:iron_backpack":1,"minecraft:cooked_beef":16,"minecraft:oak_log":11,"alltheores:raw_nickel":1,"minecraft:crafting_table":1,"minecraft:leather":50,"improvableskills:parchment_fragment":1,"minecraft:chest_minecart":1,"minecraft:saddle":1,"minecraft:leather_helmet":2,"regions_unexplored:blackwood_door":1,"minecraft:flint":3,"minecraft:dirt":1318,"minecraft:melon":1,"minecraft:red_bed":2,"minecraft:dark_oak_fence":2,"minecraft:cornflower":1,"minecraft:jungle_sapling":7,"minecraft:gold_nugget":1,"minecraft:iron_pickaxe":1,"minecraft:dark_oak_planks":114,"minecraft:white_wool":1,"minecraft:bone":1,"minecraft:sugar_cane":1,"minecraft:iron_nugget":1,"minecraft:cobbled_deepslate":1,"minecraft:wheat":32,"minecraft:rotten_flesh":60,"minecraft:oak_planks":34,"minecraft:melon_seeds":3,"minecraft:beetroot_seeds":12,"minecraft:jungle_log":6,"apotheosis:gem":6,"minecraft:leather_boots":1,"minecraft:arrow":6,"regions_unexplored:blackwood_trapdoor":1,"minecraft:egg":3,"minecraft:crimson_planks":50,"minecraft:water_bucket":1,"minecraft:iron_ingot":50,"minecraft:bread":96,"minecraft:black_dye":1,"minecraft:wheat_seeds":47,"minecraft:tnt":2,"minecraft:feather":7,"minecraft:cobblestone":470,"minecraft:book":9,"alltheores:raw_platinum_block":1,"minecraft:granite":19,"alltheores:zinc_ingot":2,"ancient_elements:raw_palladium":1,"minecraft:spruce_stairs":1,"minecraft:stick":3,"minecraft:torch":19,"spartanweaponry:wooden_club":1,"regions_unexplored:redwood_log":1,"minecraft:fire_charge":1,"alltheores:raw_lead":5,"regions_unexplored:black_painted_planks":1,"minecraft:string":3,"minecraft:furnace":1,"alltheores:raw_osmium":68,"regions_unexplored:mauve_planks":16,"minecraft:pumpkin_seeds":4,"minecraft:lily_of_the_valley":2,"minecraft:potato":1,"minecraft:andesite":12,"minecraft:oak_sapling":11,"minecraft:stone_bricks":27},"minecraft:custom":{"minecraft:interact_with_crafting_table":168,"minecraft:open_barrel":7,"minecraft:leave_game":7,"minecraft:time_since_death":194110,"minecraft:damage_resisted":0,"minecraft:sprint_one_cm":1298786,"minecraft:drop":179,"minecraft:talked_to_villager":6,"minecraft:play_time":823738,"minecraft:deaths":6,"minecraft:jump":7938,"minecraft:walk_on_water_one_cm":19677,"minecraft:interact_with_furnace":151,"minecraft:sleep_in_bed":32,"minecraft:damage_dealt":22321,"minecraft:player_kills":2,"minecraft:crouch_one_cm":566597,"minecraft:horse_one_cm":10817976,"minecraft:mob_kills":156,"minecraft:damage_dealt_resisted":332,"minecraft:climb_one_cm":7329,"minecraft:walk_one_cm":1757173,"minecraft:damage_dealt_absorbed":160,"minecraft:sneak_time":108735,"minecraft:walk_under_water_one_cm":23155,"minecraft:interact_with_blast_furnace":2,"minecraft:total_world_time":823738,"minecraft:time_since_rest":69248,"minecraft:damage_taken":7370,"minecraft:trigger_trapped_chest":5,"minecraft:swim_one_cm":13571,"minecraft:fly_one_cm":1578889,"minecraft:open_chest":288,"minecraft:fall_one_cm":198567}},"DataVersion":3465}