{"stats":{"minecraft:killed":{"minecraft:spider":4,"minecraft:vindicator":1,"minecraft:skeleton":2,"minecraft:chicken":3,"minecraft:pig":8,"minecraft:pillager":1,"minecraft:zombie":9,"minecraft:cow":13},"minecraft:crafted":{"minecraft:saddle":1,"minecraft:oak_planks":8,"minecraft:cooked_chicken":1,"minecraft:furnace":4,"alltheores:silver_ingot":49,"alltheores:zinc_ingot":2,"minecraft:stone_pickaxe":1,"minecraft:chest":1,"spartanweaponry:silver_battle_hammer":1,"sophisticatedbackpacks:iron_backpack":1,"minecraft:cooked_beef":5,"knightquest:great_essence":1,"sophisticatedbackpacks:backpack":1,"minecraft:cooked_porkchop":12,"minecraft:crafting_table":6,"minecraft:wooden_pickaxe":1,"spartanweaponry:handle":4,"minecraft:air":0,"minecraft:stick":4,"minecraft:iron_ingot":25,"minecraft:iron_pickaxe":2,"minecraft:wooden_axe":2,"minecraft:gold_ingot":3,"alltheores:raw_zinc":9,"minecraft:torch":28},"minecraft:killed_by":{"minecraft:spider":1,"minecraft:skeleton":1,"mythicmounts:dragon":2},"minecraft:picked_up":{"minecraft:crafting_table":6,"minecraft:chicken":1,"minecraft:chest_minecart":1,"minecraft:red_bed":5,"minecraft:string":3,"minecraft:activator_rail":4,"minecraft:cobbled_deepslate":175,"minecraft:candle":4,"improvableskills:scroll_normal":1,"minecraft:beef":5,"minecraft:sugar_cane":3,"minecraft:furnace":2,"minecraft:egg":1,"minecraft:stick":48,"minecraft:raw_iron":63,"alltheores:raw_zinc":17,"minecraft:torch":32,"minecraft:porkchop":12,"alltheores:raw_platinum_block":1,"minecraft:diorite":7,"minecraft:redstone":24,"minecraft:arrow":14,"minecraft:rotten_flesh":12,"regions_unexplored:mauve_sapling":8,"minecraft:beetroot_seeds":12,"regions_unexplored:mauve_log":40,"alltheores:raw_osmium":104,"minecraft:glow_berries":6,"minecraft:cobblestone":247,"minecraft:feather":7,"minecraft:cooked_beef":64,"minecraft:andesite":18,"minecraft:leather":40,"minecraft:tuff":7,"minecraft:oak_log":80,"minecraft:dirt":42,"regions_unexplored:aster":11,"alltheores:raw_zinc_block":1,"alltheores:raw_tin":17,"minecraft:bone":3,"minecraft:apple":5,"minecraft:wheat_seeds":11,"minecraft:iron_ingot":26,"minecraft:cooked_chicken":2,"minecraft:gray_bed":3,"minecraft:oak_planks":66,"minecraft:cooked_porkchop":12,"regions_unexplored:salmonberry":22,"alltheores:raw_lead":4,"celestial_artifacts:fang_necklace":1,"minecraft:spider_eye":1,"artifacts:plastic_drinking_hat":1,"alltheores:raw_nickel":8,"regions_unexplored:hyssop":10,"minecraft:pumpkin_seeds":4,"minecraft:diamond":9,"alltheores:raw_aluminum":41,"minecraft:granite":25,"regions_unexplored:redwood_shrub":2,"knightquest:small_essence":4,"alltheores:raw_silver":61,"minecraft:golden_apple":1,"minecraft:bread":24,"minecraft:emerald":1,"minecraft:oak_sapling":48,"minecraft:dark_oak_fence":2,"minecraft:coal":93},"minecraft:custom":{"minecraft:mob_kills":76,"minecraft:interact_with_crafting_table":29,"minecraft:open_barrel":7,"minecraft:leave_game":2,"minecraft:time_since_death":60376,"minecraft:climb_one_cm":718,"minecraft:sprint_one_cm":344562,"minecraft:walk_one_cm":310446,"minecraft:drop":39,"minecraft:talked_to_villager":2,"minecraft:play_time":201921,"minecraft:deaths":4,"minecraft:sneak_time":10749,"minecraft:walk_under_water_one_cm":13827,"minecraft:jump":2268,"minecraft:interact_with_blast_furnace":2,"minecraft:walk_on_water_one_cm":15591,"minecraft:total_world_time":201921,"minecraft:interact_with_furnace":46,"minecraft:sleep_in_bed":6,"minecraft:time_since_rest":10573,"minecraft:damage_taken":3148,"minecraft:trigger_trapped_chest":1,"minecraft:damage_dealt":9137,"minecraft:swim_one_cm":4704,"minecraft:fly_one_cm":420470,"minecraft:open_chest":45,"minecraft:crouch_one_cm":31365,"minecraft:fall_one_cm":67227,"minecraft:horse_one_cm":3397021},"minecraft:used":{"minecraft:cooked_chicken":3,"minecraft:torch":22,"minecraft:dirt":18,"minecraft:carrot":4,"minecraft:tuff":7,"minecraft:granite":3,"regions_unexplored:hyssop":1,"minecraft:wooden_axe":40,"minecraft:furnace":4,"minecraft:gray_bed":2,"minecraft:cooked_beef":3,"minecraft:cobbled_deepslate":141,"minecraft:diorite":4,"minecraft:stone_pickaxe":122,"minecraft:oak_planks":11,"minecraft:wooden_pickaxe":13,"minecraft:diamond_axe":94,"minecraft:crafting_table":10,"minecraft:red_bed":3,"regions_unexplored:redwood_shrub":2,"minecraft:apple":3,"minecraft:bread":9,"minecraft:iron_pickaxe":599,"spartanweaponry:silver_battle_hammer":51,"minecraft:cobblestone":69,"minecraft:cooked_porkchop":16,"minecraft:andesite":1,"minecraft:golden_pickaxe":64},"minecraft:mined":{"minecraft:tuff":9,"minecraft:oak_sapling":1,"alltheores:zinc_ore":11,"minecraft:deepslate_diamond_ore":5,"minecraft:candle":1,"alltheores:osmium_ore":2,"alltheores:deepslate_aluminum_ore":30,"minecraft:glow_lichen":1,"minecraft:granite":25,"minecraft:dark_oak_fence":2,"minecraft:allium":1,"minecraft:grass_block":5,"alltheores:deepslate_silver_ore":9,"regions_unexplored:aster":12,"minecraft:spawner":1,"alltheores:deepslate_tin_ore":8,"minecraft:large_fern":2,"minecraft:furnace":2,"minecraft:iron_ore":30,"minecraft:cobbled_deepslate":13,"minecraft:andesite":18,"alltheores:lead_ore":3,"minecraft:deepslate_iron_ore":10,"alltheores:silver_ore":41,"regions_unexplored:medium_grass":12,"minecraft:stone":241,"alltheores:nickel_ore":4,"regions_unexplored:windswept_grass":19,"minecraft:podzol":4,"regions_unexplored:redwood_shrub":3,"minecraft:deepslate_redstone_ore":5,"alltheores:raw_zinc_block":1,"minecraft:red_bed":4,"minecraft:crafting_table":6,"minecraft:torch":8,"minecraft:cobblestone":4,"regions_unexplored:mauve_log":5,"minecraft:sugar_cane":1,"alltheores:deepslate_nickel_ore":1,"minecraft:diorite":13,"minecraft:wall_torch":6,"regions_unexplored:hyssop":11,"regions_unexplored:sandy_tall_grass":1,"alltheores:deepslate_osmium_ore":24,"minecraft:gray_bed":3,"alltheores:tin_ore":2,"minecraft:tnt":1,"minecraft:grass":14,"minecraft:oak_log":4,"minecraft:coal_ore":62,"minecraft:dirt":15,"alltheores:raw_platinum_block":1,"alltheores:deepslate_zinc_ore":1,"minecraft:deepslate":161,"minecraft:fern":4},"minecraft:dropped":{"minecraft:bread":24,"minecraft:wheat_seeds":11,"minecraft:crafting_table":1,"minecraft:feather":7,"minecraft:cobblestone":13,"alltheores:raw_platinum_block":1,"improvableskills:parchment_fragment":1,"minecraft:granite":19,"alltheores:zinc_ingot":2,"minecraft:red_bed":2,"minecraft:dark_oak_fence":2,"alltheores:raw_lead":4,"minecraft:furnace":1,"alltheores:raw_osmium":68,"minecraft:wheat":7,"minecraft:rotten_flesh":11,"minecraft:pumpkin_seeds":4,"minecraft:andesite":12,"minecraft:beetroot_seeds":12,"minecraft:melon_seeds":3,"minecraft:arrow":6,"minecraft:egg":1},"minecraft:broken":{"spartanweaponry:silver_battle_hammer":1,"minecraft:stone_pickaxe":1,"minecraft:iron_pickaxe":2,"minecraft:golden_pickaxe":2,"minecraft:wooden_axe":2}},"DataVersion":3465}