{"stats":{"minecraft:used":{"minecraft:iron_shovel":1804,"minecraft:chest":6,"regions_unexplored:mauve_log":31,"spartanweaponry:iron_javelin":8,"regions_unexplored:black_painted_stairs":17,"minecraft:carrot":4,"regions_unexplored:mauve_sapling":8,"minecraft:tuff":7,"regions_unexplored:blackwood_door":6,"minecraft:lantern":3,"regions_unexplored:black_painted_planks":26,"minecraft:stone_bricks":159,"minecraft:item_frame":2,"regions_unexplored:black_painted_slab":8,"minecraft:bow":6,"minecraft:furnace":7,"minecraft:gray_bed":9,"minecraft:egg":17,"minecraft:deepslate_brick_wall":6,"minecraft:diorite":4,"minecraft:stone_pickaxe":122,"minecraft:oak_planks":11,"minecraft:wooden_pickaxe":13,"minecraft:diamond_axe":647,"minecraft:glow_berries":5,"minecraft:dark_oak_trapdoor":7,"regions_unexplored:blackwood_fence":3,"regions_unexplored:mauve_planks":250,"regions_unexplored:redwood_log":2,"minecraft:dark_oak_log":1,"regions_unexplored:blackwood_sapling":4,"minecraft:bread":25,"minecraft:deepslate":11,"minecraft:gravel":7,"regions_unexplored:blackwood_planks":151,"minecraft:dark_oak_fence":12,"minecraft:andesite":1,"minecraft:golden_pickaxe":64,"ancient_elements:meteorite_block":1,"minecraft:spruce_planks":3,"minecraft:cooked_chicken":6,"minecraft:torch":86,"minecraft:dirt":1260,"minecraft:spruce_stairs":1,"minecraft:chainmail_chestplate":1,"minecraft:golden_shovel":32,"minecraft:granite":3,"regions_unexplored:hyssop":10,"minecraft:dark_oak_planks":13,"minecraft:wooden_axe":40,"minecraft:jungle_log":1,"minecraft:crimson_planks":11,"minecraft:cooked_beef":3,"minecraft:cobbled_deepslate":143,"minecraft:cherry_log":5,"regions_unexplored:blackwood_log":3,"minecraft:water_bucket":6,"minecraft:cherry_planks":72,"minecraft:deepslate_bricks":314,"minecraft:crafting_table":14,"minecraft:red_bed":3,"minecraft:campfire":7,"regions_unexplored:blackwood_trapdoor":6,"regions_unexplored:gray_painted_stairs":6,"regions_unexplored:redwood_shrub":2,"minecraft:flower_pot":1,"minecraft:apple":3,"minecraft:iron_pickaxe":1320,"spartanweaponry:silver_battle_hammer":51,"minecraft:spruce_trapdoor":10,"regions_unexplored:stripped_mauve_log":1,"minecraft:cobblestone":85,"minecraft:cooked_porkchop":30,"minecraft:bucket":7,"minecraft:pumpkin_pie":3,"regions_unexplored:gray_painted_planks":6,"minecraft:chainmail_leggings":1},"minecraft:picked_up":{"minecraft:flower_pot":1,"minecraft:lead":8,"minecraft:crimson_planks":61,"minecraft:string":4,"minecraft:dark_oak_trapdoor":7,"ancient_elements:meteorite_block":1,"minecraft:activator_rail":4,"minecraft:cobbled_deepslate":188,"minecraft:spruce_planks":3,"artifacts:aqua_dashers":1,"regions_unexplored:blackwood_log":41,"regions_unexplored:redwood_log":3,"minecraft:furnace":3,"regions_unexplored:blackwood_planks":87,"minecraft:stick":65,"apotheosis:gem":10,"minecraft:deepslate_brick_wall":4,"minecraft:torch":84,"minecraft:spruce_stairs":2,"minecraft:porkchop":12,"minecraft:cherry_log":43,"minecraft:diorite":7,"regions_unexplored:blackwood_fence":3,"minecraft:rotten_flesh":40,"regions_unexplored:mauve_log":70,"minecraft:cobblestone":668,"minecraft:feather":11,"minecraft:cooked_beef":69,"minecraft:cherry_planks":3,"minecraft:jungle_log":18,"minecraft:andesite":18,"minecraft:potato":11,"regions_unexplored:black_painted_planks":10,"minecraft:flint":3,"minecraft:tuff":7,"regions_unexplored:stripped_blackwood_log":1,"minecraft:dirt":2460,"minecraft:lantern":3,"minecraft:bone":5,"alltheores:raw_tin":17,"minecraft:wheat_seeds":56,"minecraft:bell":1,"regions_unexplored:blackwood_shrub":1,"minecraft:oak_planks":66,"regions_unexplored:black_painted_slab":2,"regions_unexplored:tall_blue_bioshroom":1,"minecraft:cooked_porkchop":19,"patchouli:guide_book":1,"regions_unexplored:salmonberry":22,"alltheores:raw_lead":4,"celestial_artifacts:fang_necklace":1,"minecraft:melon":2,"minecraft:ink_sac":17,"minecraft:dark_oak_log":37,"alltheores:raw_nickel":8,"artifacts:plastic_drinking_hat":1,"regions_unexplored:mauve_planks":98,"regions_unexplored:hyssop":10,"minecraft:diamond":9,"waystones:waystone":1,"alltheores:raw_aluminum":41,"knightquest:small_essence":10,"regions_unexplored:redwood_shrub":2,"minecraft:granite":25,"minecraft:golden_apple":1,"minecraft:emerald":1,"minecraft:bread":72,"minecraft:oak_sapling":59,"minecraft:dark_oak_fence":2,"minecraft:charcoal":8,"minecraft:crafting_table":9,"minecraft:chicken":1,"minecraft:chest_minecart":1,"minecraft:stripped_cherry_log":5,"regions_unexplored:blue_bioshroom":1,"minecraft:red_bed":5,"minecraft:item_frame":2,"regions_unexplored:gray_painted_stairs":6,"minecraft:candle":4,"improvableskills:scroll_normal":1,"minecraft:beef":5,"minecraft:jungle_sapling":2,"minecraft:poppy":5,"minecraft:sugar_cane":12,"minecraft:chest":5,"minecraft:spruce_trapdoor":10,"minecraft:egg":19,"minecraft:raw_iron":63,"alltheores:raw_zinc":17,"alltheores:raw_platinum_block":1,"minecraft:carrot":1,"minecraft:redstone":24,"regions_unexplored:gray_painted_planks":6,"minecraft:dark_oak_planks":13,"minecraft:arrow":14,"regions_unexplored:mauve_sapling":8,"minecraft:beetroot_seeds":12,"minecraft:deepslate_bricks":231,"sophisticatedbackpacks:copper_backpack":1,"alltheores:raw_osmium":104,"minecraft:glow_berries":6,"minecraft:leather":40,"regions_unexplored:stripped_mauve_log":2,"minecraft:oak_log":82,"minecraft:gunpowder":1,"regions_unexplored:aster":11,"alltheores:raw_zinc_block":1,"minecraft:apple":5,"minecraft:stone_bricks":36,"minecraft:iron_ingot":30,"minecraft:stone_pickaxe":1,"minecraft:cooked_chicken":5,"minecraft:gray_bed":9,"regions_unexplored:black_painted_stairs":9,"minecraft:book":12,"minecraft:dandelion":2,"minecraft:gravel":14,"regions_unexplored:blackwood_door":2,"minecraft:spider_eye":1,"minecraft:leather_helmet":2,"minecraft:stripped_jungle_log":1,"minecraft:pumpkin_seeds":4,"regions_unexplored:blackwood_trapdoor":4,"regions_unexplored:blackwood_sapling":4,"minecraft:cherry_sapling":10,"alltheores:raw_silver":61,"minecraft:coal":143},"minecraft:crafted":{"minecraft:black_dye":17,"minecraft:oak_planks":20,"minecraft:cooked_chicken":1,"minecraft:stone":148,"regions_unexplored:blackwood_trapdoor":2,"alltheores:silver_ingot":49,"alltheores:zinc_ingot":2,"minecraft:chest":3,"regions_unexplored:black_painted_slab":6,"minecraft:stone_bricks":148,"regions_unexplored:gray_painted_stairs":4,"regions_unexplored:gray_painted_planks":24,"minecraft:deepslate":11,"knightquest:great_essence":1,"sophisticatedbackpacks:backpack":2,"minecraft:cooked_porkchop":15,"minecraft:crafting_table":6,"regions_unexplored:black_painted_stairs":8,"minecraft:wooden_pickaxe":1,"minecraft:campfire":7,"minecraft:stick":4,"minecraft:iron_ingot":25,"minecraft:iron_pickaxe":2,"regions_unexplored:blackwood_door":6,"minecraft:gold_ingot":3,"minecraft:deepslate_bricks":132,"minecraft:cherry_planks":72,"regions_unexplored:blackwood_planks":96,"minecraft:saddle":1,"minecraft:iron_nugget":9,"minecraft:furnace":5,"minecraft:dark_oak_trapdoor":2,"minecraft:gray_dye":4,"minecraft:bone_meal":9,"regions_unexplored:black_painted_planks":32,"minecraft:lantern":1,"minecraft:dark_oak_fence":12,"minecraft:deepslate_brick_wall":6,"regions_unexplored:mauve_planks":160,"minecraft:polished_deepslate":132,"minecraft:stone_pickaxe":1,"regions_unexplored:blackwood_fence":3,"minecraft:dark_oak_planks":144,"spartanweaponry:silver_battle_hammer":1,"sophisticatedbackpacks:iron_backpack":2,"minecraft:cooked_beef":6,"spartanweaponry:handle":4,"minecraft:air":0,"minecraft:jungle_planks":44,"minecraft:white_wool":1,"minecraft:white_dye":3,"minecraft:wooden_axe":2,"minecraft:iron_shovel":8,"alltheores:raw_zinc":9,"minecraft:torch":44},"minecraft:killed_by":{"mythicmounts:dragon":2,"minecraft:spider":1,"minecraft:skeleton":1},"minecraft:mined":{"minecraft:dark_oak_planks":13,"minecraft:oak_sapling":3,"minecraft:cherry_log":18,"alltheores:deepslate_aluminum_ore":30,"minecraft:granite":25,"minecraft:grass_block":1438,"minecraft:jungle_log":3,"minecraft:deepslate_bricks":231,"regions_unexplored:blue_bioshroom":1,"minecraft:spawner":1,"regions_unexplored:blue_bioshroom_block":1,"minecraft:dark_oak_trapdoor":7,"minecraft:cobbled_deepslate":15,"minecraft:iron_ore":30,"minecraft:fire":1,"minecraft:dirt_path":36,"alltheores:nickel_ore":4,"regions_unexplored:stripped_mauve_log":2,"minecraft:deepslate_redstone_ore":5,"minecraft:red_bed":4,"minecraft:deepslate_brick_wall":4,"minecraft:torch":21,"minecraft:poppy":5,"minecraft:chest":5,"minecraft:cobblestone":20,"minecraft:sugar_cane":4,"regions_unexplored:blackwood_sapling":2,"alltheores:deepslate_nickel_ore":1,"minecraft:wall_torch":28,"regions_unexplored:blackwood_fence":3,"regions_unexplored:hyssop":11,"regions_unexplored:sandy_tall_grass":1,"alltheores:deepslate_osmium_ore":24,"regions_unexplored:mauve_planks":98,"alltheores:tin_ore":2,"minecraft:tnt":1,"regions_unexplored:black_painted_planks":10,"minecraft:grass":99,"minecraft:oak_log":6,"minecraft:crimson_planks":11,"minecraft:dirt":397,"alltheores:raw_platinum_block":1,"minecraft:oak_leaves":8,"minecraft:deepslate":172,"minecraft:tuff":9,"regions_unexplored:blackwood_trapdoor":4,"alltheores:zinc_ore":11,"minecraft:deepslate_diamond_ore":5,"minecraft:candle":1,"alltheores:osmium_ore":2,"minecraft:stripped_cherry_log":5,"minecraft:dark_oak_log":37,"minecraft:glow_lichen":1,"regions_unexplored:gray_painted_planks":6,"minecraft:dark_oak_fence":2,"minecraft:allium":1,"regions_unexplored:black_painted_stairs":9,"alltheores:deepslate_silver_ore":9,"regions_unexplored:aster":12,"ancient_elements:meteorite_block":1,"alltheores:deepslate_tin_ore":8,"minecraft:large_fern":3,"minecraft:furnace":3,"regions_unexplored:gray_painted_stairs":6,"regions_unexplored:stripped_blackwood_log":1,"minecraft:andesite":18,"alltheores:lead_ore":3,"minecraft:bell":1,"minecraft:deepslate_iron_ore":10,"minecraft:vine":2,"minecraft:lantern":2,"minecraft:stripped_jungle_log":1,"alltheores:silver_ore":41,"regions_unexplored:medium_grass":13,"minecraft:stone":637,"regions_unexplored:redwood_log":1,"regions_unexplored:windswept_grass":19,"minecraft:podzol":4,"regions_unexplored:redwood_shrub":3,"alltheores:raw_zinc_block":1,"minecraft:cherry_planks":3,"regions_unexplored:blackwood_planks":87,"minecraft:dandelion":2,"minecraft:crafting_table":9,"minecraft:campfire":4,"regions_unexplored:blackwood_log":27,"minecraft:tall_grass":1,"regions_unexplored:mauve_log":35,"minecraft:diorite":13,"minecraft:gray_bed":9,"regions_unexplored:black_painted_slab":2,"regions_unexplored:tall_blue_bioshroom":1,"minecraft:coal_ore":89,"minecraft:cherry_leaves":1,"minecraft:gravel":15,"regions_unexplored:blackwood_shrub":1,"regions_unexplored:blackwood_leaves":3,"minecraft:stone_bricks":27,"alltheores:deepslate_zinc_ore":1,"minecraft:fern":33},"minecraft:dropped":{"minecraft:crafting_table":1,"improvableskills:parchment_fragment":1,"minecraft:chest_minecart":1,"minecraft:leather_helmet":2,"minecraft:flint":3,"minecraft:dirt":1156,"minecraft:melon":1,"minecraft:red_bed":2,"minecraft:dark_oak_fence":2,"minecraft:jungle_sapling":7,"minecraft:gold_nugget":1,"minecraft:white_wool":1,"minecraft:bone":1,"minecraft:sugar_cane":1,"minecraft:cobbled_deepslate":1,"minecraft:wheat":32,"minecraft:rotten_flesh":39,"minecraft:melon_seeds":3,"minecraft:beetroot_seeds":12,"minecraft:jungle_log":6,"apotheosis:gem":5,"minecraft:arrow":6,"minecraft:egg":2,"minecraft:crimson_planks":50,"minecraft:bread":96,"minecraft:wheat_seeds":31,"minecraft:feather":7,"minecraft:cobblestone":22,"minecraft:book":9,"alltheores:raw_platinum_block":1,"minecraft:granite":19,"alltheores:zinc_ingot":2,"minecraft:spruce_stairs":1,"minecraft:torch":19,"regions_unexplored:redwood_log":1,"minecraft:fire_charge":1,"alltheores:raw_lead":4,"regions_unexplored:black_painted_planks":1,"minecraft:string":1,"minecraft:furnace":1,"alltheores:raw_osmium":68,"minecraft:pumpkin_seeds":4,"minecraft:potato":1,"minecraft:andesite":12,"minecraft:oak_sapling":11},"minecraft:broken":{"spartanweaponry:silver_battle_hammer":1,"minecraft:iron_shovel":7,"minecraft:golden_shovel":1,"minecraft:stone_pickaxe":1,"minecraft:wooden_axe":2,"aether:chainmail_gloves":1,"minecraft:iron_pickaxe":5,"minecraft:golden_pickaxe":2},"minecraft:killed":{"minecraft:spider":4,"minecraft:skeleton":5,"minecraft:chicken":5,"minecraft:pig":11,"minecraft:pillager":1,"minecraft:zombie":28,"minecraft:cow":14,"minecraft:vindicator":1,"minecraft:squid":10},"minecraft:custom":{"minecraft:interact_with_crafting_table":87,"minecraft:open_barrel":7,"minecraft:leave_game":4,"minecraft:time_since_death":380612,"minecraft:sprint_one_cm":714699,"minecraft:drop":117,"minecraft:talked_to_villager":6,"minecraft:play_time":522157,"minecraft:deaths":4,"minecraft:jump":4755,"minecraft:walk_on_water_one_cm":18344,"minecraft:interact_with_furnace":81,"minecraft:sleep_in_bed":28,"minecraft:damage_dealt":14915,"minecraft:crouch_one_cm":295176,"minecraft:horse_one_cm":9037513,"minecraft:mob_kills":124,"minecraft:damage_dealt_resisted":59,"minecraft:climb_one_cm":3427,"minecraft:walk_one_cm":1038189,"minecraft:damage_dealt_absorbed":160,"minecraft:sneak_time":53672,"minecraft:walk_under_water_one_cm":22910,"minecraft:interact_with_blast_furnace":2,"minecraft:total_world_time":522157,"minecraft:time_since_rest":3991,"minecraft:damage_taken":4575,"minecraft:trigger_trapped_chest":2,"minecraft:swim_one_cm":12565,"minecraft:fly_one_cm":919802,"minecraft:open_chest":93,"minecraft:fall_one_cm":124014}},"DataVersion":3465}