{"stats":{"minecraft:killed":{"minecraft:spider":3,"minecraft:skeleton":2,"minecraft:chicken":1,"minecraft:pig":6,"minecraft:zombie":9,"minecraft:cow":6},"minecraft:crafted":{"minecraft:saddle":1,"minecraft:oak_planks":8,"minecraft:cooked_chicken":1,"minecraft:furnace":3,"alltheores:silver_ingot":49,"alltheores:zinc_ingot":2,"minecraft:stone_pickaxe":1,"minecraft:chest":1,"spartanweaponry:silver_battle_hammer":1,"sophisticatedbackpacks:iron_backpack":1,"minecraft:cooked_beef":5,"sophisticatedbackpacks:backpack":1,"minecraft:cooked_porkchop":12,"minecraft:crafting_table":5,"minecraft:wooden_pickaxe":1,"spartanweaponry:handle":4,"minecraft:air":0,"minecraft:stick":4,"minecraft:iron_ingot":25,"minecraft:iron_pickaxe":2,"minecraft:wooden_axe":2,"alltheores:raw_zinc":9,"minecraft:torch":28},"minecraft:killed_by":{"minecraft:spider":1,"minecraft:skeleton":1},"minecraft:picked_up":{"minecraft:crafting_table":4,"minecraft:chicken":1,"minecraft:chest_minecart":1,"minecraft:red_bed":1,"minecraft:string":3,"minecraft:activator_rail":4,"minecraft:cobbled_deepslate":156,"minecraft:candle":4,"improvableskills:scroll_normal":1,"minecraft:beef":5,"minecraft:egg":1,"minecraft:furnace":1,"minecraft:raw_iron":52,"minecraft:stick":38,"alltheores:raw_zinc":17,"minecraft:torch":25,"minecraft:porkchop":12,"alltheores:raw_platinum_block":1,"minecraft:diorite":7,"minecraft:redstone":24,"minecraft:arrow":10,"minecraft:rotten_flesh":12,"minecraft:beetroot_seeds":12,"alltheores:raw_osmium":104,"minecraft:glow_berries":6,"minecraft:cobblestone":216,"minecraft:feather":7,"minecraft:cooked_beef":16,"minecraft:andesite":17,"minecraft:leather":12,"minecraft:tuff":1,"minecraft:oak_log":80,"minecraft:dirt":18,"alltheores:raw_zinc_block":1,"alltheores:raw_tin":17,"minecraft:bone":3,"minecraft:apple":3,"minecraft:wheat_seeds":6,"minecraft:gray_bed":1,"minecraft:oak_planks":66,"minecraft:cooked_porkchop":8,"regions_unexplored:salmonberry":22,"alltheores:raw_lead":4,"celestial_artifacts:fang_necklace":1,"minecraft:spider_eye":1,"artifacts:plastic_drinking_hat":1,"alltheores:raw_nickel":8,"minecraft:pumpkin_seeds":4,"minecraft:diamond":9,"alltheores:raw_aluminum":41,"minecraft:granite":25,"knightquest:small_essence":3,"regions_unexplored:redwood_shrub":2,"alltheores:raw_silver":61,"minecraft:golden_apple":1,"minecraft:oak_sapling":48,"minecraft:coal":79},"minecraft:custom":{"minecraft:mob_kills":40,"minecraft:interact_with_crafting_table":28,"minecraft:open_barrel":7,"minecraft:leave_game":1,"minecraft:time_since_death":12975,"minecraft:climb_one_cm":718,"minecraft:sprint_one_cm":254038,"minecraft:walk_one_cm":238783,"minecraft:drop":31,"minecraft:play_time":118754,"minecraft:deaths":2,"minecraft:sneak_time":10389,"minecraft:walk_under_water_one_cm":13610,"minecraft:jump":1656,"minecraft:interact_with_blast_furnace":2,"minecraft:walk_on_water_one_cm":14537,"minecraft:total_world_time":118754,"minecraft:interact_with_furnace":42,"minecraft:sleep_in_bed":1,"minecraft:time_since_rest":13038,"minecraft:damage_taken":1640,"minecraft:trigger_trapped_chest":1,"minecraft:damage_dealt":5753,"minecraft:swim_one_cm":4621,"minecraft:fly_one_cm":292152,"minecraft:open_chest":26,"minecraft:crouch_one_cm":29735,"minecraft:fall_one_cm":47152,"minecraft:horse_one_cm":123772},"minecraft:used":{"minecraft:cooked_chicken":1,"minecraft:torch":11,"minecraft:dirt":14,"minecraft:tuff":1,"minecraft:granite":3,"minecraft:wooden_axe":40,"minecraft:furnace":3,"minecraft:cooked_beef":3,"minecraft:cobbled_deepslate":109,"minecraft:diorite":4,"minecraft:stone_pickaxe":122,"minecraft:oak_planks":11,"minecraft:wooden_pickaxe":13,"minecraft:diamond_axe":18,"minecraft:crafting_table":8,"regions_unexplored:redwood_shrub":2,"minecraft:apple":3,"minecraft:bread":2,"minecraft:iron_pickaxe":541,"spartanweaponry:silver_battle_hammer":51,"minecraft:cobblestone":28,"minecraft:cooked_porkchop":12,"minecraft:golden_pickaxe":64},"minecraft:dropped":{"minecraft:wheat_seeds":6,"minecraft:crafting_table":1,"minecraft:feather":7,"minecraft:cobblestone":13,"alltheores:raw_platinum_block":1,"improvableskills:parchment_fragment":1,"minecraft:granite":19,"alltheores:zinc_ingot":2,"alltheores:raw_lead":4,"minecraft:furnace":1,"alltheores:raw_osmium":68,"minecraft:rotten_flesh":10,"minecraft:pumpkin_seeds":4,"minecraft:andesite":12,"minecraft:beetroot_seeds":12,"minecraft:melon_seeds":3,"minecraft:arrow":6,"minecraft:egg":1},"minecraft:mined":{"minecraft:tuff":3,"minecraft:oak_sapling":1,"alltheores:zinc_ore":11,"minecraft:deepslate_diamond_ore":5,"minecraft:candle":1,"alltheores:osmium_ore":2,"alltheores:deepslate_aluminum_ore":30,"minecraft:glow_lichen":1,"minecraft:granite":25,"minecraft:grass_block":5,"alltheores:deepslate_silver_ore":9,"minecraft:spawner":1,"alltheores:deepslate_tin_ore":8,"minecraft:large_fern":1,"minecraft:furnace":1,"minecraft:iron_ore":30,"minecraft:andesite":17,"alltheores:lead_ore":3,"minecraft:deepslate_iron_ore":10,"alltheores:silver_ore":41,"regions_unexplored:medium_grass":6,"alltheores:nickel_ore":4,"minecraft:stone":214,"regions_unexplored:windswept_grass":19,"minecraft:podzol":4,"regions_unexplored:redwood_shrub":3,"minecraft:deepslate_redstone_ore":5,"alltheores:raw_zinc_block":1,"minecraft:red_bed":1,"minecraft:crafting_table":4,"minecraft:torch":4,"alltheores:deepslate_nickel_ore":1,"minecraft:diorite":13,"minecraft:wall_torch":3,"regions_unexplored:sandy_tall_grass":1,"alltheores:deepslate_osmium_ore":24,"minecraft:gray_bed":1,"alltheores:tin_ore":2,"minecraft:tnt":1,"minecraft:grass":8,"minecraft:coal_ore":62,"minecraft:oak_log":4,"minecraft:dirt":8,"alltheores:raw_platinum_block":1,"alltheores:deepslate_zinc_ore":1,"minecraft:deepslate":155,"minecraft:fern":3},"minecraft:broken":{"spartanweaponry:silver_battle_hammer":1,"minecraft:stone_pickaxe":1,"minecraft:iron_pickaxe":2,"minecraft:golden_pickaxe":2,"minecraft:wooden_axe":2}},"DataVersion":3465}