{"stats":{"minecraft:killed_by":{"minecraft:witch":1,"mythicmounts:dragon":2,"minecraft:spider":1,"minecraft:skeleton":1},"minecraft:killed":{"minecraft:spider":4,"minecraft:skeleton":7,"minecraft:chicken":5,"minecraft:pig":12,"irons_spellbooks:necromancer":1,"minecraft:pillager":1,"minecraft:zombie":29,"minecraft:cow":14,"irons_spellbooks:summoned_zombie":3,"minecraft:vindicator":1,"minecraft:squid":10,"minecraft:villager":1},"minecraft:picked_up":{"minecraft:flower_pot":1,"minecraft:lead":10,"minecraft:stone_brick_stairs":5,"minecraft:crimson_planks":61,"minecraft:string":4,"minecraft:dark_oak_trapdoor":7,"ancient_elements:meteorite_block":1,"minecraft:activator_rail":4,"irons_spellbooks:arcane_essence":1,"minecraft:cobbled_deepslate":189,"minecraft:bucket":1,"minecraft:spruce_planks":3,"artifacts:aqua_dashers":1,"regions_unexplored:blackwood_log":157,"minecraft:furnace":3,"regions_unexplored:redwood_log":3,"regions_unexplored:blackwood_planks":143,"minecraft:stick":97,"apotheosis:gem":11,"minecraft:deepslate_brick_wall":8,"minecraft:torch":96,"minecraft:spruce_stairs":2,"minecraft:porkchop":12,"minecraft:cherry_log":59,"minecraft:diorite":7,"regions_unexplored:blackwood_fence":6,"minecraft:rotten_flesh":55,"regions_unexplored:mauve_log":82,"minecraft:cobblestone":741,"minecraft:feather":22,"minecraft:cooked_beef":85,"minecraft:cherry_planks":5,"minecraft:cherry_leaves":4,"minecraft:andesite":18,"minecraft:jungle_log":18,"regions_unexplored:black_painted_planks":10,"minecraft:potato":11,"minecraft:flint":3,"minecraft:tuff":7,"regions_unexplored:stripped_blackwood_log":2,"regions_unexplored:blackwood_stairs":9,"minecraft:dirt":2581,"minecraft:lantern":3,"minecraft:leather_boots":1,"alltheores:raw_tin":17,"minecraft:bone":5,"minecraft:wheat_seeds":96,"minecraft:bell":1,"regions_unexplored:blackwood_shrub":1,"minecraft:oak_planks":102,"regions_unexplored:mauve_stairs":4,"regions_unexplored:black_painted_slab":2,"regions_unexplored:tall_blue_bioshroom":1,"minecraft:cooked_porkchop":21,"patchouli:guide_book":1,"regions_unexplored:salmonberry":22,"alltheores:raw_lead":4,"celestial_artifacts:fang_necklace":1,"minecraft:melon":2,"minecraft:ink_sac":17,"minecraft:dark_oak_log":37,"regions_unexplored:mauve_planks":125,"artifacts:plastic_drinking_hat":1,"alltheores:raw_nickel":8,"regions_unexplored:hyssop":10,"minecraft:diamond":9,"alltheores:raw_aluminum":41,"waystones:waystone":2,"regions_unexplored:redwood_shrub":2,"knightquest:small_essence":12,"minecraft:granite":25,"minecraft:bone_meal":6,"minecraft:golden_apple":1,"minecraft:emerald":1,"minecraft:bread":72,"minecraft:oak_sapling":72,"minecraft:dark_oak_fence":7,"minecraft:diamond_pickaxe":1,"minecraft:charcoal":8,"minecraft:crafting_table":14,"minecraft:chicken":1,"minecraft:chest_minecart":1,"minecraft:stripped_cherry_log":5,"regions_unexplored:blue_bioshroom":1,"minecraft:red_bed":5,"minecraft:oak_trapdoor":2,"minecraft:item_frame":2,"regions_unexplored:gray_painted_stairs":6,"minecraft:candle":4,"improvableskills:scroll_normal":1,"minecraft:beef":5,"minecraft:jungle_sapling":2,"minecraft:poppy":10,"minecraft:sugar_cane":12,"minecraft:chest":8,"minecraft:spruce_trapdoor":10,"minecraft:egg":23,"minecraft:raw_iron":63,"minecraft:stone":2,"alltheores:raw_zinc":17,"sophisticatedbackpacks:backpack":1,"alltheores:raw_platinum_block":1,"minecraft:carrot":1,"minecraft:redstone":24,"regions_unexplored:gray_painted_planks":6,"minecraft:dark_oak_planks":227,"minecraft:arrow":15,"regions_unexplored:mauve_sapling":14,"minecraft:beetroot_seeds":12,"minecraft:deepslate_bricks":331,"sophisticatedbackpacks:copper_backpack":1,"alltheores:raw_osmium":104,"minecraft:glow_berries":6,"minecraft:leather":90,"regions_unexplored:stripped_mauve_log":2,"minecraft:oak_log":113,"minecraft:gunpowder":1,"regions_unexplored:aster":11,"alltheores:raw_zinc_block":1,"minecraft:apple":5,"minecraft:stone_bricks":73,"minecraft:iron_ingot":80,"minecraft:stone_pickaxe":1,"minecraft:cooked_chicken":5,"minecraft:gray_bed":10,"regions_unexplored:black_painted_stairs":9,"minecraft:book":12,"minecraft:brush":2,"minecraft:stone_brick_slab":1,"minecraft:dandelion":4,"minecraft:gravel":14,"regions_unexplored:blackwood_door":17,"minecraft:spider_eye":1,"minecraft:leather_helmet":2,"minecraft:stripped_jungle_log":1,"minecraft:pumpkin_seeds":4,"regions_unexplored:blackwood_trapdoor":4,"regions_unexplored:blackwood_sapling":40,"minecraft:cherry_sapling":10,"alltheores:raw_silver":61,"minecraft:coal":165},"minecraft:broken":{"spartanweaponry:silver_battle_hammer":1,"minecraft:iron_shovel":7,"minecraft:golden_shovel":1,"minecraft:stone_pickaxe":1,"minecraft:wooden_axe":2,"aether:chainmail_gloves":1,"minecraft:iron_pickaxe":6,"minecraft:golden_pickaxe":2},"minecraft:dropped":{"sophisticatedbackpacks:iron_backpack":1,"minecraft:cooked_beef":16,"minecraft:oak_log":11,"minecraft:crafting_table":1,"minecraft:leather":50,"improvableskills:parchment_fragment":1,"minecraft:chest_minecart":1,"minecraft:saddle":1,"minecraft:leather_helmet":2,"regions_unexplored:blackwood_door":1,"minecraft:flint":3,"minecraft:dirt":1190,"minecraft:melon":1,"minecraft:red_bed":2,"minecraft:dark_oak_fence":2,"minecraft:jungle_sapling":7,"minecraft:gold_nugget":1,"minecraft:iron_pickaxe":1,"minecraft:dark_oak_planks":114,"minecraft:white_wool":1,"minecraft:bone":1,"minecraft:sugar_cane":1,"minecraft:iron_nugget":1,"minecraft:cobbled_deepslate":1,"minecraft:wheat":32,"minecraft:rotten_flesh":52,"minecraft:oak_planks":34,"minecraft:melon_seeds":3,"minecraft:beetroot_seeds":12,"minecraft:jungle_log":6,"minecraft:leather_boots":1,"apotheosis:gem":6,"minecraft:arrow":6,"minecraft:egg":2,"minecraft:iron_ingot":50,"minecraft:crimson_planks":50,"minecraft:water_bucket":1,"minecraft:bread":96,"minecraft:black_dye":1,"minecraft:wheat_seeds":46,"minecraft:feather":7,"minecraft:cobblestone":22,"minecraft:book":9,"alltheores:raw_platinum_block":1,"minecraft:granite":19,"alltheores:zinc_ingot":2,"minecraft:spruce_stairs":1,"minecraft:torch":19,"regions_unexplored:redwood_log":1,"minecraft:fire_charge":1,"alltheores:raw_lead":4,"regions_unexplored:black_painted_planks":1,"minecraft:string":1,"minecraft:furnace":1,"alltheores:raw_osmium":68,"regions_unexplored:mauve_planks":16,"minecraft:pumpkin_seeds":4,"minecraft:potato":1,"minecraft:andesite":12,"minecraft:oak_sapling":11,"minecraft:stone_bricks":27},"minecraft:used":{"minecraft:iron_shovel":1832,"regions_unexplored:blackwood_stairs":116,"minecraft:chest":11,"regions_unexplored:mauve_log":31,"spartanweaponry:iron_javelin":8,"regions_unexplored:black_painted_stairs":17,"minecraft:carrot":5,"regions_unexplored:mauve_sapling":10,"minecraft:tuff":7,"regions_unexplored:blackwood_door":17,"minecraft:lantern":4,"minecraft:cherry_leaves":4,"regions_unexplored:black_painted_planks":34,"minecraft:stone_brick_stairs":62,"minecraft:stone_bricks":213,"minecraft:item_frame":2,"regions_unexplored:black_painted_slab":8,"minecraft:bow":6,"minecraft:oak_sapling":13,"minecraft:furnace":7,"minecraft:gray_bed":10,"minecraft:egg":21,"minecraft:deepslate_brick_wall":6,"minecraft:diorite":4,"minecraft:oak_planks":11,"minecraft:stone_pickaxe":122,"minecraft:wooden_pickaxe":13,"minecraft:diamond_axe":908,"regions_unexplored:stripped_blackwood_log":1,"minecraft:glow_berries":5,"minecraft:dark_oak_trapdoor":7,"regions_unexplored:blackwood_fence":3,"regions_unexplored:mauve_planks":250,"minecraft:stone_brick_wall":6,"minecraft:shears":5,"minecraft:deepslate_brick_stairs":2,"regions_unexplored:redwood_log":2,"minecraft:dark_oak_log":1,"regions_unexplored:blackwood_sapling":4,"minecraft:bread":44,"regions_unexplored:mauve_stairs":4,"minecraft:deepslate":11,"minecraft:gravel":7,"regions_unexplored:blackwood_planks":165,"minecraft:dark_oak_fence":19,"minecraft:andesite":1,"minecraft:golden_pickaxe":64,"minecraft:oak_trapdoor":6,"ancient_elements:meteorite_block":1,"minecraft:spruce_planks":3,"minecraft:cooked_chicken":6,"minecraft:torch":102,"minecraft:dirt":1264,"minecraft:chainmail_chestplate":1,"minecraft:spruce_stairs":1,"minecraft:golden_shovel":32,"minecraft:granite":3,"regions_unexplored:hyssop":10,"minecraft:stone_brick_slab":9,"minecraft:dark_oak_planks":13,"minecraft:wooden_axe":40,"minecraft:jungle_log":1,"minecraft:crimson_planks":11,"minecraft:cooked_beef":3,"minecraft:cobbled_deepslate":143,"minecraft:cherry_log":5,"regions_unexplored:blackwood_log":40,"minecraft:water_bucket":13,"minecraft:cherry_planks":73,"minecraft:deepslate_bricks":412,"minecraft:crafting_table":21,"minecraft:red_bed":3,"minecraft:campfire":10,"regions_unexplored:blackwood_trapdoor":6,"regions_unexplored:gray_painted_stairs":6,"regions_unexplored:redwood_shrub":2,"regions_unexplored:blackwood_slab":8,"minecraft:flower_pot":1,"minecraft:apple":3,"minecraft:iron_pickaxe":1530,"spartanweaponry:silver_battle_hammer":51,"minecraft:spruce_trapdoor":10,"regions_unexplored:stripped_mauve_log":1,"minecraft:cobblestone":85,"minecraft:cooked_porkchop":32,"minecraft:bucket":15,"minecraft:pumpkin_pie":3,"regions_unexplored:gray_painted_planks":6,"minecraft:chainmail_leggings":1},"minecraft:mined":{"minecraft:dark_oak_planks":13,"minecraft:oak_sapling":3,"minecraft:cherry_log":18,"alltheores:deepslate_aluminum_ore":30,"minecraft:granite":25,"minecraft:grass_block":1439,"minecraft:jungle_log":3,"minecraft:deepslate_bricks":332,"regions_unexplored:blackwood_door":8,"regions_unexplored:blue_bioshroom":1,"minecraft:spawner":1,"regions_unexplored:blue_bioshroom_block":1,"minecraft:dark_oak_trapdoor":7,"minecraft:iron_ore":30,"minecraft:cobbled_deepslate":15,"minecraft:fire":1,"minecraft:dirt_path":36,"alltheores:nickel_ore":4,"regions_unexplored:stripped_mauve_log":2,"minecraft:deepslate_redstone_ore":5,"regions_unexplored:mauve_stairs":4,"minecraft:red_bed":4,"minecraft:deepslate_brick_wall":4,"minecraft:torch":25,"minecraft:poppy":5,"minecraft:chest":8,"minecraft:cobblestone":20,"minecraft:sugar_cane":4,"regions_unexplored:blackwood_sapling":2,"alltheores:deepslate_nickel_ore":1,"minecraft:wall_torch":35,"regions_unexplored:blackwood_fence":3,"regions_unexplored:hyssop":11,"regions_unexplored:sandy_tall_grass":1,"alltheores:deepslate_osmium_ore":24,"regions_unexplored:mauve_planks":101,"alltheores:tin_ore":2,"minecraft:tnt":1,"regions_unexplored:black_painted_planks":10,"minecraft:stone_brick_stairs":5,"minecraft:grass":150,"minecraft:oak_log":7,"minecraft:dirt":447,"minecraft:crimson_planks":11,"alltheores:raw_platinum_block":1,"minecraft:oak_leaves":8,"minecraft:deepslate":172,"minecraft:tuff":9,"regions_unexplored:blackwood_trapdoor":4,"alltheores:zinc_ore":11,"minecraft:deepslate_diamond_ore":5,"minecraft:candle":1,"alltheores:osmium_ore":2,"minecraft:stripped_cherry_log":5,"minecraft:dark_oak_log":37,"minecraft:glow_lichen":1,"regions_unexplored:gray_painted_planks":6,"minecraft:dark_oak_fence":7,"regions_unexplored:black_painted_stairs":9,"minecraft:allium":1,"alltheores:deepslate_silver_ore":9,"regions_unexplored:aster":12,"ancient_elements:meteorite_block":1,"alltheores:deepslate_tin_ore":8,"minecraft:large_fern":3,"minecraft:oak_trapdoor":2,"minecraft:furnace":3,"regions_unexplored:gray_painted_stairs":6,"regions_unexplored:stripped_blackwood_log":2,"minecraft:andesite":18,"regions_unexplored:blackwood_stairs":9,"alltheores:lead_ore":3,"minecraft:bell":1,"minecraft:deepslate_iron_ore":10,"minecraft:vine":2,"minecraft:lantern":2,"minecraft:stripped_jungle_log":1,"alltheores:silver_ore":41,"regions_unexplored:medium_grass":13,"minecraft:stone":706,"regions_unexplored:redwood_log":1,"regions_unexplored:windswept_grass":19,"minecraft:podzol":4,"regions_unexplored:redwood_shrub":3,"alltheores:raw_zinc_block":1,"minecraft:cherry_planks":5,"regions_unexplored:blackwood_planks":135,"minecraft:stone_brick_slab":1,"minecraft:dandelion":2,"minecraft:crafting_table":14,"minecraft:campfire":4,"regions_unexplored:blackwood_log":31,"minecraft:copper_ore":1,"minecraft:tall_grass":1,"regions_unexplored:mauve_log":47,"minecraft:diorite":13,"minecraft:gray_bed":10,"regions_unexplored:black_painted_slab":2,"regions_unexplored:tall_blue_bioshroom":1,"minecraft:coal_ore":111,"minecraft:cherry_leaves":7,"minecraft:gravel":15,"regions_unexplored:blackwood_shrub":1,"regions_unexplored:blackwood_leaves":11,"minecraft:stone_bricks":37,"alltheores:deepslate_zinc_ore":1,"minecraft:fern":49},"minecraft:crafted":{"minecraft:black_dye":17,"minecraft:oak_planks":60,"minecraft:cooked_chicken":1,"minecraft:stone":323,"minecraft:deepslate_brick_stairs":4,"minecraft:stone_brick_slab":12,"alltheores:silver_ingot":49,"regions_unexplored:blackwood_trapdoor":2,"alltheores:zinc_ingot":2,"minecraft:chest":6,"regions_unexplored:black_painted_slab":6,"regions_unexplored:blackwood_slab":12,"minecraft:stone_bricks":296,"regions_unexplored:gray_painted_stairs":4,"regions_unexplored:gray_painted_planks":24,"knightquest:great_essence":1,"minecraft:deepslate":11,"sophisticatedbackpacks:backpack":3,"minecraft:cooked_porkchop":15,"minecraft:crafting_table":8,"regions_unexplored:black_painted_stairs":8,"minecraft:wooden_pickaxe":1,"minecraft:campfire":10,"regions_unexplored:mauve_stairs":4,"minecraft:stone_brick_stairs":60,"minecraft:stick":4,"minecraft:iron_ingot":25,"minecraft:iron_pickaxe":2,"regions_unexplored:blackwood_door":6,"minecraft:gold_ingot":3,"minecraft:deepslate_bricks":196,"minecraft:shears":1,"minecraft:cherry_planks":72,"regions_unexplored:blackwood_planks":232,"minecraft:saddle":1,"minecraft:stone_brick_wall":6,"minecraft:iron_nugget":9,"minecraft:furnace":5,"minecraft:dark_oak_trapdoor":2,"minecraft:gray_dye":4,"minecraft:bone_meal":9,"regions_unexplored:black_painted_planks":40,"minecraft:oak_trapdoor":4,"regions_unexplored:blackwood_stairs":108,"minecraft:lantern":1,"minecraft:dark_oak_fence":15,"minecraft:deepslate_brick_wall":6,"regions_unexplored:mauve_planks":172,"minecraft:polished_deepslate":196,"minecraft:stone_pickaxe":1,"regions_unexplored:blackwood_fence":3,"minecraft:dark_oak_planks":144,"spartanweaponry:silver_battle_hammer":1,"sophisticatedbackpacks:iron_backpack":3,"minecraft:cooked_beef":6,"spartanweaponry:handle":4,"minecraft:air":0,"minecraft:jungle_planks":44,"minecraft:white_wool":1,"minecraft:white_dye":3,"minecraft:wooden_axe":2,"minecraft:iron_shovel":8,"alltheores:raw_zinc":9,"minecraft:torch":44},"minecraft:custom":{"minecraft:interact_with_crafting_table":123,"minecraft:open_barrel":7,"minecraft:leave_game":6,"minecraft:time_since_death":54407,"minecraft:sprint_one_cm":903440,"minecraft:drop":147,"minecraft:talked_to_villager":6,"minecraft:play_time":620911,"minecraft:deaths":5,"minecraft:jump":5990,"minecraft:walk_on_water_one_cm":18693,"minecraft:interact_with_furnace":97,"minecraft:sleep_in_bed":30,"minecraft:damage_dealt":17866,"minecraft:crouch_one_cm":369284,"minecraft:horse_one_cm":9879486,"minecraft:mob_kills":136,"minecraft:damage_dealt_resisted":59,"minecraft:climb_one_cm":5366,"minecraft:walk_one_cm":1230034,"minecraft:damage_dealt_absorbed":160,"minecraft:sneak_time":69777,"minecraft:walk_under_water_one_cm":22910,"minecraft:interact_with_blast_furnace":2,"minecraft:total_world_time":620911,"minecraft:time_since_rest":7785,"minecraft:damage_taken":5702,"minecraft:trigger_trapped_chest":2,"minecraft:swim_one_cm":12565,"minecraft:fly_one_cm":1192088,"minecraft:open_chest":120,"minecraft:fall_one_cm":162100}},"DataVersion":3465}