{"stats":{"minecraft:killed":{"minecraft:pig":6,"minecraft:skeleton":2,"minecraft:zombie":8,"minecraft:chicken":1,"minecraft:cow":6},"minecraft:crafted":{"minecraft:cooked_beef":5,"minecraft:saddle":1,"minecraft:oak_planks":8,"sophisticatedbackpacks:backpack":1,"minecraft:cooked_porkchop":6,"minecraft:crafting_table":3,"minecraft:wooden_pickaxe":1,"minecraft:cooked_chicken":1,"spartanweaponry:handle":4,"minecraft:furnace":3,"minecraft:air":0,"alltheores:silver_ingot":6,"alltheores:zinc_ingot":2,"minecraft:stick":4,"minecraft:iron_ingot":25,"minecraft:iron_pickaxe":1,"minecraft:stone_pickaxe":1,"minecraft:wooden_axe":2,"minecraft:chest":1,"alltheores:raw_zinc":9,"minecraft:torch":28,"spartanweaponry:silver_battle_hammer":1},"minecraft:picked_up":{"minecraft:crafting_table":4,"minecraft:cooked_beef":16,"minecraft:feather":7,"minecraft:chicken":1,"minecraft:leather":12,"minecraft:tuff":1,"minecraft:oak_log":80,"minecraft:dirt":17,"minecraft:red_bed":1,"alltheores:raw_tin":17,"alltheores:raw_zinc_block":1,"minecraft:bone":3,"minecraft:apple":3,"minecraft:wheat_seeds":6,"minecraft:cobbled_deepslate":63,"minecraft:beef":5,"minecraft:gray_bed":1,"minecraft:oak_planks":64,"minecraft:furnace":1,"minecraft:egg":1,"minecraft:stick":38,"minecraft:raw_iron":32,"minecraft:cooked_porkchop":8,"alltheores:raw_zinc":17,"regions_unexplored:salmonberry":22,"minecraft:torch":3,"minecraft:porkchop":12,"alltheores:raw_platinum_block":1,"minecraft:diorite":4,"minecraft:redstone":24,"alltheores:raw_nickel":3,"minecraft:arrow":10,"minecraft:rotten_flesh":10,"minecraft:diamond":9,"alltheores:raw_aluminum":41,"regions_unexplored:redwood_shrub":2,"knightquest:small_essence":2,"minecraft:granite":6,"alltheores:raw_silver":61,"alltheores:raw_osmium":68,"minecraft:oak_sapling":48,"minecraft:coal":77,"minecraft:cobblestone":129},"minecraft:custom":{"minecraft:interact_with_furnace":38,"minecraft:mob_kills":31,"minecraft:interact_with_crafting_table":25,"minecraft:open_barrel":3,"minecraft:leave_game":1,"minecraft:time_since_death":88754,"minecraft:sleep_in_bed":1,"minecraft:climb_one_cm":718,"minecraft:time_since_rest":49722,"minecraft:sprint_one_cm":187087,"minecraft:damage_taken":687,"minecraft:walk_one_cm":190776,"minecraft:trigger_trapped_chest":1,"minecraft:drop":17,"minecraft:damage_dealt":4212,"minecraft:swim_one_cm":4621,"minecraft:fly_one_cm":246317,"minecraft:open_chest":10,"minecraft:crouch_one_cm":22451,"minecraft:play_time":88754,"minecraft:sneak_time":7646,"minecraft:walk_under_water_one_cm":13610,"minecraft:jump":1402,"minecraft:interact_with_blast_furnace":2,"minecraft:walk_on_water_one_cm":13838,"minecraft:total_world_time":88754,"minecraft:fall_one_cm":38077,"minecraft:horse_one_cm":123772},"minecraft:used":{"minecraft:diorite":4,"minecraft:stone_pickaxe":122,"minecraft:oak_planks":11,"minecraft:wooden_pickaxe":13,"minecraft:cooked_chicken":1,"minecraft:torch":5,"minecraft:dirt":14,"minecraft:crafting_table":6,"minecraft:tuff":1,"regions_unexplored:redwood_shrub":2,"minecraft:granite":3,"minecraft:wooden_axe":40,"minecraft:apple":3,"minecraft:iron_pickaxe":331,"spartanweaponry:silver_battle_hammer":35,"minecraft:cobblestone":9,"minecraft:cooked_porkchop":7,"minecraft:furnace":3,"minecraft:cooked_beef":2,"minecraft:cobbled_deepslate":102,"minecraft:golden_pickaxe":32},"minecraft:dropped":{"minecraft:wheat_seeds":6,"alltheores:raw_osmium":32,"minecraft:feather":7,"minecraft:cobblestone":5,"minecraft:rotten_flesh":10,"alltheores:raw_platinum_block":1,"improvableskills:parchment_fragment":1,"alltheores:zinc_ingot":2,"minecraft:arrow":6,"minecraft:egg":1},"minecraft:mined":{"minecraft:podzol":4,"regions_unexplored:redwood_shrub":3,"minecraft:deepslate_redstone_ore":5,"alltheores:raw_zinc_block":1,"minecraft:tuff":1,"minecraft:oak_sapling":1,"alltheores:zinc_ore":11,"minecraft:red_bed":1,"minecraft:deepslate_diamond_ore":5,"alltheores:osmium_ore":2,"minecraft:torch":3,"minecraft:glow_lichen":1,"alltheores:deepslate_aluminum_ore":30,"minecraft:crafting_table":4,"minecraft:granite":6,"minecraft:grass_block":5,"alltheores:deepslate_silver_ore":9,"minecraft:diorite":4,"alltheores:deepslate_nickel_ore":1,"minecraft:large_fern":1,"alltheores:deepslate_tin_ore":8,"minecraft:furnace":1,"regions_unexplored:sandy_tall_grass":1,"alltheores:deepslate_osmium_ore":24,"minecraft:iron_ore":17,"minecraft:gray_bed":1,"alltheores:tin_ore":2,"minecraft:tnt":1,"minecraft:grass":8,"minecraft:oak_log":4,"minecraft:coal_ore":61,"minecraft:deepslate_iron_ore":6,"alltheores:raw_platinum_block":1,"minecraft:dirt":7,"alltheores:silver_ore":41,"regions_unexplored:medium_grass":6,"minecraft:stone":138,"regions_unexplored:windswept_grass":19,"alltheores:deepslate_zinc_ore":1,"minecraft:deepslate":63,"minecraft:fern":3},"minecraft:broken":{"minecraft:stone_pickaxe":1,"minecraft:iron_pickaxe":1,"minecraft:golden_pickaxe":1,"minecraft:wooden_axe":2}},"DataVersion":3465}