{"stats":{"minecraft:killed":{"minecraft:zombie":1,"minecraft:spider":1},"minecraft:used":{"minecraft:bread":7,"minecraft:stone_pickaxe":73,"minecraft:iron_sword":10,"minecraft:gravel":2,"minecraft:torch":42,"minecraft:stone_axe":28,"minecraft:pink_petals":3,"minecraft:dirt":1,"minecraft:cobblestone":8,"minecraft:potion":1,"minecraft:crafting_table":2,"minecraft:furnace":1,"alexsmobs:animal_dictionary":5},"minecraft:crafted":{"minecraft:oak_planks":44,"minecraft:shield":1,"minecraft:crafting_table":1,"minecraft:stick":20,"minecraft:furnace":1,"minecraft:oak_button":2,"minecraft:torch":80},"minecraft:picked_up":{"minecraft:stick":2,"minecraft:pink_petals":3,"minecraft:crafting_table":1,"minecraft:iron_chestplate":1,"minecraft:brown_mushroom":14,"minecraft:torch":1,"minecraft:gravel":2,"sons_of_sins:flesh_carcass":1,"minecraft:potion":1,"minecraft:oak_log":28,"minecraft:string":2,"minecraft:dirt":1,"sons_of_sins:ether_ashes":1,"minecraft:iron_leggings":1,"minecraft:rotten_flesh":1,"minecraft:stone_axe":1,"minecraft:iron_helmet":1,"minecraft:stone_pickaxe":1,"minecraft:bread":14,"sophisticatedbackpacks:copper_backpack":1,"minecraft:oak_sapling":6,"minecraft:iron_sword":1,"minecraft:coal":52,"minecraft:iron_boots":1,"minecraft:cobblestone":18,"minecraft:furnace":1},"minecraft:custom":{"minecraft:time_since_rest":25508,"minecraft:interact_with_furnace":1,"minecraft:sprint_one_cm":89554,"minecraft:damage_taken":211,"minecraft:walk_one_cm":38352,"minecraft:mob_kills":2,"minecraft:drop":1,"minecraft:damage_dealt":360,"minecraft:interact_with_crafting_table":4,"minecraft:fly_one_cm":53319,"minecraft:open_chest":14,"minecraft:crouch_one_cm":6954,"minecraft:play_time":25508,"minecraft:sneak_time":2300,"minecraft:jump":328,"minecraft:leave_game":1,"minecraft:time_since_death":25508,"minecraft:total_world_time":25508,"minecraft:fall_one_cm":7331},"minecraft:broken":{"minecraft:stone_pickaxe":1},"minecraft:mined":{"minecraft:pink_petals":1,"minecraft:furnace":1,"minecraft:crafting_table":1,"minecraft:grass_block":1,"minecraft:grass":2,"minecraft:coal_ore":53,"minecraft:oak_log":21,"minecraft:mushroom_stem":1,"minecraft:stone":19,"minecraft:oak_leaves":2},"minecraft:dropped":{"sons_of_sins:flesh_carcass":1}},"DataVersion":3465}