{"stats":{"minecraft:killed_by":{"minecraft:creeper":1,"mythicmounts:firebird":1},"minecraft:killed":{"minecraft:cave_spider":9,"minecraft:pig":2,"minecraft:skeleton":4,"minecraft:sheep":7,"minecraft:zombie":2,"minecraft:chicken":3,"minecraft:cow":1},"minecraft:broken":{"minecraft:stone_pickaxe":1,"minecraft:stone_axe":1,"minecraft:iron_pickaxe":2},"minecraft:picked_up":{"regions_unexplored:small_oak_log":5,"minecraft:crafting_table":4,"minecraft:feather":1,"minecraft:chicken":3,"minecraft:clay_ball":8,"minecraft:andesite":21,"minecraft:leather":2,"minecraft:lead":1,"minecraft:oak_log":20,"minecraft:string":13,"minecraft:dirt":43,"minecraft:iron_axe":1,"minecraft:raw_copper":7,"alltheores:raw_tin":11,"minecraft:bone":5,"minecraft:bow":1,"minecraft:wheat_seeds":15,"minecraft:cobbled_deepslate":60,"minecraft:beef":2,"regions_unexplored:redwood_sapling":9,"minecraft:moss_block":1,"minecraft:iron_pickaxe":1,"minecraft:light_gray_wool":1,"regions_unexplored:redwood_planks":30,"minecraft:sugar_cane":6,"minecraft:egg":3,"regions_unexplored:redwood_log":100,"minecraft:furnace":1,"minecraft:stick":10,"minecraft:raw_iron":60,"apotheosis:gem":1,"minecraft:cooked_porkchop":13,"alltheores:raw_lead":1,"minecraft:torch":22,"minecraft:gravel":6,"regions_unexplored:oak_shrub":1,"minecraft:porkchop":6,"minecraft:diorite":4,"sophisticatedbackpacks:iron_backpack":1,"minecraft:white_bed":2,"minecraft:spider_eye":4,"minecraft:stone_sword":1,"minecraft:arrow":5,"alltheores:raw_nickel":1,"minecraft:rotten_flesh":3,"minecraft:diamond":4,"minecraft:iron_helmet":1,"knightquest:small_essence":2,"minecraft:granite":11,"ancient_elements:raw_jungle_steel":1,"minecraft:bread":24,"minecraft:oak_sapling":1,"minecraft:cobblestone":405,"minecraft:mutton":12,"minecraft:coal":157,"minecraft:white_wool":7},"minecraft:dropped":{"minecraft:wheat_seeds":15,"minecraft:feather":1,"minecraft:rotten_flesh":1,"regions_unexplored:oak_shrub":1,"minecraft:oak_sapling":1,"minecraft:iron_axe":1,"minecraft:wooden_pickaxe":1,"minecraft:egg":2},"minecraft:used":{"minecraft:stone_sword":5,"minecraft:stone_pickaxe":120,"minecraft:oak_planks":77,"minecraft:chest":1,"minecraft:wooden_pickaxe":33,"minecraft:torch":54,"minecraft:dirt":11,"regions_unexplored:redwood_planks":412,"minecraft:crafting_table":7,"minecraft:white_bed":2,"minecraft:granite":6,"minecraft:wooden_axe":165,"minecraft:iron_axe":50,"minecraft:bread":24,"minecraft:iron_pickaxe":628,"minecraft:stone_axe":212,"minecraft:cobblestone":15,"minecraft:cooked_porkchop":5,"minecraft:furnace":2,"minecraft:egg":1},"minecraft:mined":{"minecraft:podzol":2,"minecraft:white_bed":2,"minecraft:deepslate_diamond_ore":4,"minecraft:clay":2,"minecraft:crafting_table":4,"minecraft:torch":1,"minecraft:granite":5,"minecraft:grass_block":5,"minecraft:copper_ore":2,"minecraft:tall_grass":72,"minecraft:moss_block":1,"minecraft:diorite":10,"minecraft:sugar_cane":2,"minecraft:wall_torch":3,"minecraft:big_dripleaf":2,"minecraft:large_fern":1,"minecraft:furnace":1,"regions_unexplored:sandy_tall_grass":8,"minecraft:iron_ore":40,"minecraft:andesite":21,"regions_unexplored:redwood_planks":30,"alltheores:tin_ore":11,"regions_unexplored:redwood_leaves":176,"regions_unexplored:sandy_grass":26,"minecraft:grass":23,"minecraft:oak_log":18,"regions_unexplored:oak_shrub":1,"minecraft:coal_ore":157,"minecraft:deepslate_iron_ore":20,"minecraft:vine":12,"minecraft:gravel":6,"minecraft:dirt":21,"ancient_elements:jungle_steel_ore":1,"regions_unexplored:medium_grass":19,"regions_unexplored:small_oak_log":5,"minecraft:stone":398,"regions_unexplored:redwood_log":102,"alltheores:nickel_ore":1,"regions_unexplored:windswept_grass":18,"minecraft:deepslate":60,"minecraft:oak_leaves":1,"minecraft:fern":5},"minecraft:crafted":{"minecraft:oak_planks":100,"minecraft:cooked_porkchop":3,"minecraft:crafting_table":3,"minecraft:wooden_pickaxe":1,"minecraft:furnace":1,"minecraft:stone_axe":2,"minecraft:air":0,"regions_unexplored:redwood_planks":400,"minecraft:iron_chestplate":1,"minecraft:iron_axe":1,"minecraft:stick":20,"minecraft:iron_ingot":24,"minecraft:iron_pickaxe":3,"minecraft:stone_pickaxe":1,"minecraft:wooden_axe":1,"minecraft:chest":1,"minecraft:white_bed":1,"minecraft:torch":48},"minecraft:custom":{"minecraft:interact_with_furnace":13,"minecraft:mob_kills":29,"minecraft:interact_with_crafting_table":11,"minecraft:damage_dealt_resisted":0,"minecraft:leave_game":1,"minecraft:time_since_death":55499,"minecraft:sleep_in_bed":2,"minecraft:climb_one_cm":5910,"minecraft:time_since_rest":55549,"minecraft:sprint_one_cm":259167,"minecraft:damage_taken":2019,"minecraft:walk_one_cm":227376,"minecraft:drop":9,"minecraft:damage_dealt":4496,"minecraft:swim_one_cm":20876,"minecraft:fly_one_cm":338823,"minecraft:open_chest":16,"minecraft:crouch_one_cm":42663,"minecraft:play_time":106218,"minecraft:deaths":3,"minecraft:sneak_time":7986,"minecraft:walk_under_water_one_cm":4730,"minecraft:jump":2100,"minecraft:walk_on_water_one_cm":10766,"minecraft:total_world_time":106218,"minecraft:fall_one_cm":54160,"minecraft:horse_one_cm":44407}},"DataVersion":3465}