{"stats":{"minecraft:killed_by":{"minecraft:creeper":1,"mythicmounts:firebird":1,"minecraft:phantom":1},"minecraft:mined":{"minecraft:white_bed":2,"minecraft:deepslate_diamond_ore":4,"minecraft:jungle_leaves":50,"minecraft:granite":5,"minecraft:grass_block":395,"minecraft:jungle_log":44,"minecraft:moss_block":1,"minecraft:large_fern":1,"minecraft:hay_block":8,"minecraft:furnace":1,"minecraft:iron_ore":40,"minecraft:andesite":21,"regions_unexplored:redwood_planks":30,"minecraft:deepslate_iron_ore":20,"minecraft:vine":73,"minecraft:dirt_path":5,"regions_unexplored:medium_grass":19,"minecraft:bamboo":12,"regions_unexplored:small_oak_log":5,"minecraft:stone":404,"regions_unexplored:redwood_log":102,"alltheores:nickel_ore":1,"regions_unexplored:windswept_grass":18,"minecraft:podzol":21,"minecraft:clay":2,"minecraft:crafting_table":4,"minecraft:torch":2,"minecraft:tall_grass":72,"minecraft:copper_ore":2,"minecraft:sugar_cane":2,"minecraft:diorite":10,"minecraft:wall_torch":5,"minecraft:big_dripleaf":2,"regions_unexplored:sandy_tall_grass":8,"alltheores:tin_ore":11,"regions_unexplored:redwood_leaves":176,"regions_unexplored:sandy_grass":26,"minecraft:grass":132,"minecraft:oak_log":29,"regions_unexplored:oak_shrub":1,"minecraft:coal_ore":157,"minecraft:cocoa":1,"minecraft:gravel":6,"minecraft:dirt":207,"ancient_elements:jungle_steel_ore":1,"minecraft:stonecutter":1,"alltheores:deepslate_zinc_ore":4,"minecraft:oak_leaves":33,"minecraft:deepslate":137,"minecraft:fern":34},"minecraft:crafted":{"minecraft:oak_planks":116,"minecraft:furnace":3,"minecraft:stone":227,"minecraft:bone_meal":39,"minecraft:cooked_mutton":12,"minecraft:iron_boots":1,"minecraft:iron_axe":1,"minecraft:stone_pickaxe":1,"minecraft:chest":1,"minecraft:wheat":72,"minecraft:cooked_porkchop":6,"minecraft:crafting_table":4,"minecraft:wooden_pickaxe":1,"minecraft:stone_axe":2,"minecraft:bread":24,"minecraft:air":0,"regions_unexplored:redwood_planks":400,"minecraft:iron_chestplate":1,"minecraft:stick":20,"minecraft:iron_pickaxe":3,"minecraft:iron_ingot":60,"minecraft:wooden_axe":1,"minecraft:iron_shovel":3,"minecraft:iron_leggings":1,"minecraft:white_bed":1,"minecraft:torch":108},"minecraft:killed":{"minecraft:cave_spider":9,"minecraft:skeleton":7,"knightquest:swampman":1,"minecraft:chicken":3,"minecraft:pig":2,"minecraft:sheep":9,"minecraft:zombie":3,"minecraft:cow":1},"minecraft:broken":{"minecraft:iron_shovel":2,"minecraft:stone_pickaxe":1,"minecraft:stone_axe":1,"minecraft:iron_pickaxe":2},"minecraft:used":{"minecraft:stone_sword":59,"minecraft:iron_shovel":694,"minecraft:chest":1,"minecraft:torch":81,"minecraft:dirt":698,"minecraft:granite":6,"minecraft:jungle_sapling":4,"minecraft:wooden_axe":165,"minecraft:iron_axe":183,"minecraft:furnace":4,"minecraft:egg":1,"minecraft:stone_pickaxe":120,"minecraft:oak_planks":77,"minecraft:wooden_pickaxe":33,"minecraft:stonecutter":1,"regions_unexplored:redwood_planks":412,"minecraft:crafting_table":8,"minecraft:white_bed":3,"minecraft:bread":27,"minecraft:iron_pickaxe":716,"minecraft:stone_axe":212,"minecraft:cobblestone":22,"minecraft:cooked_porkchop":15,"minecraft:bone_meal":39},"minecraft:picked_up":{"regions_unexplored:small_oak_log":5,"minecraft:cocoa_beans":3,"minecraft:crafting_table":4,"minecraft:chicken":3,"minecraft:clay_ball":8,"minecraft:lead":1,"minecraft:string":13,"minecraft:iron_axe":1,"minecraft:raw_copper":7,"minecraft:armor_stand":2,"minecraft:cobbled_deepslate":136,"minecraft:beef":2,"minecraft:jungle_sapling":5,"minecraft:light_gray_wool":1,"minecraft:iron_pickaxe":1,"regions_unexplored:redwood_planks":30,"minecraft:sugar_cane":6,"minecraft:furnace":1,"regions_unexplored:redwood_log":100,"minecraft:egg":6,"minecraft:stick":32,"minecraft:raw_iron":60,"apotheosis:gem":1,"alltheores:raw_zinc":4,"minecraft:torch":25,"minecraft:porkchop":6,"minecraft:diorite":4,"minecraft:rotten_flesh":5,"minecraft:stone_sword":1,"minecraft:arrow":7,"minecraft:hay_block":8,"minecraft:mutton":15,"minecraft:cobblestone":410,"minecraft:white_wool":9,"minecraft:feather":1,"minecraft:andesite":21,"minecraft:jungle_log":45,"minecraft:leather":2,"minecraft:oak_log":31,"minecraft:chainmail_chestplate":1,"minecraft:dirt":711,"alltheores:raw_tin":11,"minecraft:bone":9,"minecraft:apple":2,"minecraft:stonecutter":1,"minecraft:bow":1,"minecraft:wheat_seeds":76,"regions_unexplored:redwood_sapling":9,"minecraft:bamboo":55,"minecraft:moss_block":1,"minecraft:bamboo_mosaic_slab":2,"minecraft:cooked_porkchop":13,"alltheores:raw_lead":1,"regions_unexplored:oak_shrub":1,"minecraft:gravel":6,"sophisticatedbackpacks:iron_backpack":1,"minecraft:white_bed":2,"minecraft:spider_eye":4,"alltheores:raw_nickel":1,"minecraft:diamond":4,"minecraft:stone_axe":1,"minecraft:iron_helmet":2,"minecraft:granite":11,"knightquest:small_essence":4,"minecraft:bread":24,"ancient_elements:raw_jungle_steel":1,"minecraft:oak_sapling":15,"minecraft:coal":157,"minecraft:wooden_axe":1},"minecraft:dropped":{"minecraft:wheat_seeds":15,"minecraft:iron_helmet":1,"minecraft:feather":1,"minecraft:dirt":2,"minecraft:wooden_axe":1,"minecraft:iron_axe":1,"minecraft:bamboo_mosaic_slab":1,"minecraft:stone_axe":1,"minecraft:rotten_flesh":1,"regions_unexplored:oak_shrub":1,"minecraft:oak_sapling":1,"minecraft:wooden_pickaxe":1,"minecraft:egg":2},"minecraft:custom":{"minecraft:mob_kills":37,"minecraft:interact_with_crafting_table":17,"minecraft:bell_ring":5,"minecraft:damage_dealt_resisted":0,"minecraft:leave_game":2,"minecraft:time_since_death":27691,"minecraft:climb_one_cm":12811,"minecraft:sprint_one_cm":399292,"minecraft:walk_one_cm":424944,"minecraft:drop":15,"minecraft:play_time":165095,"minecraft:sneak_time":14494,"minecraft:deaths":4,"minecraft:walk_under_water_one_cm":4730,"minecraft:jump":3155,"minecraft:interact_with_blast_furnace":1,"minecraft:walk_on_water_one_cm":10766,"minecraft:total_world_time":165095,"minecraft:interact_with_furnace":32,"minecraft:interact_with_loom":1,"minecraft:interact_with_stonecutter":3,"minecraft:sleep_in_bed":3,"minecraft:time_since_rest":6048,"minecraft:damage_taken":2843,"minecraft:damage_dealt":6369,"minecraft:swim_one_cm":20876,"minecraft:fly_one_cm":500525,"minecraft:open_chest":31,"minecraft:crouch_one_cm":80150,"minecraft:interact_with_smoker":1,"minecraft:fall_one_cm":77039,"minecraft:horse_one_cm":44407}},"DataVersion":3465}