{"stats":{"minecraft:killed":{"minecraft:witch":1,"minecraft:spider":15,"born_in_chaos_v1:siamese_skeletonsright":2,"born_in_chaos_v1:scarlet_persecutor":4,"minecraft:skeleton":13,"alexsmobs:leafcutter_ant":1,"minecraft:chicken":7,"minecraft:pig":5,"minecraft:creeper":8,"minecraft:sheep":21,"minecraft:pillager":1,"minecraft:zombie":148,"born_in_chaos_v1:dread_hound":1,"alexsmobs:terrapin":2,"born_in_chaos_v1:corpse_fly":25,"alexsmobs:fly":6,"born_in_chaos_v1:door_knight":1,"minecraft:cow":12,"born_in_chaos_v1:siamese_skeletonsleft":2,"born_in_chaos_v1:maggot":36,"alexsmobs:gorilla":1,"minecraft:horse":4,"born_in_chaos_v1:corpse_fish":6,"born_in_chaos_v1:barrel_zombie":3,"born_in_chaos_v1:baby_skeleton":3,"born_in_chaos_v1:decrepit_skeleton":3,"alexsmobs:catfish":1,"born_in_chaos_v1:bloody_gadfly":4,"alexsmobs:crocodile":1,"sons_of_sins:betrayed_guzzler":1,"born_in_chaos_v1:nightmare_stalker":1,"alexsmobs:crow":1},"minecraft:killed_by":{"born_in_chaos_v1:nightmare_stalker":1,"sons_of_sins:betrayed_guzzler":1,"minecraft:player":1,"minecraft:enderman":1,"minecraft:skeleton":1},"minecraft:used":{"minecraft:iron_shovel":25,"minecraft:oak_sign":2,"minecraft:chest":6,"minecraft:shield":25,"minecraft:iron_sword":34,"minecraft:rotten_flesh":13,"minecraft:iron_chestplate":1,"minecraft:carrot":3,"sons_of_sins:remnant_helmet":2,"minecraft:iron_helmet":1,"minecraft:furnace":21,"minecraft:stone_pickaxe":635,"minecraft:oak_planks":42,"minecraft:wooden_pickaxe":13,"sons_of_sins:blood_bucket":2,"sons_of_sins:osseous_sword":129,"sons_of_sins:ether_sword":77,"sophisticatedbackpacks:backpack":2,"minecraft:bread":21,"minecraft:wooden_sword":2,"sons_of_sins:flesh_of_demise":2,"sons_of_sins:sickle_of_struggle":205,"minecraft:bone_meal":63,"minecraft:stone_shovel":7,"minecraft:stone_hoe":131,"minecraft:cooked_chicken":4,"minecraft:oak_door":2,"minecraft:torch":166,"minecraft:dirt":3,"sons_of_sins:remnant_boots":1,"minecraft:iron_axe":112,"minecraft:iron_boots":1,"minecraft:cooked_beef":8,"minecraft:iron_leggings":1,"minecraft:wheat_seeds":110,"minecraft:cooked_mutton":25,"alexsmobs:cooked_catfish":2,"minecraft:water_bucket":49,"minecraft:cobblestone_stairs":107,"minecraft:cobblestone_slab":10,"sons_of_sins:urn":2,"minecraft:mossy_cobblestone":26,"minecraft:crafting_table":23,"minecraft:white_bed":5,"sons_of_sins:flesh_sword":496,"sons_of_sins:flesh_pickaxe":270,"minecraft:apple":2,"minecraft:iron_pickaxe":18,"minecraft:stone_axe":30,"sons_of_sins:remnant_leggings":1,"minecraft:cobblestone":525,"minecraft:potion":1,"sons_of_sins:flesh_axe":25,"minecraft:cooked_porkchop":3,"minecraft:bucket":51,"alexsmobs:animal_dictionary":2},"minecraft:custom":{"minecraft:interact_with_crafting_table":121,"minecraft:open_barrel":7,"goblintraders:trade_with_goblin":22,"minecraft:leave_game":4,"minecraft:time_since_death":2700,"minecraft:sprint_one_cm":938848,"minecraft:damage_blocked_by_shield":770,"minecraft:drop":90,"minecraft:play_time":444039,"minecraft:deaths":6,"minecraft:jump":8011,"minecraft:walk_on_water_one_cm":69652,"minecraft:interact_with_furnace":188,"minecraft:sleep_in_bed":5,"minecraft:damage_dealt":51326,"minecraft:crouch_one_cm":9476,"minecraft:mob_kills":365,"minecraft:damage_dealt_resisted":1997,"minecraft:climb_one_cm":2862,"minecraft:walk_one_cm":1691415,"minecraft:damage_dealt_absorbed":84,"minecraft:sneak_time":5335,"minecraft:walk_under_water_one_cm":12587,"minecraft:total_world_time":444039,"minecraft:raid_trigger":1,"minecraft:time_since_rest":2726,"minecraft:damage_taken":5668,"minecraft:fly_one_cm":510891,"minecraft:open_chest":68,"minecraft:fall_one_cm":126097},"minecraft:picked_up":{"minecraft:seagrass":2,"minecraft:iron_chestplate":3,"minecraft:wheat":48,"minecraft:potion":1,"born_in_chaos_v1:bloody_gadfly_eye":2,"sons_of_sins:muscle":7,"sons_of_sins:soul_steel":19,"minecraft:music_disc_cat":2,"minecraft:string":32,"minecraft:raw_copper":101,"minecraft:oak_sign":2,"minecraft:cobbled_deepslate":50,"minecraft:bucket":4,"sons_of_sins:crystallized_ether":27,"minecraft:cobblestone_slab":7,"minecraft:iron_pickaxe":3,"minecraft:furnace":20,"minecraft:stick":14,"born_in_chaos_v1:shattered_skull":4,"minecraft:oak_fence":1,"minecraft:torch":272,"minecraft:porkchop":4,"minecraft:diorite":62,"born_in_chaos_v1:nightmare_claw":1,"minecraft:rotten_flesh":189,"sons_of_sins:heart":5,"sons_of_sins:bottle_of_blood":2,"sons_of_sins:shape_shifting_tool":5,"minecraft:cobblestone":1091,"born_in_chaos_v1:staffof_magic_arrows":1,"minecraft:pink_petals":36,"minecraft:feather":22,"minecraft:cooked_beef":3,"minecraft:water_bucket":4,"minecraft:andesite":19,"minecraft:brown_wool":2,"sons_of_sins:urn":9,"minecraft:flint":7,"sons_of_sins:osseous_axe":1,"minecraft:lapis_lazuli":1,"minecraft:dirt":172,"sons_of_sins:osseous_pickaxe":1,"sons_of_sins:remnant_boots":6,"born_in_chaos_v1:monster_skin":1,"sons_of_sins:spider_heart":3,"minecraft:glass":12,"minecraft:bone":32,"mobs_of_sins:nuisances_muscle":4,"minecraft:bow":3,"minecraft:wheat_seeds":186,"minecraft:raw_gold":19,"sons_of_sins:remnant_chestplate":5,"minecraft:oak_planks":154,"minecraft:poisonous_potato":1,"alexsmobs:crocodile_egg":1,"minecraft:jungle_planks":2,"minecraft:sand":27,"sons_of_sins:ribs":9,"minecraft:dark_oak_log":272,"minecraft:mossy_cobblestone":31,"sons_of_sins:flesh_of_demise":20,"sons_of_sins:creeper_ribs":1,"minecraft:diamond":1,"minecraft:granite":40,"minecraft:bone_meal":6,"minecraft:bread":9,"alexsmobs:maggot":8,"minecraft:oak_sapling":6,"born_in_chaos_v1:rotten_fish":4,"minecraft:bricks":1,"minecraft:crafting_table":22,"artifacts:night_vision_goggles":3,"minecraft:chicken":10,"minecraft:clay_ball":67,"born_in_chaos_v1:seedof_chaos":1,"minecraft:leather_leggings":1,"sons_of_sins:flesh_carcass":1,"minecraft:brick":20,"minecraft:shield":6,"minecraft:iron_shovel":1,"sons_of_sins:ether_sword":6,"sons_of_sins:flesh_sword":8,"sons_of_sins:remnant_helmet":6,"minecraft:beef":16,"born_in_chaos_v1:gnawed_bones":1,"minecraft:sugar_cane":20,"minecraft:chest":3,"sons_of_sins:sickle_of_struggle":5,"minecraft:egg":16,"minecraft:dark_oak_sapling":16,"minecraft:raw_iron":84,"minecraft:oak_door":2,"sophisticatedbackpacks:backpack":11,"minecraft:carrot":5,"minecraft:redstone":40,"alexsmobs:crocodile_scute":2,"sons_of_sins:ether_ashes":472,"minecraft:stone_shovel":4,"minecraft:tube_coral":3,"minecraft:arrow":8,"born_in_chaos_v1:spiny_shell":1,"minecraft:gold_ingot":27,"minecraft:mutton":37,"minecraft:rail":4,"minecraft:white_wool":22,"born_in_chaos_v1:fused_bone":7,"born_in_chaos_v1:corpse_maggot":83,"born_in_chaos_v1:monster_flesh":3,"minecraft:leather":27,"minecraft:oak_log":70,"minecraft:gunpowder":12,"minecraft:cobblestone_stairs":19,"minecraft:cooked_mutton":1,"minecraft:apple":2,"minecraft:stone_bricks":2,"minecraft:stone_pickaxe":2,"minecraft:iron_ingot":1,"sons_of_sins:blood_bucket":1,"minecraft:glass_bottle":8,"minecraft:iron_sword":1,"born_in_chaos_v1:ethereal_spirit":5,"minecraft:gravel":47,"minecraft:white_bed":4,"minecraft:spruce_log":26,"minecraft:spider_eye":7,"alexsmobs:raw_catfish":2,"sons_of_sins:flesh_axe":3,"minecraft:gray_wool":1,"minecraft:black_wool":3,"sons_of_sins:remnant_leggings":6,"sons_of_sins:flesh_pickaxe":7,"minecraft:coal":650},"minecraft:crafted":{"minecraft:brick":16,"sons_of_sins:remnant_helmet":1,"sons_of_sins:osseous_axe":1,"minecraft:oak_planks":220,"minecraft:cobblestone_slab":18,"minecraft:oak_sign":6,"sons_of_sins:osseous_sword":3,"minecraft:cooked_chicken":4,"sons_of_sins:remnant_chestplate":1,"minecraft:cobblestone_stairs":88,"minecraft:cooked_mutton":24,"sons_of_sins:osseous_pickaxe":2,"minecraft:glass":7,"minecraft:iron_boots":1,"minecraft:chest":5,"alexsmobs:cooked_catfish":2,"minecraft:stone_hoe":1,"minecraft:glass_bottle":3,"sophisticatedbackpacks:backpack":2,"minecraft:cooked_porkchop":3,"minecraft:crafting_table":6,"minecraft:wooden_pickaxe":1,"minecraft:iron_helmet":1,"sons_of_sins:sickle_of_struggle":1,"minecraft:iron_chestplate":1,"minecraft:shield":1,"sons_of_sins:remnant_leggings":1,"minecraft:stick":96,"minecraft:iron_ingot":79,"minecraft:iron_pickaxe":1,"minecraft:stone_sword":1,"minecraft:gold_ingot":27,"minecraft:wooden_sword":1,"minecraft:oak_door":3,"minecraft:coal":7,"minecraft:stone_shovel":1,"sons_of_sins:urn":4,"minecraft:furnace":3,"minecraft:bone_meal":63,"minecraft:iron_axe":1,"minecraft:stone_pickaxe":6,"sons_of_sins:flesh_carcass":1,"sons_of_sins:shape_shifting_tool":1,"minecraft:cooked_beef":9,"sons_of_sins:ether_sword":1,"sons_of_sins:soul_steel":32,"sons_of_sins:iron_and_ether":32,"minecraft:iron_sword":1,"sons_of_sins:blood_bucket":1,"minecraft:bone":18,"minecraft:bucket":2,"minecraft:stone_axe":1,"minecraft:bread":15,"minecraft:air":0,"sons_of_sins:remnant_boots":1,"minecraft:iron_shovel":1,"minecraft:iron_leggings":1,"minecraft:white_bed":1,"minecraft:torch":224},"minecraft:broken":{"sons_of_sins:flesh_pickaxe":1,"minecraft:stone_pickaxe":4,"sons_of_sins:osseous_sword":1,"minecraft:stone_hoe":1,"minecraft:iron_axe":1},"minecraft:mined":{"minecraft:white_bed":3,"minecraft:oak_sapling":1,"minecraft:cobblestone_stairs":18,"minecraft:granite":46,"minecraft:grass_block":61,"minecraft:spawner":3,"minecraft:sculk_catalyst":1,"minecraft:iron_ore":74,"minecraft:sculk_shrieker":1,"minecraft:deepslate_redstone_ore":8,"minecraft:clay":7,"minecraft:torch":10,"minecraft:calcite":2,"minecraft:chest":3,"minecraft:cobblestone":91,"minecraft:sugar_cane":4,"minecraft:oak_planks":30,"minecraft:bricks":1,"minecraft:wall_torch":3,"sons_of_sins:urn_block":2,"minecraft:amethyst_block":2,"minecraft:pink_petals":10,"minecraft:wheat":47,"minecraft:grass":93,"minecraft:oak_log":36,"minecraft:dark_oak_sapling":8,"minecraft:sand":24,"minecraft:dirt":67,"minecraft:smooth_basalt":1,"born_in_chaos_v1:infernal_evil_pumpkin_s":1,"minecraft:oak_leaves":17,"minecraft:deepslate":53,"minecraft:mossy_cobblestone":32,"minecraft:dark_oak_leaves":1,"minecraft:deepslate_diamond_ore":2,"minecraft:dark_oak_log":42,"minecraft:jungle_planks":2,"minecraft:furnace":18,"minecraft:andesite":14,"minecraft:deepslate_iron_ore":2,"minecraft:cobblestone_slab":2,"minecraft:rail":1,"minecraft:stone":1022,"sophisticatedbackpacks:backpack":2,"minecraft:crafting_table":18,"minecraft:sculk_sensor":1,"minecraft:tall_grass":22,"minecraft:copper_ore":26,"minecraft:deepslate_gold_ore":18,"minecraft:sculk":2,"minecraft:diorite":34,"minecraft:birch_leaves":2,"minecraft:coal_ore":366,"minecraft:gravel":31,"minecraft:stone_bricks":2,"minecraft:fern":1},"minecraft:dropped":{"minecraft:oak_log":3,"sons_of_sins:flesh_carcass":1,"minecraft:glass_bottle":4,"minecraft:diamond":1,"minecraft:crafting_table":1,"minecraft:jungle_planks":2,"sons_of_sins:ether_ashes":27,"minecraft:flint":1,"sons_of_sins:urn":2,"minecraft:dirt":3,"minecraft:mutton":2,"sons_of_sins:crystallized_ether":2,"minecraft:tube_coral":1,"minecraft:iron_pickaxe":1,"minecraft:white_wool":4,"minecraft:sugar_cane":10,"minecraft:rotten_flesh":3,"minecraft:oak_planks":9,"minecraft:carrot":2,"sons_of_sins:osseous_sword":2,"born_in_chaos_v1:corpse_maggot":1,"minecraft:arrow":4,"minecraft:egg":15,"minecraft:water_bucket":1,"minecraft:iron_ingot":20,"sons_of_sins:bottle_of_blood":2,"born_in_chaos_v1:shattered_skull":1,"minecraft:wheat_seeds":4,"minecraft:mossy_cobblestone":5,"minecraft:feather":4,"minecraft:cobblestone":145,"minecraft:stick":4,"minecraft:diorite":28,"minecraft:torch":75,"minecraft:brown_wool":1,"born_in_chaos_v1:fused_bone":2,"minecraft:string":10,"minecraft:music_disc_cat":2,"minecraft:bricks":1,"alexsmobs:maggot":3,"sophisticatedbackpacks:backpack":2,"sons_of_sins:flesh_pickaxe":1,"sons_of_sins:osseous_pickaxe":3,"minecraft:cobblestone_slab":5,"minecraft:iron_chestplate":1,"born_in_chaos_v1:spiny_shell":1,"minecraft:andesite":9,"minecraft:oak_sapling":1,"minecraft:spider_eye":2,"sons_of_sins:osseous_axe":2}},"DataVersion":3465}