{"stats":{"minecraft:killed":{"minecraft:witch":1,"minecraft:spider":14,"born_in_chaos_v1:siamese_skeletonsright":2,"born_in_chaos_v1:scarlet_persecutor":4,"born_in_chaos_v1:maggot":12,"alexsmobs:gorilla":1,"minecraft:horse":4,"minecraft:skeleton":10,"alexsmobs:leafcutter_ant":1,"minecraft:chicken":5,"born_in_chaos_v1:corpse_fish":2,"born_in_chaos_v1:barrel_zombie":3,"minecraft:pig":5,"born_in_chaos_v1:baby_skeleton":3,"minecraft:creeper":5,"born_in_chaos_v1:decrepit_skeleton":3,"minecraft:sheep":21,"alexsmobs:catfish":1,"born_in_chaos_v1:bloody_gadfly":4,"minecraft:pillager":1,"alexsmobs:crocodile":1,"minecraft:zombie":21,"born_in_chaos_v1:dread_hound":1,"alexsmobs:terrapin":2,"born_in_chaos_v1:corpse_fly":19,"alexsmobs:crow":1,"alexsmobs:fly":6,"born_in_chaos_v1:siamese_skeletonsleft":1,"minecraft:cow":12},"minecraft:killed_by":{"minecraft:player":1,"minecraft:enderman":1,"minecraft:skeleton":1},"minecraft:used":{"minecraft:iron_shovel":25,"minecraft:stone_shovel":7,"minecraft:oak_sign":1,"minecraft:chest":4,"minecraft:shield":17,"minecraft:iron_sword":34,"minecraft:rotten_flesh":13,"minecraft:cooked_chicken":4,"minecraft:iron_chestplate":1,"minecraft:oak_door":2,"minecraft:torch":149,"minecraft:dirt":2,"sons_of_sins:remnant_boots":1,"sons_of_sins:remnant_helmet":2,"minecraft:iron_axe":112,"minecraft:iron_helmet":1,"minecraft:iron_boots":1,"minecraft:furnace":21,"minecraft:cooked_beef":8,"minecraft:water_bucket":38,"alexsmobs:cooked_catfish":2,"minecraft:iron_leggings":1,"minecraft:cooked_mutton":25,"minecraft:stone_pickaxe":488,"minecraft:oak_planks":42,"minecraft:wooden_pickaxe":13,"sons_of_sins:blood_bucket":2,"minecraft:crafting_table":20,"sons_of_sins:osseous_sword":129,"minecraft:white_bed":4,"sons_of_sins:ether_sword":41,"sons_of_sins:flesh_sword":135,"sons_of_sins:flesh_pickaxe":150,"sophisticatedbackpacks:backpack":1,"minecraft:apple":2,"minecraft:bread":3,"minecraft:iron_pickaxe":18,"minecraft:stone_axe":30,"sons_of_sins:remnant_leggings":1,"minecraft:wooden_sword":2,"sons_of_sins:flesh_of_demise":2,"minecraft:cobblestone":152,"minecraft:potion":1,"sons_of_sins:sickle_of_struggle":177,"minecraft:cooked_porkchop":3,"minecraft:bucket":40,"alexsmobs:animal_dictionary":2},"minecraft:custom":{"minecraft:mob_kills":176,"minecraft:interact_with_crafting_table":92,"minecraft:open_barrel":7,"minecraft:damage_dealt_resisted":398,"minecraft:leave_game":3,"minecraft:time_since_death":26862,"minecraft:climb_one_cm":2862,"minecraft:sprint_one_cm":764197,"minecraft:walk_one_cm":1139955,"minecraft:damage_blocked_by_shield":320,"minecraft:drop":49,"minecraft:play_time":302494,"minecraft:deaths":4,"minecraft:sneak_time":1854,"minecraft:walk_under_water_one_cm":9917,"minecraft:jump":6291,"minecraft:walk_on_water_one_cm":59897,"minecraft:total_world_time":302494,"minecraft:interact_with_furnace":171,"minecraft:raid_trigger":1,"minecraft:sleep_in_bed":4,"minecraft:time_since_rest":26893,"minecraft:damage_taken":4192,"minecraft:damage_dealt":25648,"minecraft:fly_one_cm":386548,"minecraft:open_chest":46,"minecraft:crouch_one_cm":2590,"minecraft:fall_one_cm":87702},"minecraft:picked_up":{"minecraft:seagrass":2,"minecraft:iron_chestplate":3,"minecraft:crafting_table":19,"minecraft:wheat":1,"artifacts:night_vision_goggles":1,"minecraft:chicken":6,"minecraft:clay_ball":67,"sons_of_sins:flesh_carcass":1,"minecraft:potion":1,"born_in_chaos_v1:bloody_gadfly_eye":2,"sons_of_sins:muscle":7,"minecraft:brick":17,"minecraft:shield":4,"sons_of_sins:soul_steel":9,"minecraft:music_disc_cat":2,"minecraft:string":28,"minecraft:raw_copper":54,"minecraft:iron_shovel":1,"sons_of_sins:ether_sword":4,"sons_of_sins:flesh_sword":5,"minecraft:bucket":3,"sons_of_sins:remnant_helmet":4,"minecraft:beef":16,"sons_of_sins:crystallized_ether":25,"born_in_chaos_v1:gnawed_bones":1,"minecraft:iron_pickaxe":1,"sons_of_sins:sickle_of_struggle":3,"minecraft:sugar_cane":20,"minecraft:chest":3,"minecraft:egg":16,"minecraft:furnace":20,"minecraft:dark_oak_sapling":16,"minecraft:raw_iron":77,"minecraft:stick":9,"born_in_chaos_v1:shattered_skull":3,"minecraft:oak_door":2,"minecraft:oak_fence":1,"minecraft:torch":180,"sophisticatedbackpacks:backpack":5,"minecraft:porkchop":4,"minecraft:diorite":2,"minecraft:redstone":4,"alexsmobs:crocodile_scute":2,"sons_of_sins:ether_ashes":156,"minecraft:tube_coral":3,"minecraft:stone_shovel":2,"minecraft:arrow":4,"minecraft:rotten_flesh":48,"sons_of_sins:heart":5,"sons_of_sins:bottle_of_blood":2,"born_in_chaos_v1:spiny_shell":1,"sons_of_sins:shape_shifting_tool":3,"born_in_chaos_v1:staffof_magic_arrows":1,"minecraft:mutton":37,"minecraft:rail":4,"minecraft:white_wool":22,"minecraft:cobblestone":423,"born_in_chaos_v1:fused_bone":5,"minecraft:pink_petals":30,"born_in_chaos_v1:corpse_maggot":50,"minecraft:feather":12,"minecraft:cooked_beef":3,"minecraft:andesite":15,"minecraft:brown_wool":2,"minecraft:leather":21,"sons_of_sins:urn":5,"minecraft:oak_log":51,"minecraft:gunpowder":10,"minecraft:lapis_lazuli":1,"minecraft:dirt":104,"sons_of_sins:osseous_pickaxe":1,"sons_of_sins:remnant_boots":4,"born_in_chaos_v1:monster_skin":1,"minecraft:cooked_mutton":1,"sons_of_sins:spider_heart":3,"minecraft:glass":12,"minecraft:bone":32,"mobs_of_sins:nuisances_muscle":4,"minecraft:apple":2,"minecraft:stone_bricks":2,"minecraft:bow":3,"minecraft:raw_gold":2,"minecraft:wheat_seeds":28,"sons_of_sins:remnant_chestplate":3,"sons_of_sins:blood_bucket":1,"minecraft:stone_pickaxe":1,"minecraft:iron_ingot":1,"minecraft:glass_bottle":8,"minecraft:iron_sword":1,"minecraft:oak_planks":123,"born_in_chaos_v1:ethereal_spirit":3,"minecraft:poisonous_potato":1,"alexsmobs:crocodile_egg":1,"minecraft:gravel":3,"minecraft:sand":27,"minecraft:jungle_planks":2,"sons_of_sins:ribs":7,"minecraft:white_bed":3,"minecraft:dark_oak_log":272,"minecraft:spider_eye":7,"sons_of_sins:flesh_of_demise":17,"sons_of_sins:creeper_ribs":1,"alexsmobs:raw_catfish":2,"minecraft:granite":15,"minecraft:bone_meal":6,"minecraft:gray_wool":1,"born_in_chaos_v1:rotten_fish":1,"alexsmobs:maggot":6,"minecraft:black_wool":3,"sons_of_sins:remnant_leggings":4,"minecraft:oak_sapling":6,"sons_of_sins:flesh_pickaxe":6,"minecraft:coal":490,"minecraft:bricks":1},"minecraft:crafted":{"minecraft:brick":15,"sons_of_sins:remnant_helmet":1,"minecraft:wooden_sword":1,"minecraft:oak_door":3,"minecraft:oak_planks":144,"minecraft:stone_shovel":1,"minecraft:oak_sign":3,"sons_of_sins:osseous_sword":3,"minecraft:cooked_chicken":4,"sons_of_sins:urn":3,"minecraft:furnace":3,"sons_of_sins:remnant_chestplate":1,"minecraft:cooked_mutton":24,"sons_of_sins:osseous_pickaxe":2,"minecraft:glass":7,"minecraft:iron_boots":1,"minecraft:iron_axe":1,"minecraft:stone_pickaxe":4,"minecraft:chest":2,"sons_of_sins:flesh_carcass":1,"alexsmobs:cooked_catfish":2,"sons_of_sins:shape_shifting_tool":1,"minecraft:cooked_beef":9,"sons_of_sins:ether_sword":1,"minecraft:glass_bottle":3,"sons_of_sins:soul_steel":32,"sophisticatedbackpacks:backpack":1,"minecraft:cooked_porkchop":3,"minecraft:crafting_table":5,"minecraft:wooden_pickaxe":1,"minecraft:iron_helmet":1,"sons_of_sins:iron_and_ether":32,"minecraft:iron_sword":1,"sons_of_sins:blood_bucket":1,"minecraft:bucket":1,"minecraft:bone":6,"sons_of_sins:sickle_of_struggle":1,"minecraft:stone_axe":1,"minecraft:air":0,"minecraft:iron_chestplate":1,"minecraft:shield":1,"sons_of_sins:remnant_leggings":1,"sons_of_sins:remnant_boots":1,"minecraft:stick":84,"minecraft:iron_ingot":67,"minecraft:iron_pickaxe":1,"minecraft:stone_sword":1,"minecraft:iron_shovel":1,"minecraft:iron_leggings":1,"minecraft:white_bed":1,"minecraft:torch":224},"minecraft:broken":{"sons_of_sins:osseous_sword":1,"minecraft:stone_pickaxe":3,"minecraft:iron_axe":1},"minecraft:mined":{"minecraft:white_bed":3,"minecraft:oak_sapling":1,"minecraft:dark_oak_leaves":1,"minecraft:dark_oak_log":42,"minecraft:granite":15,"minecraft:grass_block":35,"minecraft:jungle_planks":2,"minecraft:spawner":3,"minecraft:furnace":18,"minecraft:iron_ore":68,"minecraft:andesite":10,"minecraft:rail":1,"minecraft:stone":303,"sophisticatedbackpacks:backpack":1,"minecraft:clay":7,"minecraft:crafting_table":15,"minecraft:torch":1,"minecraft:chest":3,"minecraft:tall_grass":20,"minecraft:copper_ore":14,"minecraft:cobblestone":34,"minecraft:sugar_cane":4,"minecraft:oak_planks":30,"minecraft:bricks":1,"minecraft:diorite":2,"minecraft:wall_torch":1,"minecraft:pink_petals":9,"minecraft:birch_leaves":2,"minecraft:grass":74,"minecraft:oak_log":36,"minecraft:coal_ore":198,"minecraft:dark_oak_sapling":8,"minecraft:sand":24,"minecraft:gravel":1,"minecraft:dirt":12,"born_in_chaos_v1:infernal_evil_pumpkin_s":1,"minecraft:stone_bricks":2,"minecraft:oak_leaves":17,"minecraft:fern":1},"minecraft:dropped":{"minecraft:water_bucket":1,"sons_of_sins:bottle_of_blood":2,"minecraft:iron_ingot":3,"born_in_chaos_v1:shattered_skull":1,"minecraft:wheat_seeds":4,"minecraft:oak_log":3,"sons_of_sins:flesh_carcass":1,"minecraft:glass_bottle":4,"minecraft:feather":2,"minecraft:cobblestone":3,"minecraft:jungle_planks":2,"sons_of_sins:ether_ashes":25,"minecraft:stick":4,"sons_of_sins:urn":1,"minecraft:dirt":3,"minecraft:mutton":2,"minecraft:brown_wool":1,"born_in_chaos_v1:fused_bone":2,"minecraft:tube_coral":1,"minecraft:string":10,"minecraft:white_wool":4,"minecraft:music_disc_cat":2,"minecraft:bricks":1,"alexsmobs:maggot":3,"minecraft:sugar_cane":10,"minecraft:rotten_flesh":3,"sons_of_sins:osseous_pickaxe":3,"sons_of_sins:osseous_sword":2,"minecraft:iron_chestplate":1,"born_in_chaos_v1:spiny_shell":1,"minecraft:andesite":5,"born_in_chaos_v1:corpse_maggot":1,"minecraft:oak_sapling":1,"minecraft:spider_eye":2,"minecraft:egg":15}},"DataVersion":3465}