{"stats":{"minecraft:broken":{"minecraft:shears":1,"sons_of_sins:flesh_pickaxe":1,"minecraft:stone_pickaxe":4,"sons_of_sins:osseous_sword":1,"sons_of_sins:flesh_sword":1,"minecraft:stone_hoe":1,"sons_of_sins:flesh_axe":1,"minecraft:iron_axe":1,"minecraft:iron_pickaxe":1},"minecraft:killed":{"minecraft:cave_spider":4,"minecraft:witch":2,"born_in_chaos_v1:restless_spirit":1,"born_in_chaos_v1:zombie_lumberjack":1,"minecraft:spider":28,"born_in_chaos_v1:siamese_skeletonsright":2,"born_in_chaos_v1:baby_skeleton_minion":4,"born_in_chaos_v1:scarlet_persecutor":4,"minecraft:skeleton":29,"alexsmobs:leafcutter_ant":1,"minecraft:chicken":9,"alexsmobs:capuchin_monkey":1,"born_in_chaos_v1:bonescaller":1,"minecraft:pig":5,"minecraft:zombie_villager":4,"minecraft:creeper":17,"minecraft:sheep":21,"minecraft:trader_llama":1,"minecraft:pillager":3,"minecraft:zombie":296,"born_in_chaos_v1:dread_hound":4,"alexsmobs:terrapin":2,"born_in_chaos_v1:corpse_fly":27,"minecraft:stray":4,"alexsmobs:fly":9,"born_in_chaos_v1:door_knight":1,"born_in_chaos_v1:siamese_skeletonsleft":2,"minecraft:cow":12,"minecraft:vex":1,"minecraft:phantom":3,"born_in_chaos_v1:maggot":63,"alexsmobs:gorilla":3,"minecraft:horse":4,"alexsmobs:blue_jay":1,"born_in_chaos_v1:corpse_fish":10,"alexsmobs:skreecher":2,"goblintraders:goblin_trader":1,"born_in_chaos_v1:barrel_zombie":4,"born_in_chaos_v1:fallen_chaos_knight":1,"born_in_chaos_v1:bone_imp_minion":1,"born_in_chaos_v1:baby_skeleton":3,"born_in_chaos_v1:decrepit_skeleton":7,"alexsmobs:catfish":1,"born_in_chaos_v1:bloody_gadfly":6,"alexsmobs:cockroach":1,"alexsmobs:crocodile":1,"sons_of_sins:betrayed_guzzler":1,"born_in_chaos_v1:bonescaller_not_despawn":2,"born_in_chaos_v1:nightmare_stalker":1,"alexsmobs:crow":1,"minecraft:enderman":2},"minecraft:dropped":{"minecraft:iron_sword":1,"minecraft:diamond_axe":2,"minecraft:oak_log":4,"sons_of_sins:flesh_carcass":2,"minecraft:diamond":1,"minecraft:glass_bottle":4,"minecraft:crafting_table":1,"minecraft:dark_oak_sapling":1,"minecraft:jungle_planks":2,"born_in_chaos_v1:pieceofdarkmetal":3,"sons_of_sins:spider_heart":1,"sons_of_sins:ether_ashes":44,"minecraft:flint":1,"sons_of_sins:urn":2,"minecraft:dirt":19,"minecraft:grass":4,"sons_of_sins:flesh_shovel":1,"sons_of_sins:remnant_chestplate":1,"minecraft:mutton":2,"sons_of_sins:crystallized_ether":2,"minecraft:tube_coral":1,"minecraft:iron_pickaxe":1,"minecraft:white_wool":4,"minecraft:bone":16,"sons_of_sins:remnant_boots":1,"minecraft:sugar_cane":10,"born_in_chaos_v1:ethereal_spirit":1,"minecraft:rotten_flesh":3,"minecraft:oak_planks":9,"minecraft:carrot":2,"sons_of_sins:osseous_sword":2,"minecraft:gunpowder":3,"born_in_chaos_v1:corpse_maggot":1,"minecraft:arrow":10,"minecraft:egg":15,"minecraft:water_bucket":1,"minecraft:iron_ingot":46,"sons_of_sins:bottle_of_blood":2,"born_in_chaos_v1:shattered_skull":1,"minecraft:wheat_seeds":6,"minecraft:mossy_cobblestone":5,"minecraft:feather":4,"minecraft:cobblestone":145,"minecraft:deepslate_tile_slab":12,"minecraft:coal":21,"minecraft:stick":4,"sons_of_sins:shape_shifting_tool":2,"minecraft:diorite":28,"minecraft:torch":76,"sons_of_sins:flesh_axe":2,"minecraft:brown_wool":3,"born_in_chaos_v1:fused_bone":2,"minecraft:string":11,"minecraft:pink_petals":6,"minecraft:music_disc_cat":3,"minecraft:redstone":4,"minecraft:bricks":1,"alexsmobs:maggot":3,"sophisticatedbackpacks:backpack":2,"sons_of_sins:flesh_pickaxe":1,"sons_of_sins:osseous_pickaxe":3,"minecraft:deepslate_bricks":1,"minecraft:cobblestone_slab":5,"sons_of_sins:sickle_of_struggle":2,"minecraft:iron_chestplate":1,"minecraft:andesite":9,"born_in_chaos_v1:spiny_shell":1,"minecraft:oak_sapling":1,"minecraft:spider_eye":2,"sophisticatedbackpacks:copper_backpack":1,"minecraft:bow":2,"sons_of_sins:osseous_axe":2},"minecraft:mined":{"minecraft:dark_oak_planks":74,"minecraft:white_bed":4,"minecraft:oak_sapling":1,"minecraft:sculk_vein":34,"minecraft:cobblestone_stairs":19,"minecraft:granite":47,"minecraft:grass_block":361,"minecraft:deepslate_bricks":81,"minecraft:spawner":7,"minecraft:weeping_vines_plant":1,"minecraft:sculk_catalyst":2,"minecraft:iron_ore":153,"minecraft:cobbled_deepslate":3,"minecraft:deepslate_lapis_ore":6,"minecraft:azure_bluet":1,"minecraft:dark_oak_stairs":1,"minecraft:sculk_shrieker":7,"minecraft:deepslate_brick_stairs":1,"minecraft:deepslate_redstone_ore":44,"minecraft:deepslate_tile_slab":2,"minecraft:powder_snow":3,"minecraft:clay":7,"minecraft:torch":17,"minecraft:calcite":2,"minecraft:chest":6,"minecraft:cobblestone":107,"minecraft:oak_planks":30,"minecraft:sugar_cane":4,"minecraft:bricks":1,"minecraft:wall_torch":5,"sons_of_sins:urn_block":3,"minecraft:amethyst_block":2,"minecraft:pink_petals":10,"minecraft:seagrass":1,"minecraft:chain":5,"minecraft:birch_log":15,"minecraft:wheat":503,"minecraft:grass":295,"minecraft:oak_log":44,"minecraft:dark_oak_sapling":20,"minecraft:sand":147,"minecraft:dirt":315,"minecraft:smooth_basalt":1,"born_in_chaos_v1:infernal_evil_pumpkin_s":1,"minecraft:stonecutter":2,"minecraft:deepslate":509,"minecraft:oak_leaves":271,"minecraft:tuff":8,"minecraft:mossy_cobblestone":32,"minecraft:dark_oak_leaves":5,"minecraft:deepslate_diamond_ore":2,"minecraft:dark_oak_log":128,"minecraft:stripped_birch_log":66,"minecraft:jungle_planks":2,"minecraft:deepslate_brick_slab":12,"minecraft:carrots":115,"minecraft:furnace":19,"minecraft:andesite":15,"minecraft:potatoes":13,"minecraft:cobblestone_slab":2,"minecraft:deepslate_iron_ore":49,"minecraft:rail":1,"minecraft:lantern":1,"minecraft:stone":1859,"sophisticatedbackpacks:backpack":3,"minecraft:white_wool":13,"minecraft:dandelion":1,"minecraft:crafting_table":20,"minecraft:sculk_sensor":20,"minecraft:copper_ore":32,"minecraft:tall_grass":41,"minecraft:deepslate_gold_ore":67,"minecraft:lapis_ore":8,"minecraft:sculk":430,"minecraft:diorite":36,"minecraft:birch_planks":2,"minecraft:birch_leaves":3,"minecraft:coal_ore":450,"minecraft:gravel":35,"minecraft:cobweb":3,"minecraft:stone_bricks":2,"minecraft:gold_ore":7,"minecraft:fern":1},"minecraft:crafted":{"minecraft:brick":28,"sons_of_sins:remnant_helmet":1,"sons_of_sins:osseous_axe":1,"minecraft:oak_planks":220,"minecraft:cobblestone_slab":18,"minecraft:oak_sign":6,"sons_of_sins:osseous_sword":3,"minecraft:cooked_chicken":6,"minecraft:chain":3,"sons_of_sins:remnant_chestplate":2,"minecraft:stone":64,"minecraft:cobblestone_stairs":88,"minecraft:cooked_mutton":24,"minecraft:deepslate_brick_stairs":26,"sons_of_sins:osseous_pickaxe":2,"minecraft:dark_oak_door":3,"minecraft:glass":102,"minecraft:iron_boots":1,"minecraft:chest":8,"alexsmobs:cooked_catfish":2,"minecraft:stone_hoe":1,"minecraft:glass_bottle":9,"sophisticatedbackpacks:backpack":2,"minecraft:cooked_porkchop":3,"minecraft:crafting_table":10,"minecraft:spruce_planks":16,"minecraft:iron_helmet":1,"minecraft:wooden_pickaxe":1,"minecraft:birch_planks":108,"sons_of_sins:sickle_of_struggle":1,"minecraft:iron_chestplate":1,"minecraft:shield":1,"sons_of_sins:remnant_leggings":3,"minecraft:stick":100,"minecraft:iron_ingot":206,"minecraft:iron_pickaxe":2,"minecraft:stone_sword":1,"minecraft:gold_ingot":54,"minecraft:deepslate_bricks":6,"minecraft:birch_stairs":40,"minecraft:shears":1,"minecraft:deepslate_tile_slab":12,"minecraft:wooden_sword":1,"minecraft:oak_door":3,"minecraft:coal":7,"minecraft:stone_shovel":1,"minecraft:iron_nugget":108,"sons_of_sins:urn":6,"minecraft:furnace":6,"minecraft:bone_meal":78,"minecraft:glass_pane":48,"minecraft:lantern":12,"minecraft:iron_axe":1,"minecraft:stone_pickaxe":6,"sons_of_sins:flesh_carcass":2,"minecraft:dark_oak_planks":304,"sons_of_sins:shape_shifting_tool":4,"sophisticatedbackpacks:iron_backpack":1,"minecraft:cooked_beef":9,"sons_of_sins:ether_sword":1,"sons_of_sins:soul_steel":32,"minecraft:dark_oak_stairs":8,"sons_of_sins:iron_and_ether":32,"minecraft:deepslate_brick_slab":50,"minecraft:iron_sword":1,"sons_of_sins:blood_bucket":1,"sophisticatedbackpacks:gold_backpack":1,"minecraft:bucket":2,"minecraft:bone":18,"minecraft:stone_axe":1,"minecraft:bread":101,"minecraft:air":0,"sons_of_sins:remnant_boots":2,"minecraft:iron_shovel":1,"minecraft:iron_leggings":1,"minecraft:stonecutter":1,"minecraft:white_bed":1,"minecraft:torch":312},"minecraft:custom":{"minecraft:interact_with_crafting_table":194,"minecraft:open_barrel":7,"goblintraders:trade_with_goblin":91,"minecraft:leave_game":12,"minecraft:time_since_death":84453,"minecraft:sprint_one_cm":1880823,"minecraft:damage_blocked_by_shield":770,"minecraft:drop":171,"minecraft:play_time":913386,"minecraft:deaths":14,"minecraft:jump":13836,"minecraft:walk_on_water_one_cm":127623,"minecraft:interact_with_furnace":246,"minecraft:sleep_in_bed":7,"minecraft:damage_dealt":103400,"minecraft:crouch_one_cm":69702,"minecraft:mob_kills":701,"minecraft:damage_dealt_resisted":4147,"minecraft:climb_one_cm":2878,"minecraft:walk_one_cm":3739615,"minecraft:damage_dealt_absorbed":275,"minecraft:sneak_time":21997,"minecraft:walk_under_water_one_cm":26590,"minecraft:total_world_time":913386,"minecraft:raid_trigger":1,"minecraft:interact_with_stonecutter":33,"minecraft:time_since_rest":13177,"minecraft:damage_taken":12972,"minecraft:fly_one_cm":1193240,"minecraft:open_chest":282,"minecraft:fall_one_cm":311943},"minecraft:used":{"minecraft:iron_shovel":25,"minecraft:chest":12,"minecraft:oak_sign":2,"minecraft:iron_sword":34,"minecraft:shield":25,"minecraft:stone":61,"minecraft:rotten_flesh":13,"minecraft:iron_chestplate":1,"minecraft:carrot":210,"minecraft:deepslate_brick_slab":61,"minecraft:deepslate_tile_slab":2,"minecraft:azure_bluet":1,"minecraft:glass":18,"born_in_chaos_v1:corpse_maggot":12,"sons_of_sins:remnant_helmet":4,"minecraft:lantern":14,"minecraft:iron_helmet":1,"minecraft:bow":1,"minecraft:furnace":24,"minecraft:potato":47,"minecraft:dark_oak_sapling":73,"minecraft:dark_oak_stairs":6,"minecraft:diorite":2,"minecraft:stripped_birch_log":57,"minecraft:stone_pickaxe":635,"minecraft:oak_planks":42,"minecraft:ender_pearl":1,"minecraft:wooden_pickaxe":13,"sons_of_sins:blood_bucket":3,"minecraft:diamond_axe":29,"sons_of_sins:remnant_chestplate":1,"minecraft:oak_leaves":29,"minecraft:white_wool":22,"sons_of_sins:osseous_sword":129,"sons_of_sins:ether_sword":265,"minecraft:shears":238,"minecraft:deepslate_brick_stairs":34,"sophisticatedbackpacks:backpack":4,"minecraft:dark_oak_log":92,"minecraft:bread":109,"minecraft:wooden_sword":2,"sons_of_sins:flesh_of_demise":2,"sons_of_sins:sickle_of_struggle":348,"minecraft:chain":5,"minecraft:birch_log":48,"minecraft:bone_meal":78,"minecraft:stone_shovel":7,"minecraft:stone_hoe":131,"minecraft:cooked_chicken":6,"minecraft:oak_door":2,"minecraft:torch":200,"minecraft:dirt":28,"sons_of_sins:remnant_boots":3,"minecraft:dark_oak_planks":270,"minecraft:iron_axe":112,"minecraft:iron_boots":1,"minecraft:cooked_beef":8,"minecraft:cobbled_deepslate":35,"minecraft:iron_leggings":1,"minecraft:wheat_seeds":485,"minecraft:cooked_mutton":25,"alexsmobs:cooked_catfish":2,"minecraft:water_bucket":49,"minecraft:cobblestone_stairs":108,"minecraft:birch_planks":10,"minecraft:stonecutter":3,"minecraft:cobblestone_slab":10,"sons_of_sins:urn":5,"minecraft:deepslate_bricks":409,"minecraft:mossy_cobblestone":26,"minecraft:crafting_table":27,"minecraft:white_bed":6,"sons_of_sins:flesh_sword":891,"minecraft:dark_oak_door":1,"minecraft:oak_log":7,"sons_of_sins:flesh_pickaxe":576,"minecraft:apple":10,"minecraft:iron_pickaxe":268,"minecraft:stone_axe":30,"sons_of_sins:remnant_leggings":1,"minecraft:potion":1,"minecraft:cobblestone":606,"sons_of_sins:flesh_axe":378,"minecraft:cooked_porkchop":3,"minecraft:bucket":52,"minecraft:glass_pane":41,"alexsmobs:animal_dictionary":2,"minecraft:dandelion":1,"minecraft:birch_stairs":18},"minecraft:picked_up":{"minecraft:seagrass":5,"minecraft:iron_chestplate":3,"minecraft:wheat":486,"minecraft:lead":2,"minecraft:potion":1,"born_in_chaos_v1:bloody_gadfly_eye":3,"sons_of_sins:muscle":12,"mobs_of_sins:cockroach_heart":1,"sons_of_sins:soul_steel":45,"minecraft:music_disc_cat":2,"minecraft:string":88,"minecraft:raw_copper":121,"minecraft:oak_sign":2,"minecraft:cobbled_deepslate":655,"minecraft:bucket":4,"sons_of_sins:crystallized_ether":37,"minecraft:cobblestone_slab":7,"minecraft:iron_pickaxe":3,"minecraft:iron_boots":1,"minecraft:furnace":21,"minecraft:tipped_arrow":1,"minecraft:stick":116,"born_in_chaos_v1:shattered_skull":4,"minecraft:oak_fence":1,"minecraft:torch":287,"minecraft:porkchop":4,"minecraft:cherry_log":2,"minecraft:diorite":64,"born_in_chaos_v1:nightmare_claw":1,"sons_of_sins:flesh_shovel":2,"minecraft:rotten_flesh":369,"minecraft:tropical_fish":2,"sons_of_sins:heart":11,"sons_of_sins:bottle_of_blood":12,"sons_of_sins:shape_shifting_tool":16,"minecraft:deepslate_brick_stairs":1,"minecraft:snowball":32,"minecraft:cobblestone":1955,"minecraft:birch_log":103,"born_in_chaos_v1:staffof_magic_arrows":2,"minecraft:pink_petals":39,"minecraft:feather":26,"minecraft:cooked_beef":3,"born_in_chaos_v1:spiritual_dust":6,"minecraft:water_bucket":4,"minecraft:andesite":20,"minecraft:brown_wool":6,"minecraft:potato":46,"sons_of_sins:urn":15,"minecraft:flint":7,"minecraft:tuff":8,"mobs_of_sins:capucin_monkey_heart":2,"sons_of_sins:osseous_axe":1,"minecraft:lapis_lazuli":173,"minecraft:stripped_birch_log":68,"minecraft:dirt":710,"sons_of_sins:osseous_pickaxe":1,"minecraft:lantern":2,"sons_of_sins:remnant_boots":13,"born_in_chaos_v1:monster_skin":3,"sons_of_sins:spider_heart":5,"minecraft:glass":13,"minecraft:bone":130,"mobs_of_sins:nuisances_muscle":6,"minecraft:bow":9,"minecraft:stonecutter":2,"minecraft:wheat_seeds":1416,"minecraft:deepslate_brick_slab":12,"minecraft:raw_gold":72,"sons_of_sins:remnant_chestplate":12,"minecraft:glowstone_dust":2,"minecraft:oak_planks":154,"minecraft:poisonous_potato":2,"alexsmobs:crocodile_egg":1,"minecraft:sand":149,"minecraft:jungle_planks":2,"sons_of_sins:ribs":13,"minecraft:ink_sac":1,"minecraft:dark_oak_log":1284,"sons_of_sins:flesh_of_demise":40,"minecraft:mossy_cobblestone":31,"sons_of_sins:creeper_ribs":6,"minecraft:diamond":1,"minecraft:crossbow":1,"minecraft:granite":41,"minecraft:bone_meal":7,"minecraft:grass":6,"minecraft:bread":54,"alexsmobs:maggot":12,"minecraft:oak_sapling":8,"born_in_chaos_v1:rotten_fish":8,"minecraft:bricks":1,"minecraft:oak_leaves":241,"sophisticatedbackpacks:gold_backpack":2,"minecraft:crafting_table":25,"minecraft:azure_bluet":2,"artifacts:night_vision_goggles":8,"minecraft:chicken":12,"minecraft:clay_ball":67,"born_in_chaos_v1:seedof_chaos":3,"minecraft:leather_leggings":1,"sons_of_sins:flesh_carcass":3,"minecraft:chain":6,"minecraft:brick":20,"minecraft:shield":8,"minecraft:iron_shovel":1,"sons_of_sins:ether_sword":11,"sons_of_sins:flesh_sword":10,"sons_of_sins:remnant_helmet":12,"minecraft:beef":29,"born_in_chaos_v1:gnawed_bones":1,"minecraft:poppy":2,"minecraft:sugar_cane":20,"minecraft:chest":6,"minecraft:birch_sapling":21,"sons_of_sins:sickle_of_struggle":13,"minecraft:phantom_membrane":1,"minecraft:egg":18,"minecraft:dark_oak_sapling":83,"minecraft:raw_iron":320,"minecraft:oak_door":2,"sophisticatedbackpacks:backpack":16,"born_in_chaos_v1:pieceofdarkmetal":6,"minecraft:carrot":418,"minecraft:redstone":398,"minecraft:prismarine_crystals":2,"alexsmobs:crocodile_scute":2,"sons_of_sins:ether_ashes":905,"minecraft:dark_oak_planks":89,"minecraft:tube_coral":3,"minecraft:arrow":44,"minecraft:stone_shovel":4,"sons_of_sins:enderman_muscle":1,"minecraft:deepslate_bricks":80,"born_in_chaos_v1:spiny_shell":1,"minecraft:gold_ingot":27,"sophisticatedbackpacks:copper_backpack":5,"minecraft:mutton":37,"minecraft:rail":4,"minecraft:white_wool":35,"born_in_chaos_v1:fused_bone":7,"born_in_chaos_v1:corpse_maggot":127,"born_in_chaos_v1:monster_flesh":12,"minecraft:glow_ink_sac":1,"minecraft:salmon":1,"minecraft:leather":39,"minecraft:birch_planks":2,"minecraft:oak_log":118,"minecraft:gunpowder":23,"minecraft:cobblestone_stairs":20,"minecraft:deepslate_tile_slab":2,"minecraft:white_banner":1,"minecraft:cooked_mutton":1,"minecraft:apple":14,"minecraft:stone_bricks":2,"minecraft:kelp":6,"minecraft:iron_ingot":9,"sons_of_sins:blood_bucket":1,"minecraft:stone_pickaxe":2,"minecraft:glass_bottle":9,"minecraft:iron_sword":2,"minecraft:dark_oak_stairs":1,"born_in_chaos_v1:orbofthe_summoner":3,"born_in_chaos_v1:ethereal_spirit":8,"minecraft:dandelion":2,"minecraft:gravel":53,"minecraft:white_bed":5,"minecraft:spruce_log":26,"minecraft:spider_eye":18,"alexsmobs:raw_catfish":2,"sons_of_sins:flesh_axe":11,"minecraft:slime_ball":3,"minecraft:diamond_axe":4,"minecraft:gray_wool":1,"minecraft:black_wool":3,"sons_of_sins:remnant_leggings":10,"sons_of_sins:flesh_pickaxe":9,"minecraft:coal":741,"minecraft:ender_pearl":2},"minecraft:killed_by":{"born_in_chaos_v1:nightmare_stalker":1,"sons_of_sins:betrayed_guzzler":2,"born_in_chaos_v1:supreme_bonescaller_not_despawn":1,"born_in_chaos_v1:supreme_bonescaller_stage_2":1,"alexsmobs:gorilla":1,"minecraft:vex":1,"minecraft:player":3,"minecraft:enderman":1,"minecraft:skeleton":1,"born_in_chaos_v1:corpse_fish":1}},"DataVersion":3465}