{"stats":{"minecraft:killed":{"minecraft:witch":1,"minecraft:spider":6,"born_in_chaos_v1:siamese_skeletonsright":1,"alexsmobs:gorilla":1,"minecraft:skeleton":1,"minecraft:chicken":4,"minecraft:pig":3,"born_in_chaos_v1:baby_skeleton":2,"minecraft:creeper":2,"born_in_chaos_v1:decrepit_skeleton":3,"minecraft:sheep":14,"minecraft:pillager":1,"alexsmobs:crocodile":1,"minecraft:zombie":2,"born_in_chaos_v1:dread_hound":1,"alexsmobs:terrapin":1,"born_in_chaos_v1:corpse_fly":1,"alexsmobs:fly":4,"born_in_chaos_v1:siamese_skeletonsleft":1,"minecraft:cow":12},"minecraft:used":{"minecraft:oak_sign":1,"minecraft:shield":3,"minecraft:iron_sword":32,"minecraft:iron_chestplate":1,"minecraft:torch":115,"minecraft:iron_axe":49,"minecraft:iron_helmet":1,"minecraft:iron_boots":1,"minecraft:furnace":9,"minecraft:cooked_beef":6,"minecraft:iron_leggings":1,"minecraft:cooked_mutton":18,"minecraft:stone_pickaxe":476,"minecraft:oak_planks":40,"minecraft:wooden_pickaxe":13,"minecraft:crafting_table":10,"sons_of_sins:osseous_sword":116,"minecraft:white_bed":2,"sophisticatedbackpacks:backpack":1,"minecraft:apple":1,"minecraft:iron_pickaxe":11,"minecraft:stone_axe":30,"minecraft:wooden_sword":2,"minecraft:cobblestone":82,"minecraft:potion":1,"sons_of_sins:sickle_of_struggle":15,"minecraft:cooked_porkchop":1,"alexsmobs:animal_dictionary":1},"minecraft:custom":{"minecraft:mob_kills":71,"minecraft:interact_with_crafting_table":45,"minecraft:open_barrel":7,"minecraft:leave_game":3,"minecraft:time_since_death":158494,"minecraft:climb_one_cm":2862,"minecraft:sprint_one_cm":412199,"minecraft:walk_one_cm":572626,"minecraft:damage_blocked_by_shield":70,"minecraft:drop":18,"minecraft:play_time":158494,"minecraft:sneak_time":1314,"minecraft:walk_under_water_one_cm":1168,"minecraft:jump":2112,"minecraft:walk_on_water_one_cm":26354,"minecraft:total_world_time":158494,"minecraft:interact_with_furnace":81,"minecraft:raid_trigger":1,"minecraft:sleep_in_bed":2,"minecraft:time_since_rest":87051,"minecraft:damage_taken":1441,"minecraft:damage_dealt":9317,"minecraft:fly_one_cm":163265,"minecraft:open_chest":14,"minecraft:crouch_one_cm":2353,"minecraft:fall_one_cm":37493},"minecraft:picked_up":{"minecraft:crafting_table":7,"minecraft:wheat":1,"minecraft:chicken":4,"minecraft:potion":1,"minecraft:music_disc_cat":2,"minecraft:string":13,"minecraft:raw_copper":52,"minecraft:beef":16,"born_in_chaos_v1:gnawed_bones":1,"minecraft:sugar_cane":20,"minecraft:chest":1,"minecraft:egg":16,"minecraft:furnace":9,"minecraft:raw_iron":56,"minecraft:stick":4,"minecraft:oak_fence":1,"minecraft:torch":4,"sophisticatedbackpacks:backpack":1,"minecraft:porkchop":2,"minecraft:diorite":1,"minecraft:redstone":4,"alexsmobs:crocodile_scute":2,"sons_of_sins:ether_ashes":48,"minecraft:rotten_flesh":11,"minecraft:mutton":18,"minecraft:rail":4,"minecraft:white_wool":11,"minecraft:cobblestone":274,"born_in_chaos_v1:fused_bone":2,"born_in_chaos_v1:corpse_maggot":3,"minecraft:feather":8,"minecraft:andesite":4,"minecraft:brown_wool":2,"minecraft:leather":9,"minecraft:oak_log":39,"minecraft:dirt":9,"born_in_chaos_v1:monster_skin":1,"minecraft:cooked_mutton":1,"minecraft:bone":8,"mobs_of_sins:nuisances_muscle":2,"minecraft:apple":1,"minecraft:stone_bricks":2,"minecraft:bow":1,"minecraft:wheat_seeds":2,"minecraft:oak_planks":28,"alexsmobs:crocodile_egg":1,"minecraft:gravel":3,"minecraft:jungle_planks":2,"sons_of_sins:ribs":2,"minecraft:white_bed":2,"minecraft:spider_eye":2,"sons_of_sins:flesh_of_demise":2,"minecraft:granite":15,"minecraft:gray_wool":1,"alexsmobs:maggot":3,"minecraft:oak_sapling":6,"minecraft:coal":247,"minecraft:bricks":1},"minecraft:crafted":{"sons_of_sins:remnant_helmet":1,"minecraft:wooden_sword":1,"minecraft:oak_planks":144,"minecraft:oak_sign":3,"sons_of_sins:osseous_sword":1,"minecraft:furnace":2,"minecraft:cooked_mutton":17,"minecraft:iron_boots":1,"minecraft:iron_axe":1,"minecraft:stone_pickaxe":4,"minecraft:cooked_beef":9,"sons_of_sins:soul_steel":16,"sophisticatedbackpacks:backpack":1,"minecraft:cooked_porkchop":1,"minecraft:crafting_table":4,"minecraft:wooden_pickaxe":1,"minecraft:iron_helmet":1,"sons_of_sins:iron_and_ether":16,"minecraft:iron_sword":1,"sons_of_sins:sickle_of_struggle":1,"minecraft:stone_axe":1,"minecraft:air":0,"minecraft:iron_chestplate":1,"minecraft:shield":1,"sons_of_sins:remnant_leggings":1,"minecraft:stick":60,"minecraft:iron_ingot":49,"minecraft:iron_pickaxe":1,"minecraft:stone_sword":1,"minecraft:iron_leggings":1,"minecraft:white_bed":1,"minecraft:torch":144},"minecraft:broken":{"minecraft:stone_pickaxe":3},"minecraft:mined":{"minecraft:white_bed":2,"minecraft:oak_sapling":1,"minecraft:granite":15,"minecraft:grass_block":3,"minecraft:jungle_planks":2,"minecraft:spawner":3,"minecraft:furnace":9,"minecraft:iron_ore":56,"minecraft:andesite":4,"minecraft:rail":1,"minecraft:stone":244,"sophisticatedbackpacks:backpack":1,"minecraft:crafting_table":7,"minecraft:torch":1,"minecraft:chest":1,"minecraft:copper_ore":14,"minecraft:cobblestone":32,"minecraft:sugar_cane":4,"minecraft:oak_planks":29,"minecraft:bricks":1,"minecraft:diorite":1,"minecraft:grass":19,"minecraft:oak_log":36,"minecraft:coal_ore":118,"minecraft:gravel":1,"minecraft:dirt":6,"minecraft:stone_bricks":2,"minecraft:oak_leaves":3},"minecraft:dropped":{"minecraft:wheat_seeds":2,"minecraft:feather":2,"minecraft:cobblestone":3,"minecraft:jungle_planks":2,"minecraft:stick":2,"minecraft:brown_wool":1,"minecraft:string":10,"minecraft:music_disc_cat":2,"minecraft:bricks":1,"alexsmobs:maggot":3,"minecraft:sugar_cane":10,"born_in_chaos_v1:corpse_maggot":1,"minecraft:oak_sapling":1,"minecraft:egg":15}},"DataVersion":3465}