{"stats":{"minecraft:killed":{"minecraft:witch":1,"minecraft:spider":8,"born_in_chaos_v1:siamese_skeletonsright":2,"born_in_chaos_v1:scarlet_persecutor":4,"born_in_chaos_v1:maggot":2,"alexsmobs:gorilla":1,"minecraft:skeleton":6,"alexsmobs:leafcutter_ant":1,"minecraft:chicken":4,"born_in_chaos_v1:corpse_fish":2,"born_in_chaos_v1:barrel_zombie":1,"minecraft:pig":3,"born_in_chaos_v1:baby_skeleton":2,"minecraft:creeper":4,"born_in_chaos_v1:decrepit_skeleton":3,"minecraft:sheep":20,"alexsmobs:catfish":1,"minecraft:pillager":1,"alexsmobs:crocodile":1,"minecraft:zombie":9,"born_in_chaos_v1:dread_hound":1,"alexsmobs:terrapin":2,"born_in_chaos_v1:corpse_fly":1,"alexsmobs:fly":4,"born_in_chaos_v1:siamese_skeletonsleft":1,"minecraft:cow":12},"minecraft:killed_by":{"minecraft:player":1,"minecraft:enderman":1,"minecraft:skeleton":1},"minecraft:used":{"minecraft:iron_shovel":25,"minecraft:stone_shovel":7,"minecraft:oak_sign":1,"minecraft:chest":4,"minecraft:shield":5,"minecraft:iron_sword":34,"minecraft:cooked_chicken":3,"minecraft:iron_chestplate":1,"minecraft:oak_door":2,"minecraft:torch":118,"minecraft:dirt":2,"sons_of_sins:remnant_boots":1,"minecraft:iron_axe":112,"minecraft:iron_helmet":1,"minecraft:iron_boots":1,"minecraft:furnace":20,"minecraft:cooked_beef":8,"minecraft:iron_leggings":1,"minecraft:cooked_mutton":20,"minecraft:stone_pickaxe":488,"minecraft:oak_planks":42,"minecraft:wooden_pickaxe":13,"sons_of_sins:blood_bucket":2,"minecraft:crafting_table":19,"sons_of_sins:osseous_sword":129,"minecraft:white_bed":4,"sons_of_sins:ether_sword":22,"sons_of_sins:flesh_sword":58,"sons_of_sins:flesh_pickaxe":40,"sophisticatedbackpacks:backpack":1,"minecraft:apple":2,"minecraft:bread":3,"minecraft:iron_pickaxe":18,"minecraft:stone_axe":30,"minecraft:wooden_sword":2,"minecraft:cobblestone":120,"minecraft:potion":1,"sons_of_sins:sickle_of_struggle":20,"minecraft:cooked_porkchop":1,"minecraft:bucket":1,"alexsmobs:animal_dictionary":2},"minecraft:custom":{"minecraft:mob_kills":107,"minecraft:interact_with_crafting_table":82,"minecraft:open_barrel":7,"minecraft:leave_game":3,"minecraft:time_since_death":875,"minecraft:climb_one_cm":2862,"minecraft:sprint_one_cm":577043,"minecraft:walk_one_cm":740049,"minecraft:damage_blocked_by_shield":115,"minecraft:drop":37,"minecraft:play_time":230494,"minecraft:deaths":3,"minecraft:sneak_time":1774,"minecraft:walk_under_water_one_cm":7448,"minecraft:jump":5175,"minecraft:walk_on_water_one_cm":54773,"minecraft:total_world_time":230494,"minecraft:interact_with_furnace":142,"minecraft:raid_trigger":1,"minecraft:sleep_in_bed":4,"minecraft:time_since_rest":925,"minecraft:damage_taken":2766,"minecraft:damage_dealt":15570,"minecraft:fly_one_cm":263714,"minecraft:open_chest":20,"minecraft:crouch_one_cm":2590,"minecraft:fall_one_cm":60070},"minecraft:picked_up":{"minecraft:iron_chestplate":2,"minecraft:crafting_table":17,"minecraft:wheat":1,"minecraft:chicken":4,"minecraft:clay_ball":54,"minecraft:potion":1,"minecraft:brick":7,"minecraft:shield":2,"sons_of_sins:soul_steel":9,"minecraft:music_disc_cat":2,"minecraft:string":17,"minecraft:raw_copper":52,"minecraft:iron_shovel":1,"sons_of_sins:ether_sword":2,"sons_of_sins:flesh_sword":3,"minecraft:bucket":1,"sons_of_sins:remnant_helmet":2,"minecraft:beef":16,"sons_of_sins:crystallized_ether":25,"born_in_chaos_v1:gnawed_bones":1,"minecraft:iron_pickaxe":1,"sons_of_sins:sickle_of_struggle":1,"minecraft:sugar_cane":20,"minecraft:chest":3,"minecraft:egg":16,"minecraft:furnace":19,"minecraft:dark_oak_sapling":16,"minecraft:raw_iron":69,"minecraft:stick":9,"minecraft:oak_fence":1,"minecraft:torch":69,"sophisticatedbackpacks:backpack":3,"minecraft:porkchop":2,"minecraft:diorite":1,"minecraft:redstone":4,"alexsmobs:crocodile_scute":2,"sons_of_sins:ether_ashes":98,"minecraft:arrow":1,"minecraft:rotten_flesh":19,"sons_of_sins:shape_shifting_tool":1,"minecraft:mutton":32,"minecraft:rail":4,"minecraft:white_wool":17,"minecraft:cobblestone":337,"born_in_chaos_v1:fused_bone":5,"minecraft:pink_petals":30,"born_in_chaos_v1:corpse_maggot":5,"minecraft:feather":8,"minecraft:cooked_beef":3,"minecraft:andesite":15,"minecraft:brown_wool":2,"minecraft:leather":9,"sons_of_sins:urn":2,"minecraft:oak_log":42,"minecraft:gunpowder":6,"minecraft:dirt":34,"sons_of_sins:osseous_pickaxe":1,"sons_of_sins:remnant_boots":2,"born_in_chaos_v1:monster_skin":1,"minecraft:cooked_mutton":1,"minecraft:glass":8,"minecraft:bone":26,"mobs_of_sins:nuisances_muscle":2,"minecraft:apple":2,"minecraft:stone_bricks":2,"minecraft:bow":2,"minecraft:wheat_seeds":8,"sons_of_sins:remnant_chestplate":1,"sons_of_sins:blood_bucket":1,"minecraft:stone_pickaxe":1,"minecraft:iron_ingot":1,"minecraft:glass_bottle":8,"minecraft:iron_sword":1,"minecraft:oak_planks":65,"born_in_chaos_v1:ethereal_spirit":3,"alexsmobs:crocodile_egg":1,"minecraft:gravel":3,"minecraft:sand":27,"minecraft:jungle_planks":2,"sons_of_sins:ribs":2,"minecraft:white_bed":3,"minecraft:dark_oak_log":272,"minecraft:spider_eye":3,"sons_of_sins:flesh_of_demise":3,"alexsmobs:raw_catfish":2,"minecraft:granite":15,"minecraft:bone_meal":4,"minecraft:gray_wool":1,"born_in_chaos_v1:rotten_fish":1,"alexsmobs:maggot":3,"minecraft:black_wool":2,"sons_of_sins:remnant_leggings":2,"minecraft:oak_sapling":6,"sons_of_sins:flesh_pickaxe":4,"minecraft:coal":383,"minecraft:bricks":1},"minecraft:crafted":{"minecraft:brick":15,"sons_of_sins:remnant_helmet":1,"minecraft:wooden_sword":1,"minecraft:oak_door":3,"minecraft:oak_planks":144,"minecraft:stone_shovel":1,"minecraft:oak_sign":3,"sons_of_sins:osseous_sword":3,"minecraft:cooked_chicken":3,"sons_of_sins:urn":2,"minecraft:furnace":3,"sons_of_sins:remnant_chestplate":1,"minecraft:cooked_mutton":19,"sons_of_sins:osseous_pickaxe":2,"minecraft:glass":7,"minecraft:iron_boots":1,"minecraft:iron_axe":1,"minecraft:stone_pickaxe":4,"minecraft:chest":2,"sons_of_sins:shape_shifting_tool":1,"minecraft:cooked_beef":9,"sons_of_sins:ether_sword":1,"minecraft:glass_bottle":3,"sons_of_sins:soul_steel":32,"sophisticatedbackpacks:backpack":1,"minecraft:cooked_porkchop":1,"minecraft:crafting_table":5,"minecraft:wooden_pickaxe":1,"minecraft:iron_helmet":1,"sons_of_sins:iron_and_ether":32,"minecraft:iron_sword":1,"sons_of_sins:blood_bucket":1,"minecraft:bucket":1,"minecraft:bone":6,"sons_of_sins:sickle_of_struggle":1,"minecraft:stone_axe":1,"minecraft:air":0,"minecraft:iron_chestplate":1,"minecraft:shield":1,"sons_of_sins:remnant_leggings":1,"sons_of_sins:remnant_boots":1,"minecraft:stick":64,"minecraft:iron_ingot":63,"minecraft:iron_pickaxe":1,"minecraft:stone_sword":1,"minecraft:iron_shovel":1,"minecraft:iron_leggings":1,"minecraft:white_bed":1,"minecraft:torch":144},"minecraft:broken":{"sons_of_sins:osseous_sword":1,"minecraft:stone_pickaxe":3,"minecraft:iron_axe":1},"minecraft:mined":{"minecraft:white_bed":3,"minecraft:oak_sapling":1,"minecraft:dark_oak_leaves":1,"minecraft:dark_oak_log":42,"minecraft:granite":15,"minecraft:grass_block":10,"minecraft:jungle_planks":2,"minecraft:spawner":3,"minecraft:furnace":18,"minecraft:iron_ore":64,"minecraft:andesite":10,"minecraft:rail":1,"minecraft:stone":262,"sophisticatedbackpacks:backpack":1,"minecraft:clay":7,"minecraft:crafting_table":15,"minecraft:torch":1,"minecraft:chest":3,"minecraft:tall_grass":6,"minecraft:copper_ore":14,"minecraft:cobblestone":34,"minecraft:sugar_cane":4,"minecraft:oak_planks":30,"minecraft:bricks":1,"minecraft:diorite":1,"minecraft:wall_torch":1,"minecraft:pink_petals":9,"minecraft:grass":35,"minecraft:oak_log":36,"minecraft:coal_ore":134,"minecraft:dark_oak_sapling":8,"minecraft:sand":24,"minecraft:gravel":1,"minecraft:dirt":11,"born_in_chaos_v1:infernal_evil_pumpkin_s":1,"minecraft:stone_bricks":2,"minecraft:oak_leaves":7,"minecraft:fern":1},"minecraft:dropped":{"minecraft:iron_ingot":3,"minecraft:wheat_seeds":3,"minecraft:glass_bottle":4,"minecraft:feather":2,"minecraft:cobblestone":3,"minecraft:jungle_planks":2,"sons_of_sins:ether_ashes":25,"minecraft:stick":4,"minecraft:dirt":3,"minecraft:mutton":2,"minecraft:brown_wool":1,"born_in_chaos_v1:fused_bone":2,"minecraft:string":10,"minecraft:music_disc_cat":2,"minecraft:bricks":1,"alexsmobs:maggot":3,"minecraft:sugar_cane":10,"sons_of_sins:osseous_pickaxe":3,"sons_of_sins:osseous_sword":2,"minecraft:iron_chestplate":1,"minecraft:andesite":5,"born_in_chaos_v1:corpse_maggot":1,"minecraft:oak_sapling":1,"minecraft:spider_eye":1,"minecraft:egg":15}},"DataVersion":3465}