{"stats":{"minecraft:killed":{"minecraft:sheep":1},"minecraft:mined":{"minecraft:grass":1,"minecraft:oak_log":6,"minecraft:oak_planks":8,"minecraft:crafting_table":1},"minecraft:crafted":{"minecraft:wooden_sword":1,"minecraft:oak_planks":24,"minecraft:crafting_table":2,"minecraft:stick":4},"minecraft:used":{"minecraft:crafting_table":2,"minecraft:oak_planks":19,"alexsmobs:animal_dictionary":1},"minecraft:custom":{"minecraft:time_since_rest":8602,"minecraft:crouch_one_cm":171,"minecraft:play_time":8602,"minecraft:sprint_one_cm":30473,"minecraft:damage_taken":150,"minecraft:walk_one_cm":19887,"minecraft:sneak_time":320,"minecraft:mob_kills":1,"minecraft:jump":110,"minecraft:damage_dealt":144,"minecraft:time_since_death":8602,"minecraft:total_world_time":8602,"minecraft:interact_with_crafting_table":2,"minecraft:fall_one_cm":2214,"minecraft:fly_one_cm":12452},"minecraft:picked_up":{"minecraft:crafting_table":1,"minecraft:oak_log":6,"minecraft:mutton":2,"minecraft:oak_planks":8,"minecraft:white_wool":1,"minecraft:egg":4}},"DataVersion":3465}