{"stats":{"minecraft:broken":{"minecraft:shears":1,"sons_of_sins:flesh_pickaxe":2,"minecraft:stone_pickaxe":4,"sons_of_sins:osseous_sword":1,"sons_of_sins:flesh_sword":1,"minecraft:stone_hoe":1,"sons_of_sins:flesh_axe":1,"minecraft:iron_axe":1,"minecraft:iron_pickaxe":1},"minecraft:mined":{"minecraft:white_bed":4,"minecraft:oak_sapling":1,"minecraft:sculk_vein":38,"minecraft:cobblestone_stairs":23,"minecraft:granite":65,"minecraft:grass_block":368,"minecraft:deepslate_bricks":127,"minecraft:spawner":7,"minecraft:weeping_vines_plant":1,"minecraft:sculk_catalyst":3,"minecraft:iron_ore":211,"minecraft:cobbled_deepslate":278,"minecraft:deepslate_lapis_ore":6,"minecraft:azure_bluet":1,"minecraft:dark_oak_stairs":1,"minecraft:sculk_shrieker":10,"minecraft:deepslate_brick_stairs":1,"minecraft:tripwire":1,"minecraft:deepslate_redstone_ore":44,"minecraft:deepslate_tile_slab":2,"minecraft:powder_snow":3,"minecraft:clay":7,"minecraft:torch":18,"minecraft:calcite":2,"minecraft:chest":6,"minecraft:glass":2,"minecraft:cobblestone":143,"minecraft:oak_planks":30,"minecraft:sugar_cane":4,"minecraft:bricks":1,"minecraft:wall_torch":17,"sons_of_sins:urn_block":3,"minecraft:amethyst_block":2,"minecraft:pink_petals":10,"minecraft:seagrass":1,"minecraft:chain":6,"minecraft:birch_log":15,"minecraft:wheat":503,"born_in_chaos_v1:river_mint":42,"minecraft:grass":302,"minecraft:oak_log":48,"minecraft:dark_oak_sapling":21,"minecraft:sand":150,"minecraft:dirt":420,"minecraft:smooth_basalt":1,"born_in_chaos_v1:infernal_evil_pumpkin_s":1,"minecraft:stonecutter":3,"minecraft:deepslate":585,"minecraft:oak_leaves":276,"minecraft:deepslate_tiles":2,"minecraft:tuff":38,"minecraft:mossy_cobblestone":32,"minecraft:dark_oak_leaves":5,"minecraft:deepslate_diamond_ore":4,"minecraft:dark_oak_log":138,"minecraft:stripped_birch_log":66,"minecraft:ladder":9,"minecraft:jungle_planks":2,"minecraft:hay_block":54,"minecraft:deepslate_brick_slab":14,"minecraft:carrots":138,"minecraft:furnace":21,"minecraft:andesite":17,"minecraft:chiseled_deepslate":5,"minecraft:bell":1,"minecraft:potatoes":48,"minecraft:cobblestone_slab":2,"minecraft:deepslate_iron_ore":91,"minecraft:rail":1,"minecraft:lantern":1,"minecraft:stone":2581,"sophisticatedbackpacks:backpack":3,"minecraft:white_wool":13,"minecraft:dandelion":2,"minecraft:crafting_table":23,"minecraft:sculk_sensor":29,"minecraft:copper_ore":38,"minecraft:tall_grass":45,"minecraft:deepslate_gold_ore":77,"minecraft:lapis_ore":14,"minecraft:sculk":623,"minecraft:diorite":44,"minecraft:birch_planks":2,"minecraft:birch_leaves":3,"minecraft:coal_ore":599,"minecraft:gravel":37,"minecraft:cobweb":6,"minecraft:stone_bricks":2,"minecraft:gold_ore":7,"minecraft:fern":1,"minecraft:dark_oak_planks":104},"minecraft:killed":{"minecraft:cave_spider":4,"minecraft:witch":2,"born_in_chaos_v1:restless_spirit":3,"born_in_chaos_v1:zombie_lumberjack":1,"minecraft:spider":31,"born_in_chaos_v1:siamese_skeletonsright":2,"born_in_chaos_v1:baby_skeleton_minion":4,"born_in_chaos_v1:scarlet_persecutor":4,"minecraft:skeleton":36,"alexsmobs:leafcutter_ant":1,"minecraft:chicken":9,"alexsmobs:capuchin_monkey":1,"born_in_chaos_v1:bonescaller":1,"minecraft:pig":8,"minecraft:zombie_villager":4,"minecraft:creeper":25,"minecraft:sheep":21,"minecraft:trader_llama":1,"born_in_chaos_v1:zombie_fisherman":1,"minecraft:pillager":3,"minecraft:zombie":342,"born_in_chaos_v1:dread_hound":5,"alexsmobs:terrapin":2,"born_in_chaos_v1:corpse_fly":27,"minecraft:stray":4,"alexsmobs:fly":9,"born_in_chaos_v1:door_knight":1,"born_in_chaos_v1:siamese_skeletonsleft":2,"minecraft:cow":14,"minecraft:vex":1,"minecraft:phantom":3,"born_in_chaos_v1:maggot":66,"alexsmobs:gorilla":3,"minecraft:horse":4,"alexsmobs:blue_jay":1,"born_in_chaos_v1:corpse_fish":11,"alexsmobs:skreecher":2,"goblintraders:goblin_trader":1,"born_in_chaos_v1:barrel_zombie":5,"born_in_chaos_v1:fallen_chaos_knight":1,"born_in_chaos_v1:bone_imp_minion":1,"born_in_chaos_v1:baby_skeleton":4,"born_in_chaos_v1:decrepit_skeleton":7,"alexsmobs:catfish":1,"born_in_chaos_v1:bloody_gadfly":6,"alexsmobs:cockroach":1,"alexsmobs:crocodile":1,"sons_of_sins:betrayed_guzzler":3,"born_in_chaos_v1:bonescaller_not_despawn":2,"born_in_chaos_v1:nightmare_stalker":2,"alexsmobs:crow":1,"minecraft:enderman":3},"minecraft:killed_by":{"born_in_chaos_v1:nightmare_stalker":1,"sons_of_sins:betrayed_guzzler":3,"born_in_chaos_v1:supreme_bonescaller_not_despawn":1,"minecraft:zombie":1,"born_in_chaos_v1:supreme_bonescaller_stage_2":1,"alexsmobs:gorilla":1,"minecraft:vex":1,"minecraft:player":12,"minecraft:enderman":1,"minecraft:skeleton":2,"born_in_chaos_v1:corpse_fish":1},"minecraft:custom":{"minecraft:interact_with_crafting_table":240,"minecraft:open_barrel":7,"goblintraders:trade_with_goblin":91,"minecraft:leave_game":14,"minecraft:time_since_death":11722,"minecraft:sprint_one_cm":2695487,"minecraft:damage_blocked_by_shield":800,"minecraft:drop":195,"minecraft:talked_to_villager":1,"minecraft:play_time":1252868,"minecraft:deaths":29,"minecraft:jump":17690,"minecraft:walk_on_water_one_cm":170461,"minecraft:interact_with_furnace":298,"minecraft:sleep_in_bed":14,"minecraft:damage_dealt":120531,"minecraft:player_kills":1,"minecraft:crouch_one_cm":90148,"minecraft:mob_kills":787,"minecraft:damage_dealt_resisted":4443,"minecraft:climb_one_cm":8177,"minecraft:walk_one_cm":4853777,"minecraft:damage_dealt_absorbed":275,"minecraft:sneak_time":33710,"minecraft:walk_under_water_one_cm":40150,"minecraft:total_world_time":1252868,"minecraft:raid_trigger":1,"minecraft:interact_with_stonecutter":62,"minecraft:time_since_rest":11429,"minecraft:damage_taken":18786,"minecraft:fly_one_cm":1734003,"minecraft:open_chest":408,"minecraft:fall_one_cm":454123},"minecraft:crafted":{"minecraft:brick":28,"sons_of_sins:remnant_helmet":1,"sons_of_sins:osseous_axe":2,"minecraft:oak_planks":228,"minecraft:cobblestone_slab":18,"minecraft:oak_sign":6,"sons_of_sins:osseous_sword":5,"minecraft:cooked_chicken":6,"minecraft:chain":3,"sons_of_sins:remnant_chestplate":2,"minecraft:stone":64,"minecraft:cobblestone_stairs":88,"minecraft:cooked_mutton":24,"minecraft:deepslate_brick_stairs":32,"sons_of_sins:osseous_pickaxe":4,"minecraft:dark_oak_door":3,"minecraft:glass":102,"minecraft:iron_boots":1,"minecraft:chest":42,"alexsmobs:cooked_catfish":2,"minecraft:stone_hoe":1,"minecraft:glass_bottle":9,"sophisticatedbackpacks:backpack":2,"minecraft:cooked_porkchop":3,"minecraft:crafting_table":11,"minecraft:spruce_planks":16,"minecraft:iron_helmet":1,"minecraft:baked_potato":76,"minecraft:wooden_pickaxe":2,"minecraft:birch_planks":108,"sons_of_sins:sickle_of_struggle":1,"minecraft:iron_chestplate":1,"minecraft:chiseled_deepslate":3,"minecraft:shield":1,"sons_of_sins:remnant_leggings":3,"minecraft:stick":120,"minecraft:iron_ingot":230,"minecraft:iron_pickaxe":2,"minecraft:stone_sword":1,"minecraft:gold_ingot":54,"minecraft:deepslate_bricks":6,"minecraft:birch_stairs":40,"minecraft:shears":1,"minecraft:deepslate_tile_slab":12,"minecraft:wooden_sword":1,"minecraft:oak_door":3,"minecraft:coal":7,"minecraft:stone_shovel":1,"minecraft:iron_nugget":108,"sons_of_sins:urn":7,"minecraft:furnace":8,"minecraft:dark_oak_trapdoor":8,"minecraft:bone_meal":78,"minecraft:glass_pane":64,"minecraft:lantern":12,"minecraft:iron_axe":1,"minecraft:ladder":6,"minecraft:stone_pickaxe":6,"sons_of_sins:flesh_carcass":2,"minecraft:dark_oak_planks":708,"sons_of_sins:shape_shifting_tool":4,"sophisticatedbackpacks:iron_backpack":2,"minecraft:cooked_beef":9,"sons_of_sins:ether_sword":1,"sons_of_sins:soul_steel":32,"minecraft:dark_oak_stairs":8,"sons_of_sins:iron_and_ether":32,"minecraft:deepslate_brick_slab":60,"minecraft:iron_sword":1,"sons_of_sins:blood_bucket":1,"sophisticatedbackpacks:gold_backpack":2,"minecraft:bucket":2,"minecraft:bone":18,"minecraft:deepslate_tiles":2,"minecraft:stone_axe":1,"minecraft:bread":101,"minecraft:air":0,"sons_of_sins:remnant_boots":2,"minecraft:iron_shovel":1,"minecraft:iron_leggings":1,"minecraft:stonecutter":1,"minecraft:white_bed":1,"minecraft:torch":328},"minecraft:used":{"minecraft:chiseled_deepslate":8,"minecraft:iron_shovel":25,"minecraft:oak_sign":2,"minecraft:shield":26,"minecraft:chest":45,"minecraft:iron_sword":34,"minecraft:ladder":9,"minecraft:stone":61,"minecraft:rotten_flesh":13,"minecraft:iron_chestplate":1,"minecraft:carrot":347,"minecraft:deepslate_tile_slab":2,"minecraft:deepslate_brick_slab":72,"minecraft:tuff":12,"minecraft:azure_bluet":1,"minecraft:glass":18,"born_in_chaos_v1:corpse_maggot":12,"sons_of_sins:remnant_helmet":4,"minecraft:lantern":15,"minecraft:iron_helmet":1,"minecraft:bow":1,"minecraft:hay_block":3,"minecraft:furnace":28,"minecraft:potato":83,"minecraft:dark_oak_sapling":73,"minecraft:dark_oak_stairs":6,"minecraft:diorite":6,"minecraft:stripped_birch_log":57,"minecraft:stone_pickaxe":684,"minecraft:oak_planks":42,"minecraft:ender_pearl":1,"minecraft:wooden_pickaxe":14,"sons_of_sins:blood_bucket":3,"minecraft:diamond_axe":45,"sons_of_sins:remnant_chestplate":4,"minecraft:oak_leaves":29,"minecraft:white_wool":22,"minecraft:dark_oak_trapdoor":8,"sons_of_sins:osseous_sword":129,"sons_of_sins:ether_sword":265,"minecraft:shears":238,"minecraft:deepslate_brick_stairs":42,"minecraft:deepslate_tiles":2,"sophisticatedbackpacks:backpack":4,"minecraft:dark_oak_log":103,"minecraft:string":1,"minecraft:bread":109,"minecraft:gravel":4,"minecraft:wooden_sword":2,"sons_of_sins:flesh_of_demise":2,"sons_of_sins:sickle_of_struggle":348,"born_in_chaos_v1:river_mint":2,"minecraft:birch_log":48,"minecraft:chain":5,"minecraft:bone_meal":78,"minecraft:cobweb":3,"minecraft:stone_shovel":7,"minecraft:stone_hoe":131,"minecraft:cooked_chicken":6,"minecraft:oak_door":2,"minecraft:torch":233,"minecraft:dirt":326,"sons_of_sins:remnant_boots":5,"soulsweapons:hunter_pistol":1,"minecraft:dark_oak_planks":431,"minecraft:chipped_anvil":1,"minecraft:iron_axe":112,"minecraft:iron_boots":1,"minecraft:cooked_beef":8,"minecraft:cobbled_deepslate":89,"minecraft:iron_leggings":1,"minecraft:wheat_seeds":507,"minecraft:cooked_mutton":25,"alexsmobs:cooked_catfish":2,"minecraft:water_bucket":49,"minecraft:cobblestone_stairs":338,"minecraft:birch_planks":10,"minecraft:baked_potato":1,"minecraft:stonecutter":4,"minecraft:cobblestone_slab":10,"sons_of_sins:urn":5,"minecraft:deepslate_bricks":714,"minecraft:mossy_cobblestone":26,"minecraft:crafting_table":30,"minecraft:white_bed":6,"minecraft:dark_oak_door":1,"sons_of_sins:flesh_sword":1007,"minecraft:oak_log":7,"sons_of_sins:flesh_pickaxe":1553,"minecraft:apple":10,"minecraft:iron_pickaxe":268,"minecraft:stone_axe":30,"sons_of_sins:remnant_leggings":1,"minecraft:cobblestone":780,"minecraft:potion":1,"sons_of_sins:flesh_axe":534,"minecraft:cooked_porkchop":3,"minecraft:bucket":52,"minecraft:glass_pane":57,"alexsmobs:animal_dictionary":2,"minecraft:dandelion":1,"minecraft:birch_stairs":18},"minecraft:dropped":{"sons_of_sins:flesh_sword":1,"minecraft:iron_sword":1,"soulsweapons:silver_bullet":1,"minecraft:diamond_axe":2,"minecraft:oak_log":4,"sons_of_sins:flesh_carcass":2,"minecraft:glass_bottle":4,"minecraft:diamond":1,"minecraft:crafting_table":1,"minecraft:dark_oak_sapling":1,"minecraft:jungle_planks":2,"born_in_chaos_v1:pieceofdarkmetal":3,"sons_of_sins:spider_heart":1,"sons_of_sins:ether_ashes":44,"minecraft:flint":1,"sons_of_sins:urn":2,"minecraft:dirt":19,"minecraft:grass":4,"sons_of_sins:flesh_shovel":1,"sons_of_sins:remnant_chestplate":1,"minecraft:mutton":2,"sons_of_sins:crystallized_ether":2,"minecraft:tube_coral":1,"minecraft:iron_pickaxe":1,"minecraft:dark_oak_planks":3,"minecraft:white_wool":4,"minecraft:bone":17,"sons_of_sins:remnant_boots":1,"minecraft:sugar_cane":10,"born_in_chaos_v1:ethereal_spirit":1,"minecraft:rotten_flesh":3,"minecraft:oak_planks":9,"minecraft:carrot":2,"sons_of_sins:osseous_sword":4,"minecraft:gunpowder":3,"born_in_chaos_v1:corpse_maggot":1,"minecraft:arrow":10,"minecraft:egg":15,"minecraft:water_bucket":1,"minecraft:iron_ingot":70,"sons_of_sins:bottle_of_blood":2,"born_in_chaos_v1:shattered_skull":1,"minecraft:wheat_seeds":7,"minecraft:mossy_cobblestone":5,"soulsweapons:hunter_pistol":1,"minecraft:feather":4,"minecraft:cobblestone":145,"minecraft:deepslate_tile_slab":12,"minecraft:coal":21,"minecraft:stick":6,"sons_of_sins:shape_shifting_tool":2,"minecraft:diorite":28,"minecraft:torch":76,"sons_of_sins:flesh_axe":2,"minecraft:brown_wool":3,"born_in_chaos_v1:fused_bone":2,"soulsweapons:lost_soul":2,"minecraft:string":11,"minecraft:pink_petals":6,"minecraft:music_disc_cat":3,"minecraft:dandelion":2,"minecraft:redstone":4,"minecraft:bricks":1,"alexsmobs:maggot":3,"sophisticatedbackpacks:backpack":4,"sons_of_sins:flesh_pickaxe":1,"sons_of_sins:osseous_pickaxe":5,"minecraft:deepslate_bricks":1,"minecraft:cobblestone_slab":5,"sons_of_sins:sickle_of_struggle":2,"minecraft:iron_chestplate":1,"minecraft:andesite":9,"born_in_chaos_v1:spiny_shell":1,"minecraft:oak_sapling":1,"minecraft:spider_eye":2,"sophisticatedbackpacks:copper_backpack":1,"minecraft:bow":2,"minecraft:wooden_pickaxe":3,"sons_of_sins:osseous_axe":3},"minecraft:picked_up":{"minecraft:chiseled_deepslate":5,"minecraft:seagrass":5,"minecraft:iron_chestplate":3,"minecraft:wheat":486,"minecraft:lead":2,"minecraft:potion":1,"sons_of_sins:muscle":12,"born_in_chaos_v1:bloody_gadfly_eye":3,"mobs_of_sins:cockroach_heart":1,"sons_of_sins:soul_steel":69,"minecraft:music_disc_cat":2,"minecraft:string":125,"minecraft:raw_copper":159,"sons_of_sins:osseous_sword":1,"minecraft:oak_sign":2,"minecraft:deepslate_tiles":2,"minecraft:gold_nugget":15,"minecraft:cobbled_deepslate":1440,"minecraft:bucket":4,"sons_of_sins:crystallized_ether":37,"minecraft:cobblestone_slab":7,"minecraft:iron_pickaxe":3,"minecraft:iron_boots":1,"minecraft:furnace":25,"minecraft:tipped_arrow":1,"minecraft:stick":128,"born_in_chaos_v1:shattered_skull":4,"minecraft:oak_fence":1,"minecraft:torch":310,"minecraft:porkchop":17,"minecraft:cherry_log":2,"minecraft:diorite":76,"born_in_chaos_v1:nightmare_claw":2,"sons_of_sins:flesh_shovel":2,"minecraft:rotten_flesh":502,"minecraft:tropical_fish":2,"sons_of_sins:heart":11,"sons_of_sins:bottle_of_blood":12,"sons_of_sins:shape_shifting_tool":16,"soulsweapons:hunter_pistol":2,"minecraft:deepslate_brick_stairs":1,"minecraft:cod":1,"minecraft:snowball":32,"minecraft:cobblestone":2773,"minecraft:birch_log":103,"born_in_chaos_v1:staffof_magic_arrows":2,"minecraft:pink_petals":39,"minecraft:feather":26,"minecraft:cooked_beef":3,"minecraft:andesite":24,"born_in_chaos_v1:spiritual_dust":6,"minecraft:water_bucket":4,"minecraft:brown_wool":6,"minecraft:potato":159,"sons_of_sins:urn":17,"minecraft:flint":8,"minecraft:tuff":36,"mobs_of_sins:capucin_monkey_heart":2,"sons_of_sins:osseous_axe":2,"minecraft:lapis_lazuli":214,"minecraft:stripped_birch_log":68,"minecraft:dirt":899,"sons_of_sins:osseous_pickaxe":1,"minecraft:lantern":3,"sons_of_sins:remnant_boots":21,"born_in_chaos_v1:monster_skin":5,"sons_of_sins:spider_heart":5,"minecraft:glass":13,"minecraft:bone":329,"mobs_of_sins:nuisances_muscle":6,"minecraft:bow":9,"minecraft:stonecutter":3,"minecraft:wheat_seeds":1431,"minecraft:deepslate_brick_slab":14,"minecraft:raw_gold":82,"minecraft:bell":2,"sons_of_sins:remnant_chestplate":20,"minecraft:glowstone_dust":2,"minecraft:oak_planks":154,"minecraft:poisonous_potato":2,"alexsmobs:crocodile_egg":1,"minecraft:sand":159,"minecraft:jungle_planks":2,"sons_of_sins:ribs":13,"minecraft:ink_sac":1,"minecraft:dark_oak_log":1296,"sons_of_sins:flesh_of_demise":46,"minecraft:mossy_cobblestone":31,"sons_of_sins:creeper_ribs":6,"minecraft:diamond":3,"minecraft:crossbow":1,"minecraft:granite":63,"minecraft:bone_meal":17,"minecraft:grass":6,"minecraft:golden_horse_armor":2,"minecraft:bread":54,"alexsmobs:maggot":12,"minecraft:oak_sapling":16,"born_in_chaos_v1:rotten_fish":12,"minecraft:bricks":1,"minecraft:oak_leaves":241,"sophisticatedbackpacks:gold_backpack":6,"born_in_chaos_v1:river_mint":82,"minecraft:crafting_table":27,"minecraft:azure_bluet":2,"artifacts:night_vision_goggles":8,"minecraft:chicken":12,"minecraft:ladder":9,"minecraft:clay_ball":69,"born_in_chaos_v1:seedof_chaos":3,"minecraft:leather_leggings":1,"minecraft:wooden_pickaxe":8,"sons_of_sins:flesh_carcass":3,"minecraft:chain":9,"minecraft:brick":20,"minecraft:shield":8,"minecraft:cornflower":2,"minecraft:iron_shovel":1,"minecraft:glass_pane":28,"sons_of_sins:ether_sword":11,"sons_of_sins:flesh_sword":19,"sons_of_sins:remnant_helmet":12,"minecraft:beef":34,"born_in_chaos_v1:gnawed_bones":1,"minecraft:poppy":2,"minecraft:sugar_cane":20,"minecraft:chest":6,"minecraft:birch_sapling":21,"sons_of_sins:sickle_of_struggle":13,"minecraft:phantom_membrane":1,"minecraft:egg":18,"minecraft:dark_oak_sapling":84,"minecraft:raw_iron":480,"minecraft:oak_door":2,"sophisticatedbackpacks:backpack":17,"minecraft:cake":2,"born_in_chaos_v1:pieceofdarkmetal":6,"minecraft:carrot":657,"minecraft:redstone":398,"minecraft:prismarine_crystals":2,"alexsmobs:crocodile_scute":2,"sons_of_sins:ether_ashes":1107,"minecraft:dark_oak_planks":125,"minecraft:tube_coral":3,"minecraft:arrow":58,"minecraft:stone_shovel":4,"sons_of_sins:enderman_muscle":1,"minecraft:deepslate_bricks":229,"minecraft:hay_block":54,"soulsweapons:silver_bullet":4,"born_in_chaos_v1:spiny_shell":1,"minecraft:gold_ingot":47,"sophisticatedbackpacks:copper_backpack":15,"minecraft:mutton":37,"minecraft:rail":4,"minecraft:white_wool":35,"born_in_chaos_v1:fused_bone":7,"born_in_chaos_v1:corpse_maggot":131,"born_in_chaos_v1:monster_flesh":17,"minecraft:glow_ink_sac":12,"minecraft:salmon":1,"minecraft:leather":41,"minecraft:birch_planks":2,"minecraft:oak_log":148,"minecraft:gunpowder":35,"minecraft:cobblestone_stairs":24,"minecraft:deepslate_tile_slab":2,"minecraft:white_banner":1,"minecraft:cooked_mutton":1,"soulsweapons:lost_soul":2,"minecraft:apple":14,"minecraft:stone_bricks":2,"minecraft:kelp":6,"minecraft:iron_ingot":21,"sons_of_sins:blood_bucket":1,"minecraft:stone_pickaxe":2,"minecraft:glass_bottle":9,"minecraft:iron_sword":2,"minecraft:dark_oak_stairs":1,"minecraft:book":1,"born_in_chaos_v1:orbofthe_summoner":3,"born_in_chaos_v1:ethereal_spirit":10,"minecraft:dandelion":8,"minecraft:gravel":55,"minecraft:white_bed":5,"minecraft:spruce_log":26,"minecraft:spider_eye":20,"alexsmobs:raw_catfish":2,"sons_of_sins:flesh_axe":17,"minecraft:slime_ball":3,"minecraft:diamond_axe":4,"minecraft:gray_wool":1,"minecraft:black_wool":3,"sons_of_sins:remnant_leggings":10,"sons_of_sins:flesh_pickaxe":16,"minecraft:coal":937,"minecraft:ender_pearl":2}},"DataVersion":3465}