{"stats":{"minecraft:broken":{"minecraft:stone_pickaxe":3},"minecraft:killed":{"minecraft:pig":1,"born_in_chaos_v1:baby_skeleton":1,"born_in_chaos_v1:siamese_skeletonsright":1,"minecraft:creeper":1,"born_in_chaos_v1:decrepit_skeleton":1,"minecraft:sheep":8,"alexsmobs:terrapin":1,"minecraft:chicken":1,"born_in_chaos_v1:corpse_fly":1,"alexsmobs:fly":1,"minecraft:cow":7,"born_in_chaos_v1:siamese_skeletonsleft":1},"minecraft:mined":{"minecraft:oak_sapling":1,"minecraft:white_bed":2,"minecraft:crafting_table":5,"minecraft:granite":15,"minecraft:grass_block":1,"minecraft:jungle_planks":2,"minecraft:copper_ore":14,"minecraft:cobblestone":10,"minecraft:bricks":1,"minecraft:oak_planks":29,"minecraft:sugar_cane":4,"minecraft:diorite":1,"minecraft:furnace":4,"minecraft:iron_ore":48,"minecraft:andesite":4,"minecraft:grass":11,"minecraft:coal_ore":107,"minecraft:oak_log":36,"minecraft:rail":1,"minecraft:stone_bricks":2,"minecraft:stone":230,"minecraft:oak_leaves":3},"minecraft:dropped":{"minecraft:bricks":1,"minecraft:cobblestone":3,"minecraft:jungle_planks":2,"born_in_chaos_v1:corpse_maggot":1,"minecraft:oak_sapling":1},"minecraft:crafted":{"minecraft:cooked_beef":9,"minecraft:wooden_sword":1,"minecraft:oak_planks":144,"minecraft:crafting_table":3,"minecraft:wooden_pickaxe":1,"minecraft:iron_helmet":1,"minecraft:iron_sword":1,"minecraft:furnace":2,"minecraft:stone_axe":1,"minecraft:cooked_mutton":7,"minecraft:air":0,"minecraft:iron_boots":1,"minecraft:iron_chestplate":1,"minecraft:shield":1,"minecraft:iron_axe":1,"minecraft:stick":56,"minecraft:iron_ingot":36,"minecraft:iron_pickaxe":1,"minecraft:stone_pickaxe":4,"minecraft:stone_sword":1,"minecraft:iron_leggings":1,"minecraft:white_bed":1,"minecraft:torch":144},"minecraft:custom":{"minecraft:interact_with_furnace":37,"minecraft:mob_kills":25,"minecraft:interact_with_crafting_table":21,"minecraft:leave_game":2,"minecraft:time_since_death":79389,"minecraft:sleep_in_bed":2,"minecraft:climb_one_cm":2718,"minecraft:time_since_rest":7946,"minecraft:sprint_one_cm":209967,"minecraft:damage_taken":413,"minecraft:walk_one_cm":339221,"minecraft:drop":5,"minecraft:damage_dealt":3022,"minecraft:fly_one_cm":56760,"minecraft:open_chest":3,"minecraft:crouch_one_cm":1083,"minecraft:play_time":79389,"minecraft:sneak_time":774,"minecraft:walk_under_water_one_cm":197,"minecraft:jump":797,"minecraft:walk_on_water_one_cm":6024,"minecraft:total_world_time":79389,"minecraft:fall_one_cm":12614},"minecraft:used":{"minecraft:cooked_mutton":7,"minecraft:stone_pickaxe":415,"minecraft:oak_planks":39,"minecraft:wooden_pickaxe":13,"minecraft:iron_sword":27,"minecraft:iron_chestplate":1,"minecraft:torch":85,"minecraft:crafting_table":8,"minecraft:white_bed":2,"minecraft:apple":1,"minecraft:iron_axe":41,"minecraft:iron_pickaxe":8,"minecraft:iron_helmet":1,"minecraft:iron_boots":1,"minecraft:stone_axe":30,"minecraft:wooden_sword":2,"minecraft:cobblestone":32,"minecraft:furnace":6,"alexsmobs:animal_dictionary":1,"minecraft:cooked_beef":2,"minecraft:iron_leggings":1},"minecraft:picked_up":{"born_in_chaos_v1:fused_bone":2,"born_in_chaos_v1:corpse_maggot":1,"minecraft:crafting_table":5,"minecraft:chicken":1,"minecraft:andesite":4,"minecraft:brown_wool":1,"minecraft:leather":6,"minecraft:oak_log":39,"minecraft:dirt":1,"minecraft:raw_copper":52,"minecraft:bone":3,"minecraft:apple":1,"minecraft:stone_bricks":2,"minecraft:beef":16,"minecraft:sugar_cane":10,"minecraft:oak_planks":28,"minecraft:egg":7,"minecraft:furnace":4,"minecraft:stick":2,"minecraft:raw_iron":48,"minecraft:oak_fence":1,"minecraft:gravel":2,"minecraft:porkchop":1,"minecraft:jungle_planks":2,"minecraft:diorite":1,"minecraft:white_bed":2,"minecraft:rotten_flesh":2,"minecraft:granite":15,"alexsmobs:maggot":2,"minecraft:bricks":1,"minecraft:oak_sapling":6,"minecraft:mutton":11,"minecraft:white_wool":7,"minecraft:coal":185,"minecraft:rail":4,"minecraft:cobblestone":238}},"DataVersion":3465}