{"stats":{"minecraft:killed":{"minecraft:cave_spider":4,"minecraft:witch":1,"born_in_chaos_v1:restless_spirit":1,"minecraft:spider":27,"born_in_chaos_v1:siamese_skeletonsright":2,"born_in_chaos_v1:baby_skeleton_minion":4,"born_in_chaos_v1:scarlet_persecutor":4,"minecraft:skeleton":26,"alexsmobs:leafcutter_ant":1,"minecraft:chicken":9,"alexsmobs:capuchin_monkey":1,"born_in_chaos_v1:bonescaller":1,"minecraft:pig":5,"minecraft:zombie_villager":1,"minecraft:creeper":12,"minecraft:sheep":21,"minecraft:trader_llama":1,"minecraft:pillager":3,"minecraft:zombie":240,"born_in_chaos_v1:dread_hound":4,"alexsmobs:terrapin":2,"born_in_chaos_v1:corpse_fly":27,"minecraft:stray":4,"alexsmobs:fly":8,"born_in_chaos_v1:door_knight":1,"born_in_chaos_v1:siamese_skeletonsleft":2,"minecraft:cow":12,"minecraft:vex":1,"born_in_chaos_v1:maggot":50,"alexsmobs:gorilla":3,"minecraft:horse":4,"alexsmobs:blue_jay":1,"born_in_chaos_v1:corpse_fish":7,"born_in_chaos_v1:barrel_zombie":3,"born_in_chaos_v1:fallen_chaos_knight":1,"born_in_chaos_v1:bone_imp_minion":1,"born_in_chaos_v1:baby_skeleton":3,"born_in_chaos_v1:decrepit_skeleton":7,"alexsmobs:catfish":1,"born_in_chaos_v1:bloody_gadfly":6,"alexsmobs:crocodile":1,"sons_of_sins:betrayed_guzzler":1,"born_in_chaos_v1:bonescaller_not_despawn":2,"born_in_chaos_v1:nightmare_stalker":1,"alexsmobs:crow":1,"minecraft:enderman":1},"minecraft:killed_by":{"born_in_chaos_v1:nightmare_stalker":1,"sons_of_sins:betrayed_guzzler":1,"born_in_chaos_v1:supreme_bonescaller_not_despawn":1,"alexsmobs:gorilla":1,"minecraft:vex":1,"minecraft:player":3,"minecraft:enderman":1,"minecraft:skeleton":1,"born_in_chaos_v1:corpse_fish":1},"minecraft:used":{"minecraft:iron_shovel":25,"minecraft:oak_sign":2,"minecraft:chest":11,"minecraft:shield":25,"minecraft:iron_sword":34,"minecraft:rotten_flesh":13,"minecraft:iron_chestplate":1,"minecraft:carrot":53,"minecraft:deepslate_tile_slab":2,"minecraft:deepslate_brick_slab":43,"sons_of_sins:remnant_helmet":4,"minecraft:iron_helmet":1,"minecraft:furnace":22,"minecraft:potato":4,"minecraft:dark_oak_sapling":30,"minecraft:dark_oak_stairs":6,"minecraft:stripped_birch_log":57,"minecraft:stone_pickaxe":635,"minecraft:oak_planks":42,"minecraft:ender_pearl":1,"minecraft:wooden_pickaxe":13,"sons_of_sins:blood_bucket":3,"sons_of_sins:remnant_chestplate":1,"minecraft:oak_leaves":19,"sons_of_sins:osseous_sword":129,"sons_of_sins:ether_sword":254,"minecraft:shears":238,"minecraft:deepslate_brick_stairs":10,"sophisticatedbackpacks:backpack":2,"minecraft:dark_oak_log":92,"minecraft:bread":67,"minecraft:wooden_sword":2,"sons_of_sins:flesh_of_demise":2,"sons_of_sins:sickle_of_struggle":341,"minecraft:birch_log":36,"minecraft:chain":1,"minecraft:bone_meal":78,"minecraft:stone_shovel":7,"minecraft:stone_hoe":131,"minecraft:cooked_chicken":6,"minecraft:oak_door":2,"minecraft:torch":194,"minecraft:dirt":26,"sons_of_sins:remnant_boots":3,"minecraft:dark_oak_planks":235,"minecraft:iron_axe":112,"minecraft:iron_boots":1,"minecraft:cooked_beef":8,"minecraft:iron_leggings":1,"minecraft:wheat_seeds":397,"minecraft:cooked_mutton":25,"alexsmobs:cooked_catfish":2,"minecraft:water_bucket":49,"minecraft:cobblestone_stairs":108,"minecraft:birch_planks":2,"minecraft:stonecutter":3,"minecraft:cobblestone_slab":10,"sons_of_sins:urn":5,"minecraft:deepslate_bricks":189,"minecraft:mossy_cobblestone":26,"minecraft:crafting_table":26,"minecraft:white_bed":5,"sons_of_sins:flesh_sword":724,"minecraft:oak_log":7,"sons_of_sins:flesh_pickaxe":270,"minecraft:apple":4,"minecraft:iron_pickaxe":18,"minecraft:stone_axe":30,"sons_of_sins:remnant_leggings":1,"minecraft:potion":1,"minecraft:cobblestone":547,"sons_of_sins:flesh_axe":293,"minecraft:cooked_porkchop":3,"minecraft:bucket":52,"alexsmobs:animal_dictionary":2,"minecraft:birch_stairs":18},"minecraft:custom":{"minecraft:interact_with_crafting_table":161,"minecraft:open_barrel":7,"goblintraders:trade_with_goblin":22,"minecraft:leave_game":7,"minecraft:time_since_death":130504,"minecraft:sprint_one_cm":1407262,"minecraft:damage_blocked_by_shield":770,"minecraft:drop":153,"minecraft:play_time":692502,"minecraft:deaths":12,"minecraft:jump":11282,"minecraft:walk_on_water_one_cm":82214,"minecraft:interact_with_furnace":204,"minecraft:sleep_in_bed":5,"minecraft:damage_dealt":85142,"minecraft:crouch_one_cm":27512,"minecraft:mob_kills":573,"minecraft:damage_dealt_resisted":3235,"minecraft:climb_one_cm":2878,"minecraft:walk_one_cm":2789387,"minecraft:damage_dealt_absorbed":275,"minecraft:sneak_time":11117,"minecraft:walk_under_water_one_cm":16565,"minecraft:total_world_time":692502,"minecraft:raid_trigger":1,"minecraft:interact_with_stonecutter":20,"minecraft:time_since_rest":130556,"minecraft:damage_taken":10740,"minecraft:fly_one_cm":895961,"minecraft:open_chest":206,"minecraft:fall_one_cm":228834},"minecraft:picked_up":{"minecraft:seagrass":2,"minecraft:iron_chestplate":3,"minecraft:wheat":350,"minecraft:lead":2,"minecraft:potion":1,"born_in_chaos_v1:bloody_gadfly_eye":3,"sons_of_sins:muscle":11,"sons_of_sins:soul_steel":43,"minecraft:music_disc_cat":2,"minecraft:string":85,"minecraft:raw_copper":101,"minecraft:oak_sign":2,"minecraft:cobbled_deepslate":268,"minecraft:bucket":4,"sons_of_sins:crystallized_ether":34,"minecraft:cobblestone_slab":7,"minecraft:iron_pickaxe":3,"minecraft:iron_boots":1,"minecraft:furnace":21,"minecraft:tipped_arrow":1,"minecraft:stick":75,"born_in_chaos_v1:shattered_skull":4,"minecraft:oak_fence":1,"minecraft:torch":275,"minecraft:porkchop":4,"minecraft:cherry_log":2,"minecraft:diorite":62,"born_in_chaos_v1:nightmare_claw":1,"sons_of_sins:flesh_shovel":2,"minecraft:rotten_flesh":291,"minecraft:tropical_fish":1,"sons_of_sins:heart":10,"sons_of_sins:bottle_of_blood":12,"sons_of_sins:shape_shifting_tool":12,"minecraft:deepslate_brick_stairs":1,"minecraft:snowball":32,"minecraft:cobblestone":1139,"minecraft:birch_log":101,"born_in_chaos_v1:staffof_magic_arrows":2,"minecraft:pink_petals":39,"minecraft:feather":26,"minecraft:cooked_beef":3,"minecraft:water_bucket":4,"minecraft:andesite":19,"minecraft:brown_wool":2,"minecraft:potato":6,"sons_of_sins:urn":13,"minecraft:flint":7,"mobs_of_sins:capucin_monkey_heart":2,"sons_of_sins:osseous_axe":1,"minecraft:lapis_lazuli":1,"minecraft:stripped_birch_log":65,"minecraft:dirt":595,"sons_of_sins:osseous_pickaxe":1,"sons_of_sins:remnant_boots":11,"born_in_chaos_v1:monster_skin":3,"sons_of_sins:spider_heart":5,"minecraft:glass":13,"minecraft:bone":125,"mobs_of_sins:nuisances_muscle":5,"minecraft:stonecutter":2,"minecraft:bow":8,"minecraft:wheat_seeds":1026,"minecraft:deepslate_brick_slab":6,"minecraft:raw_gold":19,"sons_of_sins:remnant_chestplate":10,"minecraft:oak_planks":154,"minecraft:poisonous_potato":1,"alexsmobs:crocodile_egg":1,"minecraft:sand":30,"minecraft:jungle_planks":2,"sons_of_sins:ribs":12,"minecraft:dark_oak_log":626,"minecraft:mossy_cobblestone":31,"sons_of_sins:flesh_of_demise":36,"sons_of_sins:creeper_ribs":6,"minecraft:diamond":1,"minecraft:grass":2,"minecraft:crossbow":1,"minecraft:granite":40,"minecraft:bone_meal":7,"minecraft:bread":30,"alexsmobs:maggot":12,"minecraft:oak_sapling":8,"born_in_chaos_v1:rotten_fish":6,"minecraft:bricks":1,"minecraft:oak_leaves":230,"minecraft:crafting_table":25,"minecraft:azure_bluet":1,"artifacts:night_vision_goggles":6,"minecraft:chicken":12,"minecraft:clay_ball":67,"born_in_chaos_v1:seedof_chaos":1,"minecraft:leather_leggings":1,"sons_of_sins:flesh_carcass":3,"minecraft:chain":4,"minecraft:brick":20,"minecraft:shield":6,"minecraft:iron_shovel":1,"sons_of_sins:ether_sword":9,"sons_of_sins:flesh_sword":10,"sons_of_sins:remnant_helmet":10,"minecraft:beef":29,"born_in_chaos_v1:gnawed_bones":1,"minecraft:poppy":2,"minecraft:sugar_cane":20,"minecraft:chest":6,"minecraft:birch_sapling":21,"sons_of_sins:sickle_of_struggle":11,"minecraft:egg":18,"minecraft:dark_oak_sapling":41,"minecraft:raw_iron":84,"minecraft:oak_door":2,"sophisticatedbackpacks:backpack":15,"born_in_chaos_v1:pieceofdarkmetal":6,"minecraft:carrot":40,"minecraft:redstone":40,"alexsmobs:crocodile_scute":2,"sons_of_sins:ether_ashes":735,"minecraft:dark_oak_planks":40,"minecraft:tube_coral":3,"minecraft:arrow":41,"minecraft:stone_shovel":4,"sons_of_sins:enderman_muscle":1,"minecraft:deepslate_bricks":40,"born_in_chaos_v1:spiny_shell":1,"minecraft:gold_ingot":27,"sophisticatedbackpacks:copper_backpack":5,"minecraft:mutton":37,"minecraft:rail":4,"minecraft:white_wool":22,"born_in_chaos_v1:fused_bone":7,"born_in_chaos_v1:corpse_maggot":102,"born_in_chaos_v1:monster_flesh":9,"minecraft:leather":39,"minecraft:birch_planks":2,"minecraft:oak_log":116,"minecraft:gunpowder":16,"minecraft:cobblestone_stairs":20,"minecraft:deepslate_tile_slab":2,"minecraft:white_banner":1,"minecraft:cooked_mutton":1,"minecraft:apple":8,"minecraft:stone_bricks":2,"minecraft:iron_ingot":7,"minecraft:stone_pickaxe":2,"sons_of_sins:blood_bucket":1,"minecraft:glass_bottle":8,"minecraft:iron_sword":2,"minecraft:dark_oak_stairs":1,"born_in_chaos_v1:orbofthe_summoner":1,"born_in_chaos_v1:ethereal_spirit":7,"minecraft:dandelion":1,"minecraft:gravel":47,"minecraft:white_bed":4,"minecraft:spruce_log":26,"minecraft:spider_eye":18,"alexsmobs:raw_catfish":2,"sons_of_sins:flesh_axe":9,"minecraft:slime_ball":1,"minecraft:diamond_axe":2,"minecraft:gray_wool":1,"minecraft:black_wool":3,"sons_of_sins:remnant_leggings":8,"sons_of_sins:flesh_pickaxe":9,"minecraft:coal":671,"minecraft:ender_pearl":1},"minecraft:crafted":{"minecraft:brick":28,"sons_of_sins:remnant_helmet":1,"sons_of_sins:osseous_axe":1,"minecraft:oak_planks":220,"minecraft:cobblestone_slab":18,"minecraft:oak_sign":6,"sons_of_sins:osseous_sword":3,"minecraft:cooked_chicken":6,"sons_of_sins:remnant_chestplate":2,"minecraft:stone":3,"minecraft:cobblestone_stairs":88,"minecraft:cooked_mutton":24,"minecraft:deepslate_brick_stairs":17,"sons_of_sins:osseous_pickaxe":2,"minecraft:glass":10,"minecraft:iron_boots":1,"minecraft:chest":7,"alexsmobs:cooked_catfish":2,"minecraft:stone_hoe":1,"minecraft:glass_bottle":9,"sophisticatedbackpacks:backpack":2,"minecraft:cooked_porkchop":3,"minecraft:crafting_table":9,"minecraft:spruce_planks":16,"minecraft:iron_helmet":1,"minecraft:wooden_pickaxe":1,"minecraft:birch_planks":100,"sons_of_sins:sickle_of_struggle":1,"minecraft:iron_chestplate":1,"minecraft:shield":1,"sons_of_sins:remnant_leggings":3,"minecraft:stick":96,"minecraft:iron_ingot":79,"minecraft:iron_pickaxe":1,"minecraft:stone_sword":1,"minecraft:gold_ingot":27,"minecraft:birch_stairs":40,"minecraft:deepslate_bricks":6,"minecraft:shears":1,"minecraft:deepslate_tile_slab":12,"minecraft:wooden_sword":1,"minecraft:oak_door":3,"minecraft:coal":7,"minecraft:stone_shovel":1,"sons_of_sins:urn":6,"minecraft:furnace":4,"minecraft:bone_meal":78,"minecraft:iron_axe":1,"minecraft:stone_pickaxe":6,"sons_of_sins:flesh_carcass":2,"minecraft:dark_oak_planks":288,"sons_of_sins:shape_shifting_tool":3,"minecraft:cooked_beef":9,"sons_of_sins:ether_sword":1,"sons_of_sins:soul_steel":32,"minecraft:dark_oak_stairs":8,"sons_of_sins:iron_and_ether":32,"minecraft:deepslate_brick_slab":50,"minecraft:iron_sword":1,"sons_of_sins:blood_bucket":1,"minecraft:bucket":2,"minecraft:bone":18,"minecraft:stone_axe":1,"minecraft:bread":101,"minecraft:air":0,"sons_of_sins:remnant_boots":2,"minecraft:iron_shovel":1,"minecraft:iron_leggings":1,"minecraft:stonecutter":1,"minecraft:white_bed":1,"minecraft:torch":312},"minecraft:broken":{"minecraft:shears":1,"sons_of_sins:flesh_pickaxe":1,"minecraft:stone_pickaxe":4,"sons_of_sins:osseous_sword":1,"minecraft:stone_hoe":1,"sons_of_sins:flesh_axe":1,"minecraft:iron_axe":1},"minecraft:mined":{"minecraft:dark_oak_planks":40,"minecraft:white_bed":3,"minecraft:oak_sapling":1,"minecraft:cobblestone_stairs":19,"minecraft:granite":46,"minecraft:grass_block":315,"minecraft:deepslate_bricks":41,"minecraft:spawner":7,"minecraft:weeping_vines_plant":1,"minecraft:sculk_catalyst":1,"minecraft:iron_ore":74,"minecraft:dark_oak_stairs":1,"minecraft:sculk_shrieker":1,"minecraft:deepslate_brick_stairs":1,"minecraft:deepslate_redstone_ore":8,"minecraft:deepslate_tile_slab":2,"minecraft:powder_snow":3,"minecraft:clay":7,"minecraft:torch":11,"minecraft:calcite":2,"minecraft:chest":6,"minecraft:cobblestone":95,"minecraft:oak_planks":30,"minecraft:sugar_cane":4,"minecraft:bricks":1,"minecraft:wall_torch":5,"sons_of_sins:urn_block":3,"minecraft:amethyst_block":2,"minecraft:pink_petals":10,"minecraft:seagrass":1,"minecraft:chain":3,"minecraft:birch_log":15,"minecraft:wheat":364,"minecraft:grass":167,"minecraft:oak_log":44,"minecraft:dark_oak_sapling":14,"minecraft:sand":27,"minecraft:dirt":235,"minecraft:smooth_basalt":1,"minecraft:stonecutter":2,"born_in_chaos_v1:infernal_evil_pumpkin_s":1,"minecraft:deepslate":273,"minecraft:oak_leaves":260,"minecraft:mossy_cobblestone":32,"minecraft:dark_oak_leaves":5,"minecraft:deepslate_diamond_ore":2,"minecraft:dark_oak_log":126,"minecraft:stripped_birch_log":63,"minecraft:jungle_planks":2,"minecraft:deepslate_brick_slab":6,"minecraft:carrots":10,"minecraft:furnace":19,"minecraft:andesite":14,"minecraft:potatoes":1,"minecraft:deepslate_iron_ore":2,"minecraft:cobblestone_slab":2,"minecraft:rail":1,"minecraft:stone":1049,"sophisticatedbackpacks:backpack":2,"minecraft:crafting_table":20,"minecraft:sculk_sensor":1,"minecraft:copper_ore":26,"minecraft:tall_grass":39,"minecraft:deepslate_gold_ore":18,"minecraft:sculk":2,"minecraft:diorite":34,"minecraft:birch_planks":2,"minecraft:birch_leaves":2,"minecraft:coal_ore":380,"minecraft:gravel":31,"minecraft:cobweb":3,"minecraft:stone_bricks":2,"minecraft:fern":1},"minecraft:dropped":{"minecraft:iron_sword":1,"minecraft:diamond_axe":2,"minecraft:oak_log":3,"sons_of_sins:flesh_carcass":2,"minecraft:diamond":1,"minecraft:glass_bottle":4,"minecraft:crafting_table":1,"minecraft:dark_oak_sapling":1,"minecraft:jungle_planks":2,"born_in_chaos_v1:pieceofdarkmetal":3,"sons_of_sins:spider_heart":1,"sons_of_sins:ether_ashes":41,"minecraft:flint":1,"sons_of_sins:urn":2,"minecraft:dirt":19,"sons_of_sins:flesh_shovel":1,"sons_of_sins:remnant_chestplate":1,"minecraft:mutton":2,"sons_of_sins:crystallized_ether":2,"minecraft:tube_coral":1,"minecraft:iron_pickaxe":1,"minecraft:white_wool":4,"minecraft:bone":16,"sons_of_sins:remnant_boots":1,"minecraft:sugar_cane":10,"born_in_chaos_v1:ethereal_spirit":1,"minecraft:rotten_flesh":3,"minecraft:oak_planks":9,"minecraft:carrot":2,"sons_of_sins:osseous_sword":2,"minecraft:gunpowder":3,"born_in_chaos_v1:corpse_maggot":1,"minecraft:arrow":10,"minecraft:egg":15,"minecraft:water_bucket":1,"minecraft:iron_ingot":44,"sons_of_sins:bottle_of_blood":2,"born_in_chaos_v1:shattered_skull":1,"minecraft:wheat_seeds":5,"minecraft:mossy_cobblestone":5,"minecraft:feather":4,"minecraft:cobblestone":145,"minecraft:deepslate_tile_slab":12,"minecraft:stick":4,"sons_of_sins:shape_shifting_tool":2,"minecraft:diorite":28,"minecraft:torch":76,"sons_of_sins:flesh_axe":2,"minecraft:brown_wool":1,"born_in_chaos_v1:fused_bone":2,"minecraft:string":11,"minecraft:pink_petals":6,"minecraft:music_disc_cat":2,"minecraft:bricks":1,"alexsmobs:maggot":3,"sophisticatedbackpacks:backpack":2,"sons_of_sins:flesh_pickaxe":1,"sons_of_sins:osseous_pickaxe":3,"minecraft:cobblestone_slab":5,"sons_of_sins:sickle_of_struggle":2,"minecraft:iron_chestplate":1,"minecraft:andesite":9,"born_in_chaos_v1:spiny_shell":1,"minecraft:oak_sapling":1,"minecraft:spider_eye":2,"sophisticatedbackpacks:copper_backpack":1,"minecraft:bow":1,"sons_of_sins:osseous_axe":2}},"DataVersion":3465}