{"stats":{"minecraft:dropped":{"minecraft:iron_sword":1,"minecraft:wheat_seeds":1,"minecraft:glow_ink_sac":1,"minecraft:poisonous_potato":2,"minecraft:feather":4,"minecraft:cobblestone":10,"minecraft:book":1,"minecraft:tropical_fish":1,"minecraft:gold_nugget":3,"minecraft:bone_meal":1,"minecraft:iron_pickaxe":2,"born_in_chaos_v1:mint_ice_cream":1,"minecraft:iron_shovel":1,"minecraft:paper":6,"minecraft:trapped_chest":1,"minecraft:bone":3,"minecraft:redstone":167,"minecraft:sugar_cane":2,"alexsmobs:animal_dictionary":1,"minecraft:tuff":10,"minecraft:rotten_flesh":15,"sophisticatedbackpacks:backpack":1,"minecraft:sea_pickle":1,"minecraft:gunpowder":6,"alexsmobs:cockroach_wing_fragment":2,"minecraft:andesite":6,"born_in_chaos_v1:corpse_maggot":49,"minecraft:oak_sapling":6,"minecraft:spider_eye":2,"minecraft:barrel":1,"minecraft:wooden_pickaxe":1},"minecraft:mined":{"minecraft:tuff":10,"minecraft:deepslate_diamond_ore":8,"minecraft:sculk_vein":4,"minecraft:cherry_log":1,"minecraft:grass_block":3,"born_in_chaos_v1:black_argillite":8,"minecraft:sculk_catalyst":1,"minecraft:carrots":12,"minecraft:iron_ore":44,"minecraft:cobbled_deepslate":30,"minecraft:andesite":1,"minecraft:potatoes":36,"minecraft:deepslate_iron_ore":19,"minecraft:stone":66,"minecraft:deepslate_redstone_ore":45,"minecraft:torch":8,"minecraft:crafting_table":1,"born_in_chaos_v1:infected_deepslate_diamond_ore":3,"minecraft:emerald_ore":1,"minecraft:sculk_sensor":2,"minecraft:deepslate_gold_ore":9,"minecraft:sculk":40,"minecraft:wall_torch":11,"minecraft:birch_leaves":4,"minecraft:grass":4,"minecraft:coal_ore":39,"minecraft:oak_log":4,"minecraft:dirt":11,"minecraft:gold_ore":2,"minecraft:chipped_anvil":1,"minecraft:oak_leaves":6,"minecraft:deepslate":1042},"minecraft:custom":{"minecraft:mob_kills":40,"minecraft:interact_with_crafting_table":15,"minecraft:open_barrel":6,"goblintraders:trade_with_goblin":17,"minecraft:leave_game":2,"minecraft:time_since_death":124810,"minecraft:sprint_one_cm":310532,"minecraft:walk_one_cm":380106,"minecraft:drop":46,"minecraft:play_time":124810,"minecraft:sneak_time":8972,"minecraft:walk_under_water_one_cm":5760,"minecraft:jump":1910,"minecraft:interact_with_blast_furnace":1,"minecraft:walk_on_water_one_cm":13422,"minecraft:total_world_time":124810,"minecraft:interact_with_furnace":28,"minecraft:interact_with_stonecutter":1,"minecraft:sleep_in_bed":1,"minecraft:time_since_rest":117727,"minecraft:damage_taken":1116,"minecraft:trigger_trapped_chest":2,"minecraft:damage_dealt":7465,"minecraft:player_kills":1,"minecraft:fly_one_cm":266534,"minecraft:open_chest":52,"minecraft:crouch_one_cm":23851,"minecraft:fall_one_cm":54417},"minecraft:killed":{"minecraft:spider":3,"born_in_chaos_v1:zombie_bruiser":1,"born_in_chaos_v1:maggot":2,"minecraft:skeleton":3,"born_in_chaos_v1:corpse_fish":1,"born_in_chaos_v1:barrel_zombie":2,"minecraft:zombie_villager":1,"born_in_chaos_v1:diamond_termite":5,"minecraft:creeper":3,"born_in_chaos_v1:decrepit_skeleton":1,"minecraft:zombie":10,"alexsmobs:cockroach":1,"sons_of_sins:betrayed_guzzler":1,"alexsmobs:fly":1,"minecraft:enderman":1},"minecraft:used":{"minecraft:iron_shovel":14,"minecraft:iron_sword":180,"minecraft:torch":20,"sons_of_sins:remnant_boots":1,"minecraft:carrot":16,"born_in_chaos_v1:corpse_maggot":4,"sons_of_sins:remnant_helmet":1,"minecraft:iron_axe":15,"minecraft:bow":3,"minecraft:potato":48,"minecraft:cobbled_deepslate":44,"born_in_chaos_v1:mint_ice_cream":1,"minecraft:stone_pickaxe":74,"minecraft:baked_potato":24,"minecraft:oak_planks":4,"minecraft:wooden_pickaxe":3,"sons_of_sins:remnant_chestplate":1,"minecraft:crafting_table":3,"minecraft:apple":1,"minecraft:iron_pickaxe":1289,"sons_of_sins:remnant_leggings":1,"minecraft:cobblestone":6},"minecraft:crafted":{"minecraft:oak_planks":108,"minecraft:iron_axe":1,"minecraft:stone_pickaxe":1,"minecraft:crafting_table":3,"minecraft:wooden_pickaxe":1,"minecraft:baked_potato":64,"minecraft:air":0,"minecraft:shield":1,"minecraft:stick":16,"minecraft:iron_ingot":53,"minecraft:iron_pickaxe":6,"minecraft:iron_shovel":1,"minecraft:gold_ingot":9,"minecraft:torch":4},"minecraft:picked_up":{"minecraft:crafting_table":1,"born_in_chaos_v1:diamond_termite_shard":4,"minecraft:prismarine_shard":2,"born_in_chaos_v1:black_argillite":8,"minecraft:iron_shovel":1,"minecraft:sea_pickle":1,"minecraft:gold_nugget":3,"minecraft:cobbled_deepslate":1050,"sons_of_sins:remnant_helmet":1,"minecraft:iron_pickaxe":3,"minecraft:sugar_cane":2,"minecraft:raw_iron":70,"minecraft:stick":6,"minecraft:torch":19,"sophisticatedbackpacks:backpack":3,"minecraft:cherry_log":18,"born_in_chaos_v1:pieceofdarkmetal":1,"minecraft:carrot":36,"minecraft:redstone":252,"minecraft:arrow":3,"minecraft:rotten_flesh":15,"minecraft:tropical_fish":1,"minecraft:cobblestone":34,"born_in_chaos_v1:corpse_maggot":53,"minecraft:feather":4,"minecraft:glow_ink_sac":1,"minecraft:andesite":6,"born_in_chaos_v1:mint_ice_cream":2,"minecraft:potato":126,"minecraft:tuff":10,"minecraft:oak_log":27,"minecraft:gunpowder":6,"minecraft:lapis_lazuli":4,"minecraft:paper":6,"sons_of_sins:remnant_boots":1,"minecraft:bone":3,"minecraft:chipped_anvil":1,"minecraft:apple":1,"minecraft:bow":1,"minecraft:wheat_seeds":1,"minecraft:raw_gold":11,"alexsmobs:cockroach_wing_fragment":2,"sons_of_sins:remnant_chestplate":1,"minecraft:iron_ingot":1,"minecraft:iron_sword":2,"minecraft:oak_planks":3,"minecraft:book":1,"artifacts:rooted_boots":1,"minecraft:poisonous_potato":2,"minecraft:blast_furnace":1,"minecraft:trapped_chest":1,"minecraft:spider_eye":2,"minecraft:barrel":1,"sons_of_sins:flesh_of_demise":1,"minecraft:diamond":8,"minecraft:bone_meal":1,"minecraft:cherry_sapling":13,"minecraft:emerald":1,"minecraft:oak_sapling":6,"sons_of_sins:remnant_leggings":1,"minecraft:coal":38,"minecraft:ender_pearl":1},"minecraft:broken":{"minecraft:iron_pickaxe":5}},"DataVersion":3465}