{"stats":{"minecraft:used":{"minecraft:cherry_sapling":77,"minecraft:moss_carpet":3,"minecraft:chest":2,"ancient_elements:tin_hammer":174,"minecraft:tuff":4,"minecraft:lava_bucket":1,"minecraft:lantern":16,"minecraft:stone_bricks":116,"minecraft:sweet_berries":2,"minecraft:furnace":11,"minecraft:oak_sapling":39,"regions_unexplored:small_oak_sapling":2,"minecraft:egg":10,"minecraft:potato":14,"regions_unexplored:redwood_sapling":4,"minecraft:diorite":12,"minecraft:stone_pickaxe":263,"minecraft:oak_planks":4,"minecraft:wooden_pickaxe":16,"spartanweaponry:iron_flanged_mace":70,"minecraft:stone_brick_wall":2,"regions_unexplored:cherry_shrub":1,"minecraft:bread":25,"minecraft:andesite":25,"minecraft:coarse_dirt":3,"minecraft:bone_meal":41,"minecraft:golden_pickaxe":17,"spartanweaponry:iron_scythe":184,"minecraft:oak_fence":3,"minecraft:stone_shovel":240,"minecraft:cooked_chicken":9,"minecraft:torch":92,"minecraft:dirt":485,"minecraft:granite":4,"minecraft:wooden_axe":33,"minecraft:iron_axe":118,"minecraft:cherry_slab":74,"minecraft:jungle_log":28,"minecraft:crimson_slab":20,"minecraft:cherry_fence_gate":3,"minecraft:crimson_planks":58,"spartanweaponry:aluminum_boomerang":118,"spartanweaponry:tin_scythe":190,"minecraft:cooked_beef":18,"minecraft:cobbled_deepslate":134,"minecraft:cherry_fence":29,"minecraft:cherry_log":299,"minecraft:bamboo_planks":22,"minecraft:cooked_mutton":12,"minecraft:water_bucket":20,"minecraft:lead":1,"minecraft:cherry_planks":540,"minecraft:crafting_table":42,"minecraft:red_bed":6,"minecraft:white_bed":2,"regions_unexplored:magnolia_planks":40,"alltheores:raw_uranium_block":1,"minecraft:black_wool":1,"minecraft:apple":2,"minecraft:oxeye_daisy":1,"minecraft:cherry_door":5,"minecraft:iron_pickaxe":248,"minecraft:map":2,"spartanweaponry:wooden_club":66,"minecraft:stone_axe":214,"minecraft:cobblestone":156,"minecraft:cherry_stairs":115,"minecraft:crimson_stairs":166,"minecraft:cooked_porkchop":22,"minecraft:bucket":23,"minecraft:dandelion":1},"minecraft:crafted":{"minecraft:oak_planks":196,"minecraft:cherry_slab":60,"minecraft:cooked_chicken":9,"minecraft:stone":124,"minecraft:cooked_mutton":12,"spartanweaponry:tin_scythe":1,"alltheores:tin_ingot":12,"improvableskills:skills_book":1,"minecraft:chest":3,"alltheores:raw_lead":9,"minecraft:oak_fence":3,"minecraft:stone_bricks":124,"minecraft:cherry_fence":30,"minecraft:cooked_rabbit":1,"knightquest:great_essence":3,"sophisticatedbackpacks:backpack":1,"minecraft:cooked_porkchop":24,"minecraft:crafting_table":10,"alltheores:raw_silver":9,"minecraft:wooden_pickaxe":1,"spartanweaponry:wooden_club":1,"ancient_elements:tin_ingot":6,"minecraft:bamboo_planks":40,"minecraft:book":2,"minecraft:paper":9,"minecraft:charcoal":69,"minecraft:stick":40,"minecraft:iron_ingot":91,"minecraft:iron_pickaxe":1,"minecraft:gold_ingot":17,"minecraft:cherry_planks":801,"minecraft:saddle":1,"minecraft:stone_shovel":3,"minecraft:stone_brick_wall":6,"minecraft:iron_nugget":135,"alltheores:aluminum_ingot":5,"minecraft:furnace":4,"minecraft:bone_meal":93,"minecraft:lantern":16,"minecraft:iron_axe":2,"minecraft:cherry_stairs":116,"minecraft:stone_pickaxe":2,"minecraft:cobblestone_wall":6,"spartanweaponry:aluminum_boomerang":1,"minecraft:lead":4,"regions_unexplored:magnolia_planks":68,"minecraft:cherry_fence_gate":2,"sophisticatedbackpacks:iron_backpack":1,"minecraft:cooked_beef":80,"spartanweaponry:pole":1,"sophisticatedbackpacks:gold_backpack":1,"minecraft:bucket":1,"minecraft:stone_axe":5,"minecraft:air":0,"ancient_elements:tin_hammer":1,"minecraft:crimson_stairs":56,"regions_unexplored:redwood_planks":4,"minecraft:wooden_axe":1,"minecraft:cherry_door":3,"minecraft:white_bed":2,"minecraft:torch":104},"minecraft:picked_up":{"regions_unexplored:small_oak_log":9,"minecraft:iron_chestplate":1,"minecraft:creeper_head":2,"regions_unexplored:magnolia_log":22,"minecraft:crimson_planks":50,"alltheores:raw_lead_block":1,"minecraft:string":27,"minecraft:raw_copper":16,"minecraft:zombie_head":10,"minecraft:beetroot":2,"regions_unexplored:bamboo_sapling":2,"minecraft:cobbled_deepslate":151,"spartanweaponry:iron_flanged_mace":1,"regions_unexplored:redwood_log":122,"minecraft:furnace":8,"minecraft:stick":265,"apotheosis:gem":1,"minecraft:torch":54,"minecraft:porkchop":52,"minecraft:cherry_log":624,"minecraft:diorite":36,"regions_unexplored:pink_magnolia_sapling":1,"minecraft:rotten_flesh":70,"minecraft:cobblestone":1236,"minecraft:pink_petals":10,"minecraft:feather":15,"minecraft:cherry_planks":29,"minecraft:andesite":83,"minecraft:jungle_log":72,"regions_unexplored:cherry_shrub":1,"minecraft:potato":1,"minecraft:tuff":4,"minecraft:cherry_fence":2,"minecraft:cherry_door":2,"minecraft:lapis_lazuli":83,"minecraft:dirt":782,"alltheores:raw_tin":98,"minecraft:bone":29,"regions_unexplored:magnolia_planks":10,"minecraft:bow":2,"minecraft:wheat_seeds":62,"minecraft:raw_gold":28,"minecraft:rabbit":1,"minecraft:oak_planks":4,"regions_unexplored:bamboo_log":20,"alltheores:raw_lead":6,"alltheores:raw_nickel":6,"artifacts:crystal_heart":1,"alltheores:raw_aluminum":8,"knightquest:small_essence":22,"minecraft:granite":53,"minecraft:emerald":4,"minecraft:bread":4,"minecraft:oak_sapling":71,"minecraft:cherry_slab":15,"minecraft:coarse_dirt":3,"minecraft:cocoa_beans":9,"minecraft:crafting_table":33,"minecraft:chicken":13,"minecraft:turtle_helmet":1,"minecraft:stripped_cherry_log":3,"minecraft:red_bed":6,"minecraft:moss_carpet":3,"improvableskills:scroll_normal":5,"minecraft:beef":94,"spartanweaponry:leather_longbow":1,"minecraft:jungle_sapling":3,"minecraft:sugar_cane":9,"minecraft:egg":11,"minecraft:raw_iron":90,"minecraft:cherry_stairs":2,"ancient_elements:raw_steel":36,"minecraft:stone":3,"alltheores:raw_zinc":10,"sophisticatedbackpacks:backpack":2,"ancient_elements:raw_tin":6,"spartanweaponry:spider_head":3,"minecraft:carrot":3,"minecraft:redstone":72,"minecraft:cherry_fence_gate":1,"minecraft:arrow":31,"spartanweaponry:illager_head":1,"alltheores:raw_osmium":1,"minecraft:mutton":12,"minecraft:crimson_slab":2,"minecraft:skeleton_skull":7,"minecraft:white_wool":8,"minecraft:oxeye_daisy":1,"minecraft:stripped_oak_log":1,"minecraft:leather":40,"minecraft:oak_log":123,"minecraft:gunpowder":10,"regions_unexplored:small_oak_sapling":2,"minecraft:apple":3,"minecraft:kelp":4,"regions_unexplored:redwood_sapling":4,"minecraft:iron_ingot":1,"ancient_elements:tin_hammer":1,"artifacts:kitty_slippers":1,"minecraft:sweet_berries":2,"regions_unexplored:white_magnolia_sapling":5,"minecraft:dandelion":1,"minecraft:crimson_stairs":27,"minecraft:white_bed":1,"minecraft:spider_eye":4,"minecraft:leather_helmet":1,"minecraft:chainmail_leggings":1,"alltheores:raw_uranium_block":1,"minecraft:cherry_sapling":339,"alltheores:raw_silver":57,"minecraft:black_wool":2,"alltheores:raw_silver_block":1,"minecraft:coal":188,"minecraft:sunflower":4},"minecraft:killed_by":{"minecraft:creeper":3,"minecraft:pillager":1,"minecraft:vindicator":1,"minecraft:zombie":2,"minecraft:skeleton":3},"minecraft:mined":{"minecraft:white_bed":1,"minecraft:oak_sapling":4,"minecraft:cherry_log":41,"regions_unexplored:magnolia_log":3,"minecraft:jungle_leaves":1,"alltheores:deepslate_aluminum_ore":2,"minecraft:granite":15,"minecraft:grass_block":233,"minecraft:jungle_log":28,"minecraft:iron_ore":27,"minecraft:moss_carpet":1,"ancient_elements:tin_ore":4,"minecraft:deepslate_lapis_ore":6,"minecraft:dirt_path":3,"minecraft:deepslate_redstone_ore":10,"regions_unexplored:white_magnolia_sapling":1,"minecraft:red_bed":6,"minecraft:torch":20,"alltheores:raw_uranium_block":1,"regions_unexplored:pink_magnolia_sapling":2,"ancient_elements:cloud":1,"minecraft:cobblestone":2,"minecraft:sugar_cane":2,"minecraft:oak_planks":4,"alltheores:deepslate_nickel_ore":4,"regions_unexplored:bamboo_log":2,"minecraft:crimson_stairs":29,"minecraft:wall_torch":32,"minecraft:cherry_slab":15,"minecraft:pink_petals":5,"minecraft:cherry_fence":1,"alltheores:deepslate_osmium_ore":2,"minecraft:cherry_door":2,"alltheores:tin_ore":90,"minecraft:grass":96,"regions_unexplored:cherry_shrub":1,"minecraft:oak_log":21,"alltheores:raw_silver_block":1,"regions_unexplored:small_oak_sapling":1,"minecraft:dirt":45,"minecraft:crimson_planks":1,"minecraft:oak_leaves":26,"minecraft:deepslate":24,"alltheores:zinc_ore":7,"minecraft:cherry_sapling":19,"minecraft:stripped_cherry_log":3,"alltheores:deepslate_silver_ore":38,"alltheores:deepslate_tin_ore":2,"minecraft:large_fern":1,"minecraft:furnace":8,"minecraft:jungle_sapling":2,"minecraft:andesite":8,"minecraft:deepslate_iron_ore":22,"minecraft:vine":8,"minecraft:stripped_oak_log":1,"alltheores:silver_ore":1,"minecraft:cherry_fence_gate":1,"regions_unexplored:medium_grass":8,"minecraft:cherry_stairs":3,"alltheores:aluminum_ore":5,"regions_unexplored:small_oak_log":1,"minecraft:stone":272,"regions_unexplored:redwood_log":2,"regions_unexplored:windswept_grass":5,"minecraft:podzol":1,"ancient_elements:steel_ore":15,"minecraft:cherry_planks":27,"minecraft:crafting_table":33,"minecraft:crimson_slab":2,"minecraft:tall_grass":8,"minecraft:copper_ore":2,"minecraft:deepslate_gold_ore":24,"minecraft:coarse_dirt":3,"regions_unexplored:sandy_grass":1,"minecraft:coal_ore":110,"minecraft:sunflower":3,"regions_unexplored:magnolia_planks":12,"alltheores:deepslate_zinc_ore":2,"minecraft:fern":21},"minecraft:dropped":{"alltheores:raw_silver":11,"alltheores:raw_nickel":4,"alltheores:raw_zinc":8,"minecraft:dirt":322,"minecraft:crimson_roots":64,"minecraft:jungle_sapling":3,"minecraft:sunflower":1,"minecraft:white_wool":1,"minecraft:cobbled_deepslate":8,"minecraft:rotten_flesh":47,"minecraft:oak_planks":64,"patchouli:guide_book":1,"minecraft:gunpowder":2,"minecraft:skeleton_skull":2,"minecraft:arrow":16,"minecraft:crimson_planks":50,"minecraft:bread":4,"regions_unexplored:magnolia_planks":1,"minecraft:wheat_seeds":43,"minecraft:feather":2,"minecraft:cobblestone":22,"minecraft:lead":1,"minecraft:granite":49,"minecraft:cobweb":3,"minecraft:diorite":24,"spartanweaponry:wooden_club":1,"spartanweaponry:spider_head":2,"alltheores:raw_aluminum":3,"minecraft:string":14,"minecraft:kelp":4,"minecraft:raw_copper":9,"minecraft:cocoa_beans":9,"alltheores:raw_osmium":1,"regions_unexplored:bamboo_sapling":2,"minecraft:andesite":57,"minecraft:oak_sapling":16,"minecraft:bow":2,"minecraft:wooden_pickaxe":1,"ancient_elements:tin_hammer":1},"minecraft:broken":{"minecraft:stone_pickaxe":2,"minecraft:stone_axe":5,"minecraft:wooden_axe":1,"minecraft:stone_shovel":1,"minecraft:iron_axe":1,"minecraft:iron_pickaxe":1,"minecraft:golden_pickaxe":1},"minecraft:custom":{"minecraft:interact_with_crafting_table":125,"minecraft:open_barrel":21,"minecraft:leave_game":1,"minecraft:time_since_death":199189,"minecraft:damage_resisted":0,"minecraft:sprint_one_cm":986857,"minecraft:drop":83,"minecraft:talked_to_villager":22,"minecraft:play_time":572828,"minecraft:deaths":15,"minecraft:jump":3585,"minecraft:interact_with_brewingstand":1,"minecraft:walk_on_water_one_cm":96806,"minecraft:interact_with_furnace":158,"minecraft:interact_with_cartography_table":1,"minecraft:sleep_in_bed":23,"minecraft:damage_dealt":32570,"minecraft:crouch_one_cm":95578,"minecraft:horse_one_cm":7483134,"minecraft:interact_with_smithing_table":2,"minecraft:mob_kills":244,"minecraft:damage_dealt_resisted":0,"minecraft:climb_one_cm":4646,"minecraft:walk_one_cm":2029213,"minecraft:damage_dealt_absorbed":148,"minecraft:sneak_time":28204,"minecraft:walk_under_water_one_cm":24016,"minecraft:interact_with_blast_furnace":4,"minecraft:total_world_time":572828,"minecraft:interact_with_stonecutter":1,"minecraft:time_since_rest":26806,"minecraft:damage_taken":11366,"minecraft:trigger_trapped_chest":2,"minecraft:swim_one_cm":37082,"minecraft:fly_one_cm":295676,"minecraft:open_chest":65,"minecraft:fall_one_cm":78916},"minecraft:killed":{"minecraft:witch":1,"minecraft:spider":12,"minecraft:skeleton":24,"minecraft:chicken":13,"artifacts:mimic":1,"minecraft:pig":28,"minecraft:creeper":13,"minecraft:sheep":9,"minecraft:pillager":4,"minecraft:zombie":76,"minecraft:cow":41,"minecraft:vindicator":2,"minecraft:villager":5}},"DataVersion":3465}