{"stats":{"minecraft:used":{"minecraft:oak_fence":3,"minecraft:cherry_sapling":23,"minecraft:moss_carpet":3,"minecraft:stone_shovel":240,"minecraft:chest":2,"minecraft:cooked_chicken":9,"ancient_elements:tin_hammer":174,"minecraft:torch":86,"minecraft:dirt":444,"minecraft:tuff":4,"minecraft:granite":4,"minecraft:wooden_axe":33,"minecraft:lava_bucket":1,"minecraft:iron_axe":56,"minecraft:cherry_slab":6,"spartanweaponry:aluminum_boomerang":118,"minecraft:stone_bricks":116,"spartanweaponry:tin_scythe":190,"minecraft:egg":10,"minecraft:potato":14,"minecraft:oak_sapling":39,"minecraft:furnace":11,"minecraft:cooked_beef":18,"regions_unexplored:small_oak_sapling":2,"minecraft:cobbled_deepslate":134,"minecraft:cherry_log":224,"minecraft:bamboo_planks":22,"minecraft:cooked_mutton":12,"minecraft:water_bucket":20,"regions_unexplored:redwood_sapling":4,"minecraft:diorite":12,"minecraft:lead":1,"minecraft:stone_pickaxe":263,"minecraft:oak_planks":4,"minecraft:wooden_pickaxe":16,"minecraft:cherry_planks":374,"minecraft:red_bed":6,"minecraft:crafting_table":22,"spartanweaponry:iron_flanged_mace":70,"minecraft:white_bed":2,"regions_unexplored:magnolia_planks":28,"regions_unexplored:cherry_shrub":1,"alltheores:raw_uranium_block":1,"minecraft:oxeye_daisy":1,"minecraft:black_wool":1,"minecraft:apple":2,"minecraft:bread":25,"minecraft:iron_pickaxe":248,"minecraft:map":2,"spartanweaponry:wooden_club":66,"minecraft:stone_axe":76,"minecraft:cherry_stairs":8,"minecraft:cobblestone":156,"minecraft:cooked_porkchop":16,"minecraft:andesite":25,"minecraft:bucket":23,"minecraft:bone_meal":41,"minecraft:dandelion":1,"minecraft:coarse_dirt":3,"minecraft:golden_pickaxe":17,"spartanweaponry:iron_scythe":175},"minecraft:crafted":{"minecraft:saddle":1,"minecraft:oak_planks":196,"minecraft:stone_shovel":3,"alltheores:aluminum_ingot":5,"minecraft:cherry_slab":12,"minecraft:cooked_chicken":9,"minecraft:furnace":4,"minecraft:stone":116,"minecraft:bone_meal":93,"minecraft:cooked_mutton":12,"spartanweaponry:tin_scythe":1,"alltheores:tin_ingot":12,"improvableskills:skills_book":1,"minecraft:iron_axe":1,"minecraft:cherry_stairs":8,"minecraft:stone_pickaxe":2,"minecraft:chest":3,"spartanweaponry:aluminum_boomerang":1,"minecraft:stone_bricks":116,"alltheores:raw_lead":9,"minecraft:oak_fence":3,"minecraft:lead":4,"minecraft:cooked_rabbit":1,"regions_unexplored:magnolia_planks":68,"sophisticatedbackpacks:iron_backpack":1,"minecraft:cooked_beef":80,"knightquest:great_essence":3,"sophisticatedbackpacks:backpack":1,"minecraft:cooked_porkchop":24,"spartanweaponry:pole":1,"minecraft:crafting_table":9,"minecraft:wooden_pickaxe":1,"alltheores:raw_silver":9,"spartanweaponry:wooden_club":1,"sophisticatedbackpacks:gold_backpack":1,"minecraft:bucket":1,"minecraft:stone_axe":3,"ancient_elements:tin_ingot":6,"minecraft:air":0,"ancient_elements:tin_hammer":1,"regions_unexplored:redwood_planks":4,"minecraft:bamboo_planks":40,"minecraft:book":2,"minecraft:paper":9,"minecraft:charcoal":69,"minecraft:stick":40,"minecraft:iron_ingot":26,"minecraft:iron_pickaxe":1,"minecraft:wooden_axe":1,"minecraft:gold_ingot":17,"minecraft:white_bed":2,"minecraft:torch":104,"minecraft:cherry_planks":420},"minecraft:picked_up":{"regions_unexplored:small_oak_log":9,"minecraft:cocoa_beans":9,"minecraft:iron_chestplate":1,"minecraft:crafting_table":14,"minecraft:coarse_dirt":3,"minecraft:chicken":13,"minecraft:creeper_head":2,"minecraft:turtle_helmet":1,"regions_unexplored:magnolia_log":22,"minecraft:stripped_cherry_log":3,"alltheores:raw_lead_block":1,"minecraft:string":13,"minecraft:red_bed":6,"minecraft:moss_carpet":3,"minecraft:raw_copper":16,"minecraft:zombie_head":10,"minecraft:beetroot":2,"regions_unexplored:bamboo_sapling":2,"minecraft:cobbled_deepslate":151,"improvableskills:scroll_normal":4,"minecraft:beef":94,"spartanweaponry:leather_longbow":1,"minecraft:jungle_sapling":3,"minecraft:sugar_cane":9,"spartanweaponry:iron_flanged_mace":1,"minecraft:furnace":8,"regions_unexplored:redwood_log":122,"minecraft:egg":11,"minecraft:stick":200,"minecraft:raw_iron":90,"apotheosis:gem":1,"ancient_elements:raw_steel":36,"minecraft:stone":3,"alltheores:raw_zinc":10,"minecraft:torch":51,"sophisticatedbackpacks:backpack":2,"minecraft:porkchop":48,"ancient_elements:raw_tin":6,"minecraft:cherry_log":355,"minecraft:diorite":36,"spartanweaponry:spider_head":3,"minecraft:carrot":3,"minecraft:redstone":72,"regions_unexplored:pink_magnolia_sapling":1,"minecraft:arrow":31,"minecraft:rotten_flesh":70,"spartanweaponry:illager_head":1,"alltheores:raw_osmium":1,"minecraft:mutton":12,"minecraft:skeleton_skull":6,"minecraft:white_wool":8,"minecraft:cobblestone":1236,"minecraft:oxeye_daisy":1,"minecraft:stripped_oak_log":1,"minecraft:pink_petals":10,"minecraft:feather":15,"minecraft:cherry_planks":11,"minecraft:jungle_log":44,"minecraft:andesite":83,"regions_unexplored:cherry_shrub":1,"minecraft:leather":40,"minecraft:potato":1,"minecraft:tuff":4,"minecraft:oak_log":123,"minecraft:gunpowder":8,"minecraft:lapis_lazuli":83,"minecraft:dirt":708,"regions_unexplored:small_oak_sapling":2,"alltheores:raw_tin":98,"minecraft:bone":27,"artifacts:kitty_slippers":1,"minecraft:apple":3,"minecraft:kelp":4,"minecraft:bow":2,"minecraft:wheat_seeds":62,"minecraft:raw_gold":28,"minecraft:iron_ingot":1,"regions_unexplored:redwood_sapling":4,"ancient_elements:tin_hammer":1,"minecraft:rabbit":1,"minecraft:oak_planks":4,"regions_unexplored:bamboo_log":20,"regions_unexplored:white_magnolia_sapling":5,"alltheores:raw_lead":6,"minecraft:dandelion":1,"minecraft:white_bed":1,"minecraft:spider_eye":4,"alltheores:raw_nickel":6,"artifacts:crystal_heart":1,"minecraft:chainmail_leggings":1,"alltheores:raw_aluminum":8,"knightquest:small_essence":22,"minecraft:granite":53,"alltheores:raw_uranium_block":1,"minecraft:cherry_sapling":247,"alltheores:raw_silver":57,"minecraft:bread":4,"minecraft:emerald":4,"minecraft:oak_sapling":71,"minecraft:black_wool":2,"minecraft:coal":188,"alltheores:raw_silver_block":1,"minecraft:sunflower":4},"minecraft:killed_by":{"minecraft:creeper":3,"minecraft:pillager":1,"minecraft:vindicator":1,"minecraft:skeleton":3,"minecraft:zombie":2},"minecraft:mined":{"minecraft:white_bed":1,"minecraft:oak_sapling":4,"alltheores:zinc_ore":7,"minecraft:stripped_cherry_log":3,"minecraft:cherry_log":16,"minecraft:jungle_leaves":1,"minecraft:cherry_sapling":13,"regions_unexplored:magnolia_log":3,"alltheores:deepslate_aluminum_ore":2,"minecraft:granite":15,"minecraft:grass_block":233,"alltheores:deepslate_silver_ore":38,"alltheores:deepslate_tin_ore":2,"minecraft:large_fern":1,"minecraft:furnace":8,"minecraft:jungle_sapling":2,"minecraft:iron_ore":27,"ancient_elements:tin_ore":4,"minecraft:andesite":8,"minecraft:moss_carpet":1,"minecraft:deepslate_lapis_ore":6,"minecraft:vine":8,"minecraft:dirt_path":3,"minecraft:deepslate_iron_ore":22,"minecraft:stripped_oak_log":1,"alltheores:silver_ore":1,"regions_unexplored:medium_grass":8,"regions_unexplored:windswept_grass":5,"regions_unexplored:small_oak_log":1,"alltheores:aluminum_ore":5,"regions_unexplored:redwood_log":2,"minecraft:stone":272,"minecraft:podzol":1,"ancient_elements:steel_ore":15,"minecraft:deepslate_redstone_ore":10,"minecraft:cherry_planks":11,"regions_unexplored:white_magnolia_sapling":1,"minecraft:red_bed":6,"minecraft:crafting_table":14,"minecraft:torch":19,"alltheores:raw_uranium_block":1,"minecraft:oak_planks":4,"regions_unexplored:pink_magnolia_sapling":2,"ancient_elements:cloud":1,"minecraft:copper_ore":2,"minecraft:tall_grass":8,"minecraft:cobblestone":2,"minecraft:deepslate_gold_ore":24,"minecraft:sugar_cane":2,"regions_unexplored:bamboo_log":2,"alltheores:deepslate_nickel_ore":4,"minecraft:wall_torch":30,"minecraft:pink_petals":5,"minecraft:coarse_dirt":3,"alltheores:deepslate_osmium_ore":2,"alltheores:tin_ore":90,"regions_unexplored:sandy_grass":1,"minecraft:grass":91,"regions_unexplored:cherry_shrub":1,"minecraft:coal_ore":110,"minecraft:oak_log":21,"alltheores:raw_silver_block":1,"minecraft:dirt":45,"minecraft:sunflower":3,"regions_unexplored:small_oak_sapling":1,"minecraft:deepslate":24,"alltheores:deepslate_zinc_ore":2,"minecraft:oak_leaves":26,"minecraft:fern":19},"minecraft:dropped":{"minecraft:bread":4,"regions_unexplored:magnolia_planks":1,"alltheores:raw_silver":11,"minecraft:wheat_seeds":43,"alltheores:raw_nickel":4,"alltheores:raw_zinc":8,"minecraft:feather":2,"minecraft:cobblestone":22,"minecraft:granite":49,"minecraft:cobweb":3,"minecraft:dirt":289,"minecraft:diorite":24,"spartanweaponry:wooden_club":1,"minecraft:jungle_sapling":3,"spartanweaponry:spider_head":2,"alltheores:raw_aluminum":3,"minecraft:sunflower":1,"minecraft:white_wool":1,"minecraft:kelp":4,"minecraft:cocoa_beans":9,"minecraft:cobbled_deepslate":8,"minecraft:raw_copper":9,"alltheores:raw_osmium":1,"minecraft:rotten_flesh":47,"minecraft:oak_planks":64,"regions_unexplored:bamboo_sapling":2,"patchouli:guide_book":1,"minecraft:gunpowder":2,"minecraft:skeleton_skull":2,"minecraft:andesite":57,"minecraft:oak_sapling":16,"minecraft:arrow":16,"minecraft:bow":2,"minecraft:wooden_pickaxe":1,"ancient_elements:tin_hammer":1},"minecraft:broken":{"minecraft:stone_pickaxe":2,"minecraft:iron_axe":1,"minecraft:stone_axe":3,"minecraft:iron_pickaxe":1,"minecraft:golden_pickaxe":1,"minecraft:wooden_axe":1,"minecraft:stone_shovel":1},"minecraft:killed":{"minecraft:witch":1,"minecraft:spider":12,"minecraft:vindicator":2,"minecraft:skeleton":23,"minecraft:chicken":13,"artifacts:mimic":1,"minecraft:pig":26,"minecraft:creeper":12,"minecraft:sheep":9,"minecraft:pillager":4,"minecraft:zombie":76,"minecraft:villager":3,"minecraft:cow":41},"minecraft:custom":{"minecraft:interact_with_smithing_table":2,"minecraft:mob_kills":238,"minecraft:interact_with_crafting_table":58,"minecraft:open_barrel":21,"minecraft:damage_dealt_resisted":0,"minecraft:leave_game":1,"minecraft:time_since_death":91189,"minecraft:climb_one_cm":4646,"minecraft:damage_resisted":0,"minecraft:sprint_one_cm":876656,"minecraft:walk_one_cm":1544005,"minecraft:drop":78,"minecraft:damage_dealt_absorbed":148,"minecraft:talked_to_villager":21,"minecraft:play_time":464828,"minecraft:sneak_time":12908,"minecraft:deaths":15,"minecraft:walk_under_water_one_cm":24016,"minecraft:jump":3273,"minecraft:interact_with_brewingstand":1,"minecraft:interact_with_blast_furnace":4,"minecraft:walk_on_water_one_cm":96806,"minecraft:total_world_time":464828,"minecraft:interact_with_furnace":138,"minecraft:interact_with_cartography_table":1,"minecraft:interact_with_stonecutter":1,"minecraft:sleep_in_bed":17,"minecraft:time_since_rest":4428,"minecraft:damage_taken":10905,"minecraft:trigger_trapped_chest":2,"minecraft:damage_dealt":31489,"minecraft:swim_one_cm":37082,"minecraft:fly_one_cm":287213,"minecraft:open_chest":65,"minecraft:crouch_one_cm":34754,"minecraft:fall_one_cm":66423,"minecraft:horse_one_cm":7483134}},"DataVersion":3465}