{"stats":{"minecraft:killed":{"minecraft:witch":1,"minecraft:vindicator":1,"minecraft:spider":10,"minecraft:skeleton":11,"minecraft:chicken":9,"artifacts:mimic":1,"minecraft:pig":9,"minecraft:creeper":11,"minecraft:sheep":7,"minecraft:pillager":1,"minecraft:zombie":44,"minecraft:cow":12},"minecraft:crafted":{"minecraft:saddle":1,"minecraft:oak_planks":192,"alltheores:aluminum_ingot":5,"minecraft:cooked_chicken":6,"minecraft:furnace":3,"spartanweaponry:tin_scythe":1,"alltheores:tin_ingot":12,"minecraft:stone_pickaxe":2,"minecraft:chest":2,"spartanweaponry:aluminum_boomerang":1,"minecraft:cooked_beef":18,"knightquest:great_essence":2,"minecraft:cooked_porkchop":1,"spartanweaponry:pole":1,"minecraft:crafting_table":6,"alltheores:raw_silver":9,"minecraft:wooden_pickaxe":1,"spartanweaponry:wooden_club":1,"minecraft:bucket":1,"minecraft:stone_axe":1,"minecraft:air":0,"regions_unexplored:redwood_planks":4,"minecraft:bamboo_planks":40,"minecraft:charcoal":13,"minecraft:stick":40,"minecraft:iron_ingot":12,"minecraft:iron_pickaxe":1,"minecraft:wooden_axe":1,"minecraft:white_bed":1,"minecraft:torch":12},"minecraft:killed_by":{"minecraft:creeper":3,"minecraft:vindicator":1,"minecraft:skeleton":3,"minecraft:zombie":2},"minecraft:picked_up":{"regions_unexplored:small_oak_log":9,"minecraft:coarse_dirt":3,"minecraft:crafting_table":10,"minecraft:chicken":9,"minecraft:creeper_head":1,"minecraft:string":11,"minecraft:red_bed":1,"minecraft:moss_carpet":3,"minecraft:zombie_head":5,"regions_unexplored:bamboo_sapling":2,"minecraft:cobbled_deepslate":20,"improvableskills:scroll_normal":1,"minecraft:beef":28,"minecraft:sugar_cane":5,"spartanweaponry:iron_flanged_mace":1,"regions_unexplored:redwood_log":122,"minecraft:egg":6,"minecraft:furnace":4,"minecraft:raw_iron":25,"minecraft:stick":43,"alltheores:raw_zinc":7,"minecraft:torch":23,"sophisticatedbackpacks:backpack":1,"minecraft:porkchop":18,"spartanweaponry:spider_head":3,"minecraft:redstone":25,"minecraft:arrow":15,"minecraft:rotten_flesh":24,"alltheores:raw_osmium":1,"minecraft:mutton":10,"minecraft:skeleton_skull":3,"minecraft:white_wool":6,"minecraft:cobblestone":70,"minecraft:stripped_oak_log":1,"minecraft:feather":9,"minecraft:andesite":2,"regions_unexplored:cherry_shrub":1,"minecraft:leather":9,"minecraft:oak_log":95,"minecraft:gunpowder":8,"minecraft:lapis_lazuli":28,"minecraft:dirt":19,"regions_unexplored:small_oak_sapling":2,"alltheores:raw_tin":98,"minecraft:bone":10,"minecraft:apple":2,"minecraft:kelp":4,"minecraft:wheat_seeds":12,"minecraft:raw_gold":17,"regions_unexplored:redwood_sapling":4,"regions_unexplored:bamboo_log":20,"minecraft:spider_eye":2,"alltheores:raw_nickel":6,"artifacts:crystal_heart":1,"alltheores:raw_aluminum":8,"knightquest:small_essence":11,"alltheores:raw_uranium_block":1,"alltheores:raw_silver":45,"minecraft:bread":4,"minecraft:emerald":1,"alltheores:raw_silver_block":1,"minecraft:oak_sapling":37,"minecraft:black_wool":2,"minecraft:coal":51},"minecraft:custom":{"minecraft:mob_kills":121,"minecraft:interact_with_crafting_table":26,"minecraft:open_barrel":21,"minecraft:time_since_death":27716,"minecraft:climb_one_cm":2547,"minecraft:sprint_one_cm":401916,"minecraft:walk_one_cm":608017,"minecraft:drop":34,"minecraft:damage_dealt_absorbed":108,"minecraft:play_time":191402,"minecraft:deaths":12,"minecraft:sneak_time":3782,"minecraft:walk_under_water_one_cm":17470,"minecraft:jump":1399,"minecraft:interact_with_brewingstand":1,"minecraft:interact_with_blast_furnace":2,"minecraft:walk_on_water_one_cm":68319,"minecraft:total_world_time":191402,"minecraft:interact_with_furnace":35,"minecraft:interact_with_cartography_table":1,"minecraft:sleep_in_bed":3,"minecraft:time_since_rest":27763,"minecraft:damage_taken":6527,"minecraft:trigger_trapped_chest":2,"minecraft:damage_dealt":14819,"minecraft:swim_one_cm":26479,"minecraft:fly_one_cm":138628,"minecraft:open_chest":10,"minecraft:crouch_one_cm":5372,"minecraft:fall_one_cm":19994,"minecraft:horse_one_cm":1867320},"minecraft:used":{"minecraft:moss_carpet":3,"minecraft:chest":2,"minecraft:cooked_chicken":6,"minecraft:torch":28,"minecraft:dirt":8,"minecraft:wooden_axe":33,"spartanweaponry:aluminum_boomerang":108,"spartanweaponry:tin_scythe":180,"minecraft:oak_sapling":37,"minecraft:furnace":6,"minecraft:potato":8,"regions_unexplored:small_oak_sapling":2,"minecraft:egg":5,"minecraft:cooked_beef":18,"minecraft:cobbled_deepslate":6,"minecraft:bamboo_planks":22,"regions_unexplored:redwood_sapling":4,"minecraft:stone_pickaxe":176,"minecraft:wooden_pickaxe":16,"minecraft:crafting_table":15,"minecraft:red_bed":1,"spartanweaponry:iron_flanged_mace":13,"minecraft:white_bed":1,"regions_unexplored:cherry_shrub":1,"alltheores:raw_uranium_block":1,"minecraft:black_wool":1,"minecraft:apple":2,"minecraft:bread":5,"minecraft:iron_pickaxe":113,"spartanweaponry:wooden_club":66,"minecraft:stone_axe":22,"minecraft:cobblestone":7,"minecraft:cooked_porkchop":1,"minecraft:andesite":2,"minecraft:coarse_dirt":3,"minecraft:golden_pickaxe":17},"minecraft:mined":{"minecraft:oak_sapling":3,"alltheores:zinc_ore":5,"alltheores:deepslate_aluminum_ore":2,"alltheores:deepslate_silver_ore":37,"alltheores:deepslate_tin_ore":2,"minecraft:large_fern":1,"minecraft:furnace":4,"minecraft:iron_ore":9,"minecraft:andesite":2,"minecraft:moss_carpet":1,"minecraft:deepslate_lapis_ore":4,"minecraft:deepslate_iron_ore":11,"minecraft:stripped_oak_log":1,"regions_unexplored:medium_grass":8,"regions_unexplored:redwood_log":2,"alltheores:aluminum_ore":5,"regions_unexplored:small_oak_log":1,"minecraft:stone":65,"regions_unexplored:windswept_grass":3,"minecraft:podzol":1,"minecraft:deepslate_redstone_ore":5,"minecraft:red_bed":1,"minecraft:crafting_table":10,"minecraft:torch":13,"alltheores:raw_uranium_block":1,"minecraft:tall_grass":4,"minecraft:deepslate_gold_ore":15,"regions_unexplored:bamboo_log":2,"minecraft:sugar_cane":2,"alltheores:deepslate_nickel_ore":4,"minecraft:wall_torch":8,"minecraft:coarse_dirt":3,"alltheores:deepslate_osmium_ore":1,"alltheores:tin_ore":90,"regions_unexplored:sandy_grass":1,"minecraft:grass":9,"regions_unexplored:cherry_shrub":1,"minecraft:oak_log":21,"minecraft:coal_ore":33,"alltheores:raw_silver_block":1,"regions_unexplored:small_oak_sapling":1,"minecraft:dirt":7,"alltheores:deepslate_zinc_ore":1,"minecraft:oak_leaves":8,"minecraft:deepslate":13,"minecraft:fern":4},"minecraft:dropped":{"minecraft:bread":4,"minecraft:wheat_seeds":10,"alltheores:raw_nickel":4,"alltheores:raw_zinc":5,"minecraft:feather":1,"minecraft:cobweb":3,"spartanweaponry:wooden_club":1,"spartanweaponry:spider_head":2,"alltheores:raw_aluminum":3,"minecraft:white_wool":1,"minecraft:kelp":4,"minecraft:cobbled_deepslate":8,"alltheores:raw_osmium":1,"minecraft:rotten_flesh":5,"minecraft:oak_planks":64,"regions_unexplored:bamboo_sapling":2,"patchouli:guide_book":1,"minecraft:gunpowder":2,"minecraft:skeleton_skull":1,"minecraft:arrow":6,"minecraft:wooden_pickaxe":1},"minecraft:broken":{"minecraft:stone_pickaxe":1,"minecraft:stone_axe":1,"minecraft:golden_pickaxe":1,"minecraft:wooden_axe":1}},"DataVersion":3465}