{"stats":{"minecraft:killed":{"minecraft:pig":6,"minecraft:spider":5,"minecraft:creeper":2,"minecraft:skeleton":4,"minecraft:sheep":5,"minecraft:zombie":7,"minecraft:chicken":2,"minecraft:cow":8},"minecraft:crafted":{"minecraft:saddle":1,"minecraft:oak_planks":192,"spartanweaponry:pole":1,"minecraft:crafting_table":2,"minecraft:cooked_chicken":2,"minecraft:wooden_pickaxe":1,"minecraft:furnace":1,"spartanweaponry:wooden_club":1,"minecraft:stone_axe":1,"minecraft:air":0,"spartanweaponry:tin_scythe":1,"alltheores:tin_ingot":12,"minecraft:stick":4,"minecraft:iron_ingot":11,"minecraft:iron_pickaxe":1,"minecraft:stone_pickaxe":2,"minecraft:wooden_axe":1,"minecraft:torch":4,"minecraft:cooked_beef":2},"minecraft:killed_by":{"minecraft:vindicator":1,"minecraft:skeleton":3},"minecraft:picked_up":{"minecraft:stripped_oak_log":1,"minecraft:crafting_table":8,"minecraft:coarse_dirt":3,"minecraft:feather":1,"minecraft:chicken":2,"minecraft:creeper_head":1,"regions_unexplored:cherry_shrub":1,"minecraft:andesite":2,"minecraft:leather":7,"minecraft:oak_log":95,"minecraft:gunpowder":2,"minecraft:dirt":8,"minecraft:string":3,"minecraft:moss_carpet":3,"regions_unexplored:small_oak_sapling":2,"alltheores:raw_tin":94,"minecraft:bone":4,"minecraft:apple":2,"minecraft:kelp":4,"minecraft:wheat_seeds":10,"regions_unexplored:bamboo_sapling":2,"minecraft:beef":18,"minecraft:sugar_cane":5,"regions_unexplored:bamboo_log":20,"minecraft:furnace":1,"minecraft:egg":5,"minecraft:stick":30,"minecraft:raw_iron":11,"alltheores:raw_zinc":5,"minecraft:torch":4,"minecraft:porkchop":12,"spartanweaponry:spider_head":2,"minecraft:arrow":3,"minecraft:rotten_flesh":2,"alltheores:raw_aluminum":5,"knightquest:small_essence":2,"minecraft:skeleton_skull":1,"minecraft:oak_sapling":37,"minecraft:black_wool":1,"minecraft:mutton":7,"minecraft:coal":15,"minecraft:white_wool":4,"minecraft:cobblestone":65,"regions_unexplored:small_oak_log":9},"minecraft:custom":{"minecraft:interact_with_furnace":17,"minecraft:mob_kills":39,"minecraft:interact_with_crafting_table":13,"minecraft:time_since_death":9659,"minecraft:time_since_rest":9695,"minecraft:sprint_one_cm":129591,"minecraft:damage_taken":1392,"minecraft:walk_one_cm":246095,"minecraft:drop":12,"minecraft:damage_dealt":5163,"minecraft:swim_one_cm":16263,"minecraft:fly_one_cm":37080,"minecraft:open_chest":1,"minecraft:crouch_one_cm":1142,"minecraft:play_time":101402,"minecraft:deaths":4,"minecraft:sneak_time":2023,"minecraft:walk_under_water_one_cm":8985,"minecraft:jump":562,"minecraft:walk_on_water_one_cm":29476,"minecraft:total_world_time":101402,"minecraft:horse_one_cm":1858216,"minecraft:fall_one_cm":5082},"minecraft:used":{"minecraft:moss_carpet":3,"minecraft:stone_pickaxe":164,"minecraft:wooden_pickaxe":16,"minecraft:cooked_chicken":2,"minecraft:torch":4,"minecraft:dirt":8,"minecraft:crafting_table":10,"regions_unexplored:cherry_shrub":1,"minecraft:wooden_axe":33,"minecraft:apple":2,"minecraft:black_wool":1,"spartanweaponry:wooden_club":66,"minecraft:stone_axe":19,"spartanweaponry:tin_scythe":39,"minecraft:furnace":2,"minecraft:oak_sapling":37,"minecraft:andesite":2,"minecraft:cooked_beef":2,"regions_unexplored:small_oak_sapling":2,"minecraft:egg":5,"minecraft:golden_pickaxe":11,"minecraft:coarse_dirt":3},"minecraft:dropped":{"minecraft:kelp":4,"minecraft:wheat_seeds":10,"minecraft:feather":1,"minecraft:rotten_flesh":2,"minecraft:oak_planks":64,"regions_unexplored:bamboo_sapling":2,"minecraft:gunpowder":2,"spartanweaponry:wooden_club":1,"spartanweaponry:spider_head":2,"minecraft:wooden_pickaxe":1},"minecraft:mined":{"minecraft:podzol":1,"minecraft:oak_sapling":3,"alltheores:zinc_ore":5,"minecraft:crafting_table":8,"minecraft:torch":3,"minecraft:tall_grass":4,"minecraft:sugar_cane":2,"regions_unexplored:bamboo_log":2,"minecraft:wall_torch":1,"minecraft:large_fern":1,"minecraft:coarse_dirt":3,"minecraft:furnace":1,"minecraft:iron_ore":9,"minecraft:andesite":2,"alltheores:tin_ore":90,"minecraft:moss_carpet":1,"regions_unexplored:sandy_grass":1,"minecraft:grass":6,"regions_unexplored:cherry_shrub":1,"minecraft:coal_ore":12,"minecraft:oak_log":21,"minecraft:dirt":7,"regions_unexplored:small_oak_sapling":1,"minecraft:stripped_oak_log":1,"regions_unexplored:medium_grass":5,"alltheores:aluminum_ore":5,"regions_unexplored:small_oak_log":1,"minecraft:stone":61,"regions_unexplored:windswept_grass":2,"minecraft:oak_leaves":8,"minecraft:fern":3},"minecraft:broken":{"minecraft:stone_pickaxe":1,"minecraft:wooden_axe":1}},"DataVersion":3465}