{"stats":{"minecraft:killed":{"minecraft:cave_spider":3,"born_in_chaos_v1:restless_spirit":4,"born_in_chaos_v1:zombie_lumberjack":2,"born_in_chaos_v1:door_knight_not_despawn":2,"alexsmobs:raccoon":3,"minecraft:spider":15,"alexsmobs:tasmanian_devil":2,"born_in_chaos_v1:zombie_bruiser":1,"alexsmobs:sugar_glider":1,"born_in_chaos_v1:baby_skeleton_minion":11,"born_in_chaos_v1:maggot":16,"minecraft:skeleton":22,"alexsmobs:blue_jay":1,"minecraft:chicken":5,"born_in_chaos_v1:supreme_bonescaller_stage_2":1,"born_in_chaos_v1:firelight_not_despawn":1,"born_in_chaos_v1:barrel_zombie":1,"born_in_chaos_v1:fallen_chaos_knight":1,"born_in_chaos_v1:bonescaller":2,"minecraft:pig":14,"alexsmobs:grizzly_bear":2,"born_in_chaos_v1:bone_imp_minion":9,"minecraft:zombie_villager":1,"born_in_chaos_v1:baby_skeleton":1,"alexsmobs:skunk":1,"minecraft:creeper":2,"born_in_chaos_v1:decrepit_skeleton":7,"minecraft:sheep":25,"born_in_chaos_v1:bloody_gadfly":1,"minecraft:zombie":36,"born_in_chaos_v1:dread_hound":2,"born_in_chaos_v1:corpse_fly":3,"born_in_chaos_v1:bonescaller_not_despawn":2,"born_in_chaos_v1:dark_vortex":1,"minecraft:stray":6,"alexsmobs:fly":3,"alexsmobs:crow":1,"born_in_chaos_v1:door_knight":3,"minecraft:villager":3,"minecraft:cow":13},"minecraft:killed_by":{"minecraft:creeper":1,"alexsmobs:grizzly_bear":1},"minecraft:used":{"minecraft:stone_sword":144,"minecraft:chest":1,"born_in_chaos_v1:black_argillite":1,"minecraft:torch":34,"minecraft:dirt":38,"minecraft:carrot":13,"minecraft:golden_shovel":6,"minecraft:granite":1,"born_in_chaos_v1:smoked_flesh":10,"born_in_chaos_v1:corpse_maggot":2,"minecraft:wooden_axe":18,"alexsmobs:maggot":1,"minecraft:dark_oak_slab":2,"minecraft:oak_sapling":48,"minecraft:furnace":5,"minecraft:potato":3,"minecraft:cooked_beef":13,"minecraft:cooked_mutton":10,"minecraft:birch_planks":1,"minecraft:baked_potato":3,"minecraft:stone_pickaxe":131,"minecraft:oak_planks":11,"minecraft:wooden_pickaxe":26,"sons_of_sins:blood_bucket":1,"minecraft:white_wool":2,"minecraft:glow_berries":8,"sons_of_sins:osseous_pickaxe":71,"minecraft:crafting_table":9,"sons_of_sins:osseous_sword":70,"minecraft:blast_furnace":1,"minecraft:white_bed":2,"sons_of_sins:heart":1,"sons_of_sins:flesh_sword":476,"sons_of_sins:flesh_pickaxe":81,"minecraft:apple":15,"minecraft:dark_oak_log":4,"minecraft:bread":15,"minecraft:gravel":1,"justhammers:stone_hammer":180,"minecraft:stone_axe":32,"minecraft:wooden_sword":10,"minecraft:diamond_sword":3,"sons_of_sins:flesh_of_demise":1,"minecraft:cobblestone":75,"sons_of_sins:sickle_of_struggle":115,"minecraft:cooked_porkchop":12,"minecraft:andesite":1,"minecraft:chain":1,"minecraft:birch_log":1},"minecraft:custom":{"minecraft:mob_kills":235,"minecraft:interact_with_crafting_table":60,"minecraft:open_barrel":40,"goblintraders:trade_with_goblin":31,"minecraft:bell_ring":1,"minecraft:damage_dealt_resisted":7355,"minecraft:leave_game":3,"minecraft:time_since_death":185332,"minecraft:sprint_one_cm":621362,"minecraft:walk_one_cm":1205524,"minecraft:drop":13,"minecraft:damage_dealt_absorbed":121,"minecraft:talked_to_villager":6,"minecraft:play_time":277710,"minecraft:sneak_time":2084,"minecraft:deaths":2,"minecraft:walk_under_water_one_cm":5673,"minecraft:jump":2439,"minecraft:interact_with_blast_furnace":1,"minecraft:walk_on_water_one_cm":22319,"minecraft:total_world_time":277710,"minecraft:interact_with_furnace":67,"minecraft:sleep_in_bed":3,"minecraft:time_since_rest":32210,"minecraft:damage_taken":5258,"minecraft:damage_dealt":36571,"minecraft:swim_one_cm":3214,"minecraft:fly_one_cm":150027,"minecraft:player_kills":1,"minecraft:open_chest":79,"minecraft:crouch_one_cm":2527,"minecraft:fall_one_cm":26327},"minecraft:picked_up":{"minecraft:crafting_table":7,"minecraft:chicken":5,"minecraft:flower_pot":1,"born_in_chaos_v1:seedof_chaos":3,"minecraft:lead":2,"minecraft:gold_block":1,"minecraft:potion":2,"sons_of_sins:muscle":6,"minecraft:chain":4,"minecraft:brewing_stand":1,"sons_of_sins:soul_steel":32,"born_in_chaos_v1:black_argillite":1,"minecraft:cornflower":2,"minecraft:string":24,"sons_of_sins:osseous_sword":1,"sons_of_sins:flesh_sword":1,"minecraft:bucket":1,"minecraft:beef":32,"sons_of_sins:crystallized_ether":6,"alexsmobs:raccoon_tail":1,"minecraft:birch_sapling":3,"minecraft:furnace":3,"minecraft:egg":1,"minecraft:tipped_arrow":1,"minecraft:stick":36,"minecraft:raw_iron":66,"born_in_chaos_v1:shattered_skull":1,"minecraft:torch":22,"minecraft:porkchop":31,"minecraft:cherry_log":33,"minecraft:diorite":1,"born_in_chaos_v1:pieceofdarkmetal":7,"minecraft:carrot":2,"sons_of_sins:ether_ashes":285,"minecraft:arrow":39,"minecraft:rotten_flesh":82,"sons_of_sins:heart":7,"minecraft:iron_block":2,"minecraft:oxeye_daisy":3,"minecraft:mutton":37,"minecraft:skeleton_skull":1,"minecraft:white_wool":27,"minecraft:cobblestone":1370,"born_in_chaos_v1:corpse_maggot":10,"minecraft:birch_log":4,"born_in_chaos_v1:staffof_magic_arrows":1,"minecraft:pink_petals":14,"minecraft:leather_chestplate":1,"minecraft:feather":7,"born_in_chaos_v1:monster_flesh":3,"born_in_chaos_v1:spiritual_dust":4,"minecraft:andesite":1,"minecraft:leather":13,"minecraft:potato":1,"alexsmobs:bear_fur":2,"sons_of_sins:urn":1,"minecraft:flint":2,"minecraft:crimson_fungus":1,"minecraft:oak_log":85,"minecraft:gunpowder":28,"minecraft:dirt":57,"sons_of_sins:osseous_pickaxe":1,"born_in_chaos_v1:monster_skin":1,"sons_of_sins:spider_heart":1,"minecraft:bone":54,"mobs_of_sins:nuisances_muscle":1,"minecraft:apple":7,"minecraft:bow":1,"minecraft:wheat_seeds":3,"minecraft:iron_ingot":81,"minecraft:cobweb":1,"minecraft:oak_planks":3,"minecraft:dark_oak_slab":2,"born_in_chaos_v1:orbofthe_summoner":1,"born_in_chaos_v1:ethereal_spirit":10,"minecraft:dandelion":3,"minecraft:gravel":2,"born_in_chaos_v1:dark_rod":2,"minecraft:sand":19,"sons_of_sins:ribs":4,"minecraft:blast_furnace":1,"minecraft:white_bed":1,"minecraft:dark_oak_log":6,"minecraft:spider_eye":4,"sons_of_sins:flesh_of_demise":14,"born_in_chaos_v1:fire_dust":1,"minecraft:dead_brain_coral_block":1,"minecraft:granite":1,"minecraft:cherry_sapling":19,"minecraft:gray_wool":1,"minecraft:emerald":3,"minecraft:bread":1,"alexsmobs:maggot":3,"minecraft:oak_sapling":48,"minecraft:black_wool":4,"sons_of_sins:flesh_pickaxe":1,"minecraft:coal":305},"minecraft:crafted":{"sons_of_sins:remnant_helmet":1,"minecraft:cherry_planks":4,"minecraft:wooden_sword":1,"minecraft:oak_planks":40,"sons_of_sins:osseous_sword":1,"minecraft:furnace":2,"sons_of_sins:remnant_chestplate":1,"minecraft:stone":11,"minecraft:bone_meal":12,"minecraft:cooked_mutton":10,"sons_of_sins:osseous_pickaxe":1,"minecraft:glass":19,"born_in_chaos_v1:bone_handle":1,"minecraft:stone_pickaxe":1,"minecraft:chest":2,"sons_of_sins:flesh_carcass":1,"minecraft:dark_oak_planks":8,"sons_of_sins:shape_shifting_tool":1,"sophisticatedbackpacks:iron_backpack":1,"minecraft:cooked_beef":16,"sons_of_sins:ether_sword":1,"minecraft:glass_bottle":6,"sons_of_sins:soul_steel":4,"sophisticatedbackpacks:backpack":1,"minecraft:cooked_porkchop":14,"minecraft:crafting_table":3,"minecraft:wooden_pickaxe":1,"minecraft:baked_potato":3,"sons_of_sins:iron_and_ether":4,"sons_of_sins:blood_bucket":1,"sophisticatedbackpacks:gold_backpack":1,"minecraft:gold_block":2,"minecraft:bucket":1,"minecraft:birch_planks":8,"sons_of_sins:sickle_of_struggle":1,"minecraft:stone_axe":1,"minecraft:air":0,"born_in_chaos_v1:spiritual_dust":24,"justhammers:stone_hammer":3,"sons_of_sins:remnant_leggings":1,"sons_of_sins:remnant_boots":1,"minecraft:stick":4,"minecraft:flint":2,"minecraft:iron_ingot":86,"minecraft:wooden_axe":2,"minecraft:iron_block":9,"minecraft:stone_sword":2,"minecraft:gold_ingot":9,"minecraft:light_gray_dye":3,"minecraft:white_bed":1,"minecraft:torch":20,"born_in_chaos_v1:staffof_magic_arrows":1},"minecraft:broken":{"minecraft:stone_sword":1,"minecraft:stone_pickaxe":1,"minecraft:wooden_axe":1},"minecraft:mined":{"minecraft:white_bed":1,"minecraft:oak_sapling":7,"minecraft:dark_oak_leaves":2,"minecraft:cherry_log":2,"minecraft:cherry_sapling":1,"minecraft:potted_crimson_fungus":1,"minecraft:brewing_stand":1,"minecraft:granite":1,"minecraft:grass_block":9,"born_in_chaos_v1:black_argillite":1,"minecraft:oxeye_daisy":2,"minecraft:spawner":14,"minecraft:furnace":3,"minecraft:iron_ore":45,"minecraft:andesite":1,"minecraft:gold_block":1,"minecraft:cave_vines":2,"minecraft:deepslate_iron_ore":4,"minecraft:stone":71,"minecraft:iron_block":2,"minecraft:white_wool":2,"minecraft:powder_snow":9,"minecraft:crafting_table":6,"minecraft:torch":2,"minecraft:blast_furnace":1,"minecraft:emerald_ore":3,"minecraft:tall_grass":13,"minecraft:cobblestone":6,"minecraft:oak_planks":4,"minecraft:wall_torch":12,"minecraft:skeleton_skull":1,"minecraft:pink_petals":5,"minecraft:chain":4,"minecraft:birch_log":1,"minecraft:grass":27,"minecraft:dead_brain_coral_block":1,"minecraft:coal_ore":149,"minecraft:oak_log":3,"minecraft:cherry_leaves":1,"minecraft:gravel":2,"minecraft:sand":19,"minecraft:dirt":24,"minecraft:cobweb":7,"minecraft:oak_leaves":10},"minecraft:dropped":{"minecraft:iron_ingot":49,"minecraft:bread":1,"minecraft:cooked_beef":3,"sons_of_sins:ether_ashes":6,"minecraft:bone":1,"sons_of_sins:osseous_pickaxe":1,"sons_of_sins:osseous_sword":1}},"DataVersion":3465}