{"stats":{"minecraft:killed_by":{"minecraft:creeper":3,"minecraft:pillager":1,"minecraft:vindicator":1,"minecraft:witch":1,"artifacts:mimic":1,"minecraft:zombie":2,"mythicmounts:dragon":1,"minecraft:skeleton":3},"minecraft:broken":{"minecraft:iron_chestplate":1,"minecraft:stone_pickaxe":2,"minecraft:stone_axe":5,"spartanweaponry:iron_scythe":1,"minecraft:wooden_axe":1,"minecraft:stone_shovel":1,"ancient_elements:tin_hammer":1,"ancient_elements:steel_hammer":3,"minecraft:iron_axe":2,"minecraft:iron_pickaxe":2,"minecraft:golden_pickaxe":1},"minecraft:killed":{"minecraft:cave_spider":11,"minecraft:witch":3,"mythicmounts:dragon":1,"minecraft:spider":30,"minecraft:skeleton":62,"knightquest:swampman":3,"minecraft:chicken":14,"irons_spellbooks:summoned_skeleton":3,"artifacts:mimic":5,"minecraft:pig":30,"minecraft:zombie_villager":2,"irons_spellbooks:necromancer":2,"minecraft:creeper":36,"minecraft:sheep":10,"minecraft:pillager":4,"minecraft:zombie":132,"minecraft:cow":42,"irons_spellbooks:summoned_zombie":5,"minecraft:vindicator":3,"minecraft:husk":4,"knightquest:ratman":3,"minecraft:bat":1,"minecraft:villager":7,"minecraft:enderman":1},"minecraft:picked_up":{"regions_unexplored:small_oak_log":9,"minecraft:iron_chestplate":2,"cgm:basic_bullet":64,"minecraft:chainmail_boots":1,"minecraft:creeper_head":5,"regions_unexplored:magnolia_log":22,"minecraft:smithing_table":1,"minecraft:potion":1,"minecraft:stone_brick_stairs":11,"minecraft:crimson_planks":50,"ancient_elements:raw_palladium":45,"minecraft:amethyst_block":62,"alltheores:raw_lead_block":2,"minecraft:string":66,"minecraft:raw_copper":121,"minecraft:iron_leggings":3,"minecraft:zombie_head":19,"minecraft:beetroot":2,"irons_spellbooks:arcane_essence":4,"minecraft:cobbled_deepslate":11694,"regions_unexplored:bamboo_sapling":2,"minecraft:calcite":9,"cgm:advanced_bullet":64,"spartanweaponry:iron_flanged_mace":1,"minecraft:iron_boots":2,"minecraft:furnace":10,"regions_unexplored:redwood_log":122,"minecraft:stick":265,"artifacts:universal_attractor":1,"apotheosis:gem":10,"minecraft:torch":85,"minecraft:porkchop":55,"minecraft:cherry_log":630,"minecraft:diorite":124,"minecraft:black_dye":1,"regions_unexplored:pink_magnolia_sapling":1,"minecraft:stone_sword":1,"minecraft:rotten_flesh":132,"alltheores:silver_ingot":4,"minecraft:cobblestone":2252,"minecraft:pink_petals":10,"minecraft:leather_chestplate":1,"minecraft:feather":17,"minecraft:cherry_planks":72,"minecraft:andesite":185,"minecraft:water_bucket":1,"minecraft:jungle_log":72,"regions_unexplored:cherry_shrub":1,"minecraft:potato":1,"ancient_elements:raw_lead":7,"minecraft:flint":2,"minecraft:tuff":1024,"minecraft:cherry_fence":2,"cgm:heavy_rifle":1,"minecraft:cherry_door":2,"minecraft:lapis_lazuli":150,"minecraft:dirt":845,"minecraft:lantern":1,"artifacts:shock_pendant":1,"minecraft:leather_boots":1,"alltheores:raw_tin":99,"minecraft:bone":69,"minecraft:wheat_seeds":62,"minecraft:bow":7,"regions_unexplored:magnolia_planks":10,"minecraft:moss_block":4,"minecraft:raw_gold":167,"minecraft:mossy_stone_bricks":2,"minecraft:rabbit":1,"minecraft:glowstone_dust":14,"alltheores:raw_nickel_block":2,"minecraft:oak_planks":4,"regions_unexplored:bamboo_log":20,"alltheores:raw_lead":6,"minecraft:sand":42,"minecraft:jungle_planks":1,"cgm:pistol":1,"minecraft:light_gray_concrete":3,"alltheores:raw_nickel":30,"cgm:stun_grenade":6,"minecraft:diamond":70,"artifacts:crystal_heart":1,"alltheores:raw_aluminum":8,"knightquest:small_essence":42,"minecraft:granite":124,"minecraft:chainmail_helmet":1,"minecraft:emerald":7,"minecraft:bread":4,"ancient_elements:raw_jungle_steel":96,"minecraft:oak_sapling":71,"minecraft:cherry_slab":20,"alltheores:raw_platinum":96,"minecraft:cocoa_beans":9,"minecraft:coarse_dirt":3,"minecraft:crafting_table":43,"minecraft:chicken":14,"minecraft:clay_ball":12,"irons_spellbooks:tarnished_helmet":1,"spartanweaponry:husk_head":2,"minecraft:turtle_helmet":1,"spartanweaponry:cave_spider_head":1,"minecraft:stripped_cherry_log":7,"minecraft:shield":1,"minecraft:red_bed":7,"minecraft:moss_carpet":3,"minecraft:cracked_stone_bricks":3,"minecraft:candle":4,"improvableskills:scroll_normal":21,"minecraft:beef":97,"spartanweaponry:leather_longbow":1,"minecraft:jungle_sapling":3,"minecraft:iron_nugget":1,"minecraft:sugar_cane":29,"minecraft:chest":2,"minecraft:egg":11,"minecraft:raw_iron":214,"ancient_elements:raw_steel":62,"minecraft:stone":3,"minecraft:cherry_stairs":16,"alltheores:raw_zinc":11,"minecraft:copper_ingot":189,"minecraft:flowering_azalea_leaves":40,"sophisticatedbackpacks:backpack":2,"alltheores:raw_platinum_block":7,"ancient_elements:raw_tin":25,"spartanweaponry:spider_head":7,"minecraft:carrot":3,"minecraft:redstone":671,"minecraft:cherry_fence_gate":1,"minecraft:arrow":74,"regions_unexplored:mauve_sapling":2,"spartanweaponry:illager_head":1,"sophisticatedbackpacks:copper_backpack":1,"minecraft:glow_berries":1,"artifacts:cross_necklace":1,"minecraft:gold_ingot":15,"alltheores:raw_osmium":44,"minecraft:crimson_slab":6,"minecraft:mutton":14,"minecraft:rail":1,"minecraft:skeleton_skull":13,"minecraft:white_wool":9,"minecraft:oxeye_daisy":1,"minecraft:stripped_oak_log":1,"minecraft:glow_ink_sac":3,"minecraft:leather":40,"minecraft:oak_log":123,"minecraft:gunpowder":35,"regions_unexplored:small_oak_sapling":2,"minecraft:stone_bricks":28,"minecraft:apple":3,"minecraft:kelp":4,"artifacts:whoopee_cushion":1,"minecraft:iron_ingot":36,"regions_unexplored:redwood_sapling":4,"ancient_elements:tin_hammer":1,"artifacts:kitty_slippers":1,"artifacts:obsidian_skull":1,"minecraft:smooth_basalt":4,"regions_unexplored:white_magnolia_sapling":5,"minecraft:sweet_berries":2,"minecraft:dandelion":1,"minecraft:gravel":40,"minecraft:crimson_stairs":32,"minecraft:white_bed":1,"minecraft:spider_eye":11,"minecraft:leather_helmet":1,"minecraft:chainmail_leggings":2,"minecraft:iron_helmet":3,"alltheores:raw_uranium_block":1,"minecraft:cherry_sapling":339,"alltheores:raw_silver":77,"minecraft:black_wool":2,"alltheores:raw_silver_block":1,"minecraft:coal":314,"minecraft:sunflower":4,"minecraft:ender_pearl":1},"minecraft:dropped":{"alltheores:raw_silver":11,"alltheores:raw_nickel":28,"minecraft:cooked_porkchop":13,"alltheores:raw_zinc":8,"ancient_elements:raw_lead":5,"minecraft:dirt":322,"minecraft:crimson_roots":64,"minecraft:jungle_sapling":3,"minecraft:sunflower":1,"minecraft:white_wool":1,"minecraft:gravel":1,"minecraft:iron_nugget":1,"minecraft:cobbled_deepslate":2511,"minecraft:rotten_flesh":55,"minecraft:oak_planks":64,"minecraft:azure_bluet":1,"ancient_elements:raw_tin":1,"patchouli:guide_book":1,"minecraft:gunpowder":2,"spartanweaponry:stone_boomerang":1,"minecraft:skeleton_skull":2,"improvableskills:scroll_normal":7,"minecraft:arrow":24,"alltheores:raw_nickel_block":2,"minecraft:crimson_planks":50,"minecraft:bread":4,"regions_unexplored:magnolia_planks":1,"minecraft:wheat_seeds":43,"minecraft:cobblestone":340,"minecraft:feather":2,"minecraft:lead":1,"minecraft:granite":49,"minecraft:cobweb":3,"minecraft:diorite":24,"spartanweaponry:wooden_club":1,"spartanweaponry:spider_head":2,"alltheores:raw_aluminum":3,"minecraft:bucket":1,"minecraft:string":14,"minecraft:smooth_basalt":4,"minecraft:kelp":4,"minecraft:stone_sword":1,"minecraft:raw_copper":9,"minecraft:cocoa_beans":9,"alltheores:raw_osmium":41,"minecraft:tuff":396,"minecraft:clay_ball":12,"sophisticatedbackpacks:backpack":1,"minecraft:cherry_slab":3,"regions_unexplored:bamboo_sapling":2,"minecraft:andesite":57,"minecraft:oak_sapling":16,"minecraft:bow":4,"minecraft:wooden_pickaxe":1,"cgm:stun_grenade":2,"minecraft:calcite":9,"ancient_elements:tin_hammer":1},"minecraft:used":{"minecraft:cherry_sapling":77,"minecraft:moss_carpet":3,"minecraft:chest":28,"minecraft:iron_sword":68,"minecraft:creeper_head":1,"ancient_elements:tin_hammer":203,"minecraft:jungle_planks":1,"minecraft:tuff":8,"minecraft:lava_bucket":4,"minecraft:lantern":26,"spartanweaponry:leather_longbow":3,"minecraft:stone_brick_stairs":19,"minecraft:stone_bricks":153,"minecraft:sweet_berries":2,"minecraft:oak_sapling":39,"minecraft:furnace":14,"regions_unexplored:small_oak_sapling":2,"minecraft:skeleton_skull":2,"minecraft:egg":10,"minecraft:potato":14,"cgm:heavy_rifle":45,"regions_unexplored:redwood_sapling":4,"minecraft:diorite":12,"minecraft:oak_planks":4,"minecraft:stone_pickaxe":263,"minecraft:wooden_pickaxe":16,"minecraft:blast_furnace":3,"spartanweaponry:iron_flanged_mace":70,"spartanweaponry:spider_head":1,"regions_unexplored:cherry_shrub":1,"minecraft:stone_brick_wall":2,"minecraft:zombie_head":2,"minecraft:bread":25,"spartanweaponry:aluminum_scythe":258,"minecraft:flowering_azalea_leaves":10,"minecraft:smithing_table":1,"minecraft:andesite":25,"minecraft:stripped_cherry_log":1,"minecraft:coarse_dirt":3,"minecraft:bone_meal":41,"minecraft:golden_pickaxe":17,"spartanweaponry:iron_scythe":273,"minecraft:oak_fence":3,"minecraft:armor_stand":2,"minecraft:stone_shovel":358,"minecraft:cooked_chicken":13,"minecraft:torch":177,"minecraft:dirt":486,"cgm:workbench":1,"minecraft:cobblestone_wall":1,"spartanweaponry:husk_head":2,"minecraft:granite":4,"minecraft:wooden_axe":65,"minecraft:iron_axe":171,"minecraft:cherry_slab":88,"minecraft:jungle_log":28,"minecraft:crimson_slab":43,"minecraft:crimson_planks":58,"ancient_elements:steel_hammer":1914,"minecraft:cherry_fence_gate":3,"minecraft:barrel":6,"spartanweaponry:aluminum_boomerang":118,"minecraft:glowstone":18,"spartanweaponry:tin_scythe":190,"minecraft:cherry_fence":31,"minecraft:cooked_beef":34,"minecraft:white_stained_glass_pane":37,"minecraft:cherry_log":343,"minecraft:bamboo_planks":22,"minecraft:cobbled_deepslate":242,"minecraft:cooked_mutton":12,"minecraft:water_bucket":25,"minecraft:chiseled_bookshelf":9,"cgm:pistol":62,"minecraft:lead":1,"cgm:stun_grenade":4,"minecraft:cherry_planks":542,"minecraft:crafting_table":51,"minecraft:red_bed":6,"minecraft:white_bed":2,"minecraft:light_gray_concrete_powder":3,"regions_unexplored:magnolia_planks":40,"minecraft:smoker":3,"alltheores:raw_uranium_block":1,"minecraft:black_wool":1,"minecraft:apple":2,"minecraft:oxeye_daisy":1,"minecraft:cherry_door":5,"minecraft:iron_pickaxe":538,"minecraft:map":2,"spartanweaponry:wooden_club":66,"minecraft:stone_axe":214,"minecraft:cobblestone":254,"minecraft:cherry_stairs":137,"minecraft:azalea_leaves":18,"minecraft:purple_bed":1,"minecraft:crimson_stairs":198,"minecraft:cooked_porkchop":39,"minecraft:bucket":30,"minecraft:dandelion":1,"minecraft:purple_carpet":8},"minecraft:mined":{"minecraft:white_bed":1,"minecraft:oak_sapling":4,"minecraft:cherry_log":47,"regions_unexplored:magnolia_log":3,"minecraft:jungle_leaves":1,"alltheores:deepslate_aluminum_ore":2,"minecraft:granite":21,"minecraft:grass_block":238,"minecraft:jungle_log":28,"minecraft:spawner":2,"minecraft:glowstone":5,"minecraft:iron_ore":56,"minecraft:cobbled_deepslate":5,"minecraft:moss_carpet":1,"ancient_elements:tin_ore":7,"minecraft:deepslate_lapis_ore":7,"minecraft:cave_vines":1,"minecraft:dirt_path":3,"minecraft:light_gray_concrete":3,"minecraft:azalea_leaves":18,"minecraft:deepslate_redstone_ore":34,"regions_unexplored:white_magnolia_sapling":1,"minecraft:red_bed":7,"minecraft:clay":2,"minecraft:torch":30,"minecraft:calcite":4,"alltheores:raw_uranium_block":1,"minecraft:chest":2,"minecraft:white_stained_glass_pane":1,"regions_unexplored:pink_magnolia_sapling":2,"ancient_elements:cloud":1,"minecraft:cobblestone":2,"minecraft:oak_planks":4,"minecraft:sugar_cane":4,"alltheores:deepslate_nickel_ore":5,"regions_unexplored:bamboo_log":2,"minecraft:crimson_stairs":34,"minecraft:wall_torch":48,"minecraft:cherry_slab":17,"ancient_elements:deepslate_steel_ore":5,"minecraft:amethyst_block":19,"minecraft:pink_petals":5,"minecraft:skeleton_skull":1,"minecraft:cherry_fence":1,"alltheores:deepslate_osmium_ore":5,"minecraft:cherry_door":2,"alltheores:tin_ore":90,"minecraft:stone_brick_stairs":11,"minecraft:grass":103,"regions_unexplored:cherry_shrub":1,"minecraft:oak_log":21,"alltheores:raw_silver_block":1,"minecraft:sand":42,"minecraft:dirt":102,"regions_unexplored:small_oak_sapling":1,"alltheores:raw_platinum_block":4,"minecraft:crimson_planks":1,"ancient_elements:jungle_steel_ore":28,"minecraft:smooth_basalt":2,"minecraft:oak_leaves":26,"minecraft:deepslate":1541,"minecraft:tuff":130,"alltheores:zinc_ore":8,"minecraft:candle":1,"minecraft:deepslate_diamond_ore":21,"minecraft:cherry_sapling":19,"minecraft:stripped_cherry_log":8,"minecraft:chiseled_bookshelf":1,"minecraft:jungle_planks":1,"alltheores:deepslate_silver_ore":42,"minecraft:moss_block":6,"alltheores:deepslate_tin_ore":2,"minecraft:large_fern":1,"minecraft:furnace":10,"minecraft:jungle_sapling":2,"ancient_elements:deepslate_jungle_steel_ore":10,"minecraft:andesite":11,"minecraft:deepslate_iron_ore":49,"minecraft:vine":10,"ancient_elements:palladium_ore":17,"minecraft:lantern":1,"minecraft:stripped_oak_log":1,"alltheores:silver_ore":5,"minecraft:cherry_stairs":17,"regions_unexplored:medium_grass":8,"alltheores:aluminum_ore":5,"regions_unexplored:small_oak_log":1,"minecraft:stone":397,"regions_unexplored:redwood_log":2,"minecraft:cherry_fence_gate":1,"regions_unexplored:windswept_grass":5,"minecraft:smithing_table":1,"minecraft:podzol":1,"ancient_elements:steel_ore":19,"minecraft:cherry_planks":75,"minecraft:crafting_table":43,"minecraft:crimson_slab":6,"minecraft:copper_ore":44,"minecraft:tall_grass":17,"minecraft:lapis_ore":1,"minecraft:deepslate_gold_ore":80,"minecraft:diorite":11,"minecraft:coarse_dirt":3,"regions_unexplored:sandy_grass":1,"minecraft:coal_ore":145,"spartanweaponry:husk_head":1,"minecraft:sunflower":3,"minecraft:gravel":44,"minecraft:cobweb":15,"minecraft:stone_bricks":23,"minecraft:mossy_stone_bricks":1,"alltheores:deepslate_zinc_ore":2,"regions_unexplored:magnolia_planks":12,"minecraft:fern":21,"alltheores:raw_lead_block":1},"minecraft:crafted":{"minecraft:light_gray_concrete_powder":8,"minecraft:oak_planks":196,"minecraft:smooth_stone":29,"minecraft:barrel":6,"minecraft:purple_bed":1,"minecraft:cherry_slab":102,"minecraft:cooked_chicken":13,"minecraft:stone":203,"minecraft:cooked_mutton":12,"spartanweaponry:tin_scythe":1,"alltheores:tin_ingot":34,"improvableskills:skills_book":1,"minecraft:chest":28,"alltheores:raw_lead":9,"minecraft:stone_bricks":156,"minecraft:oak_fence":3,"minecraft:cherry_fence":30,"minecraft:cooked_rabbit":1,"minecraft:smoker":3,"knightquest:great_essence":3,"minecraft:emerald":21,"sophisticatedbackpacks:backpack":2,"minecraft:cooked_porkchop":52,"minecraft:crafting_table":10,"minecraft:wooden_pickaxe":1,"alltheores:raw_silver":9,"spartanweaponry:wooden_club":1,"minecraft:copper_ingot":120,"ancient_elements:tin_ingot":6,"ancient_elements:steel_hammer":4,"minecraft:stone_brick_stairs":8,"minecraft:bamboo_planks":40,"minecraft:book":2,"minecraft:paper":9,"minecraft:charcoal":69,"sophisticatedbackpacks:diamond_backpack":1,"minecraft:stick":40,"minecraft:iron_ingot":264,"minecraft:iron_pickaxe":1,"minecraft:gold_ingot":192,"minecraft:light_gray_dye":3,"minecraft:cherry_planks":833,"minecraft:saddle":1,"minecraft:stone_shovel":4,"minecraft:stone_brick_wall":6,"minecraft:smooth_stone_slab":6,"minecraft:iron_nugget":207,"alltheores:aluminum_ingot":5,"ancient_elements:steel_ingot":36,"minecraft:furnace":11,"minecraft:blast_furnace":3,"minecraft:bone_meal":93,"minecraft:lantern":25,"minecraft:iron_axe":2,"minecraft:cherry_stairs":124,"minecraft:stone_pickaxe":2,"minecraft:chiseled_bookshelf":9,"minecraft:cobblestone_wall":6,"spartanweaponry:aluminum_boomerang":1,"cgm:workbench":1,"regions_unexplored:magnolia_planks":68,"minecraft:lead":4,"minecraft:cooked_beef":94,"spartanweaponry:aluminum_scythe":1,"minecraft:cherry_fence_gate":2,"sophisticatedbackpacks:iron_backpack":2,"spartanweaponry:pole":2,"sophisticatedbackpacks:gold_backpack":2,"minecraft:bucket":1,"minecraft:stone_axe":5,"minecraft:jungle_slab":12,"minecraft:air":0,"minecraft:jungle_planks":176,"ancient_elements:tin_hammer":1,"minecraft:crimson_stairs":56,"regions_unexplored:redwood_planks":4,"minecraft:white_dye":6,"minecraft:flint":64,"alltheores:raw_platinum":36,"minecraft:wooden_axe":2,"minecraft:cherry_door":3,"minecraft:armor_stand":2,"minecraft:white_bed":2,"minecraft:torch":176},"minecraft:custom":{"minecraft:interact_with_crafting_table":205,"minecraft:open_barrel":42,"goblintraders:trade_with_goblin":181,"minecraft:leave_game":2,"minecraft:time_since_death":30997,"minecraft:damage_resisted":0,"minecraft:sprint_one_cm":1280900,"minecraft:drop":176,"minecraft:talked_to_villager":23,"minecraft:play_time":948575,"minecraft:deaths":19,"minecraft:jump":5030,"minecraft:interact_with_brewingstand":1,"minecraft:walk_on_water_one_cm":139686,"minecraft:interact_with_furnace":201,"minecraft:interact_with_cartography_table":2,"minecraft:sleep_in_bed":24,"minecraft:damage_dealt":66470,"minecraft:player_kills":2,"minecraft:crouch_one_cm":106478,"minecraft:interact_with_smoker":34,"minecraft:horse_one_cm":7501768,"minecraft:interact_with_smithing_table":5,"minecraft:mob_kills":437,"minecraft:damage_dealt_resisted":439,"minecraft:climb_one_cm":7422,"minecraft:walk_one_cm":3583690,"minecraft:damage_dealt_absorbed":148,"minecraft:sneak_time":31962,"minecraft:walk_under_water_one_cm":55344,"minecraft:interact_with_blast_furnace":112,"minecraft:total_world_time":948575,"minecraft:interact_with_stonecutter":1,"minecraft:time_since_rest":31028,"minecraft:damage_taken":16155,"minecraft:trigger_trapped_chest":2,"minecraft:swim_one_cm":38456,"minecraft:fly_one_cm":385150,"minecraft:open_chest":191,"minecraft:fall_one_cm":112186}},"DataVersion":3465}