{"stats":{"minecraft:broken":{"minecraft:stone_sword":1,"minecraft:stone_pickaxe":1,"minecraft:wooden_axe":1},"minecraft:killed":{"born_in_chaos_v1:zombie_lumberjack":2,"born_in_chaos_v1:restless_spirit":1,"alexsmobs:raccoon":2,"minecraft:spider":2,"born_in_chaos_v1:maggot":5,"minecraft:skeleton":6,"born_in_chaos_v1:firelight_not_despawn":1,"minecraft:pig":5,"born_in_chaos_v1:baby_skeleton":1,"born_in_chaos_v1:decrepit_skeleton":1,"minecraft:sheep":9,"minecraft:zombie":19,"born_in_chaos_v1:corpse_fly":2,"alexsmobs:fly":2,"born_in_chaos_v1:door_knight":1,"minecraft:villager":3,"minecraft:cow":8},"minecraft:mined":{"minecraft:white_bed":1,"minecraft:oak_sapling":7,"minecraft:cherry_log":2,"minecraft:cherry_sapling":1,"minecraft:granite":1,"minecraft:grass_block":5,"born_in_chaos_v1:black_argillite":1,"minecraft:oxeye_daisy":2,"minecraft:spawner":1,"minecraft:furnace":3,"minecraft:iron_ore":39,"minecraft:andesite":1,"minecraft:cave_vines":2,"minecraft:deepslate_iron_ore":4,"minecraft:stone":68,"minecraft:powder_snow":5,"minecraft:crafting_table":5,"minecraft:torch":2,"minecraft:blast_furnace":1,"minecraft:tall_grass":7,"minecraft:wall_torch":2,"minecraft:grass":15,"minecraft:coal_ore":110,"minecraft:oak_log":3,"minecraft:cherry_leaves":1,"minecraft:sand":19,"minecraft:gravel":2,"minecraft:dirt":22,"minecraft:oak_leaves":3},"minecraft:dropped":{"minecraft:iron_ingot":49,"sons_of_sins:ether_ashes":6,"sons_of_sins:osseous_pickaxe":1,"sons_of_sins:osseous_sword":1},"minecraft:crafted":{"sons_of_sins:remnant_helmet":1,"minecraft:cherry_planks":4,"minecraft:wooden_sword":1,"minecraft:oak_planks":28,"sons_of_sins:osseous_sword":1,"minecraft:furnace":1,"sons_of_sins:remnant_chestplate":1,"minecraft:stone":11,"minecraft:cooked_mutton":8,"sons_of_sins:osseous_pickaxe":1,"minecraft:glass":19,"minecraft:stone_pickaxe":1,"minecraft:chest":1,"sons_of_sins:shape_shifting_tool":1,"sophisticatedbackpacks:iron_backpack":1,"minecraft:cooked_beef":9,"sons_of_sins:ether_sword":1,"minecraft:glass_bottle":6,"sons_of_sins:soul_steel":4,"sophisticatedbackpacks:backpack":1,"minecraft:crafting_table":2,"minecraft:wooden_pickaxe":1,"sons_of_sins:iron_and_ether":4,"sons_of_sins:blood_bucket":1,"minecraft:bucket":1,"sons_of_sins:sickle_of_struggle":1,"minecraft:stone_axe":1,"minecraft:air":0,"justhammers:stone_hammer":3,"sons_of_sins:remnant_leggings":1,"sons_of_sins:remnant_boots":1,"minecraft:stick":4,"minecraft:flint":2,"minecraft:iron_ingot":76,"minecraft:wooden_axe":2,"minecraft:stone_sword":2,"minecraft:light_gray_dye":3,"minecraft:torch":20},"minecraft:custom":{"minecraft:mob_kills":71,"minecraft:interact_with_crafting_table":43,"goblintraders:trade_with_goblin":31,"minecraft:bell_ring":1,"minecraft:damage_dealt_resisted":1035,"minecraft:time_since_death":50829,"minecraft:sprint_one_cm":250750,"minecraft:walk_one_cm":518715,"minecraft:drop":10,"minecraft:talked_to_villager":6,"minecraft:play_time":143207,"minecraft:deaths":2,"minecraft:sneak_time":1414,"minecraft:walk_under_water_one_cm":4304,"minecraft:jump":1128,"minecraft:interact_with_blast_furnace":1,"minecraft:walk_on_water_one_cm":20879,"minecraft:total_world_time":143207,"minecraft:interact_with_furnace":40,"minecraft:sleep_in_bed":1,"minecraft:time_since_rest":19946,"minecraft:damage_taken":1783,"minecraft:damage_dealt":9621,"minecraft:fly_one_cm":49073,"minecraft:swim_one_cm":3214,"minecraft:open_chest":41,"minecraft:crouch_one_cm":1324,"minecraft:fall_one_cm":10635},"minecraft:used":{"minecraft:stone_sword":144,"born_in_chaos_v1:black_argillite":1,"minecraft:torch":18,"minecraft:dirt":8,"minecraft:carrot":2,"minecraft:golden_shovel":3,"minecraft:granite":1,"born_in_chaos_v1:corpse_maggot":2,"minecraft:wooden_axe":18,"alexsmobs:maggot":1,"minecraft:furnace":4,"minecraft:oak_sapling":48,"minecraft:cooked_beef":3,"minecraft:cooked_mutton":8,"minecraft:stone_pickaxe":131,"minecraft:wooden_pickaxe":26,"sons_of_sins:blood_bucket":1,"minecraft:glow_berries":8,"minecraft:crafting_table":6,"sons_of_sins:osseous_sword":70,"sons_of_sins:osseous_pickaxe":71,"minecraft:blast_furnace":1,"minecraft:white_bed":1,"minecraft:apple":2,"minecraft:bread":7,"minecraft:gravel":1,"justhammers:stone_hammer":180,"minecraft:stone_axe":32,"minecraft:wooden_sword":10,"minecraft:cobblestone":60,"sons_of_sins:sickle_of_struggle":5,"minecraft:andesite":1},"minecraft:picked_up":{"minecraft:crafting_table":6,"minecraft:lead":2,"sons_of_sins:soul_steel":32,"born_in_chaos_v1:black_argillite":1,"minecraft:cornflower":2,"minecraft:string":6,"sons_of_sins:osseous_sword":1,"sons_of_sins:flesh_sword":1,"minecraft:beef":25,"sons_of_sins:crystallized_ether":6,"minecraft:furnace":3,"minecraft:raw_iron":60,"minecraft:stick":35,"minecraft:torch":12,"minecraft:porkchop":12,"minecraft:cherry_log":33,"minecraft:diorite":1,"minecraft:carrot":1,"sons_of_sins:ether_ashes":59,"minecraft:arrow":13,"minecraft:rotten_flesh":39,"sons_of_sins:heart":1,"minecraft:mutton":15,"minecraft:white_wool":12,"minecraft:cobblestone":1359,"minecraft:oxeye_daisy":3,"born_in_chaos_v1:corpse_maggot":4,"minecraft:leather_chestplate":1,"minecraft:andesite":1,"minecraft:leather":9,"minecraft:potato":1,"minecraft:flint":2,"minecraft:oak_log":85,"minecraft:gunpowder":24,"minecraft:dirt":30,"sons_of_sins:osseous_pickaxe":1,"minecraft:bone":17,"minecraft:apple":7,"minecraft:wheat_seeds":3,"minecraft:iron_ingot":79,"minecraft:cobweb":1,"born_in_chaos_v1:ethereal_spirit":2,"minecraft:dandelion":3,"minecraft:gravel":2,"minecraft:sand":19,"minecraft:blast_furnace":1,"minecraft:white_bed":1,"minecraft:spider_eye":1,"born_in_chaos_v1:fire_dust":1,"minecraft:granite":1,"minecraft:cherry_sapling":19,"minecraft:gray_wool":1,"alexsmobs:maggot":3,"minecraft:oak_sapling":48,"minecraft:black_wool":1,"sons_of_sins:flesh_pickaxe":1,"minecraft:coal":266},"minecraft:killed_by":{"minecraft:creeper":1,"alexsmobs:grizzly_bear":1}},"DataVersion":3465}