{"stats":{"minecraft:broken":{"minecraft:wooden_axe":1},"minecraft:killed":{"born_in_chaos_v1:restless_spirit":1,"born_in_chaos_v1:zombie_lumberjack":1,"born_in_chaos_v1:baby_skeleton":1,"minecraft:spider":2,"born_in_chaos_v1:decrepit_skeleton":1,"minecraft:skeleton":4,"minecraft:sheep":4,"minecraft:zombie":9,"alexsmobs:fly":1,"minecraft:cow":4},"minecraft:mined":{"minecraft:white_bed":1,"minecraft:oak_sapling":7,"minecraft:cherry_log":2,"minecraft:cherry_sapling":1,"minecraft:powder_snow":5,"minecraft:crafting_table":4,"minecraft:torch":1,"minecraft:blast_furnace":1,"minecraft:grass_block":1,"minecraft:tall_grass":6,"minecraft:oxeye_daisy":2,"minecraft:wall_torch":1,"minecraft:furnace":3,"minecraft:grass":12,"minecraft:oak_log":3,"minecraft:coal_ore":33,"minecraft:cherry_leaves":1,"minecraft:dirt":10,"minecraft:stone":30,"minecraft:oak_leaves":2},"minecraft:crafted":{"minecraft:wooden_sword":1,"minecraft:oak_planks":20,"minecraft:crafting_table":1,"minecraft:wooden_pickaxe":1,"minecraft:furnace":1,"minecraft:stone":11,"minecraft:stone_axe":1,"minecraft:cooked_mutton":8,"minecraft:air":0,"justhammers:stone_hammer":3,"minecraft:stick":4,"minecraft:stone_pickaxe":1,"minecraft:wooden_axe":2,"minecraft:stone_sword":1,"minecraft:light_gray_dye":3,"minecraft:torch":20},"minecraft:custom":{"minecraft:interact_with_furnace":18,"minecraft:mob_kills":29,"minecraft:interact_with_crafting_table":16,"minecraft:bell_ring":1,"minecraft:time_since_death":55037,"minecraft:time_since_rest":55068,"minecraft:sprint_one_cm":120896,"minecraft:damage_taken":1123,"minecraft:walk_one_cm":251659,"minecraft:damage_dealt":4520,"minecraft:swim_one_cm":3214,"minecraft:talked_to_villager":4,"minecraft:fly_one_cm":22828,"minecraft:open_chest":6,"minecraft:crouch_one_cm":619,"minecraft:play_time":59207,"minecraft:deaths":1,"minecraft:sneak_time":845,"minecraft:walk_under_water_one_cm":1222,"minecraft:jump":457,"minecraft:interact_with_blast_furnace":1,"minecraft:walk_on_water_one_cm":6405,"minecraft:total_world_time":59207,"minecraft:fall_one_cm":3199},"minecraft:used":{"minecraft:cooked_mutton":8,"minecraft:stone_sword":72,"minecraft:stone_pickaxe":39,"minecraft:wooden_pickaxe":26,"minecraft:torch":10,"minecraft:crafting_table":5,"minecraft:white_bed":1,"minecraft:wooden_axe":18,"minecraft:apple":2,"justhammers:stone_hammer":180,"minecraft:stone_axe":32,"minecraft:wooden_sword":10,"minecraft:cobblestone":22,"minecraft:oak_sapling":48,"minecraft:furnace":4},"minecraft:picked_up":{"minecraft:crafting_table":4,"minecraft:leather":1,"minecraft:potato":1,"minecraft:oak_log":85,"minecraft:cornflower":2,"minecraft:dirt":11,"minecraft:bone":7,"minecraft:apple":7,"minecraft:wheat_seeds":2,"minecraft:beef":7,"minecraft:furnace":3,"minecraft:stick":35,"minecraft:raw_iron":2,"minecraft:torch":2,"born_in_chaos_v1:ethereal_spirit":2,"minecraft:dandelion":3,"minecraft:cherry_log":32,"minecraft:blast_furnace":1,"minecraft:diorite":1,"minecraft:white_bed":1,"minecraft:spider_eye":1,"minecraft:arrow":5,"minecraft:rotten_flesh":8,"minecraft:cherry_sapling":19,"minecraft:gray_wool":1,"alexsmobs:maggot":2,"minecraft:oak_sapling":48,"minecraft:black_wool":1,"minecraft:mutton":8,"minecraft:coal":112,"minecraft:white_wool":2,"minecraft:cobblestone":1321,"minecraft:oxeye_daisy":3},"minecraft:killed_by":{"minecraft:creeper":1}},"DataVersion":3465}