{"stats":{"minecraft:killed":{"minecraft:cave_spider":21,"born_in_chaos_v1:restless_spirit":6,"born_in_chaos_v1:zombie_lumberjack":5,"born_in_chaos_v1:door_knight_not_despawn":2,"minecraft:spider":26,"born_in_chaos_v1:baby_skeleton_minion":12,"minecraft:skeleton":40,"alexsmobs:leafcutter_ant":1,"minecraft:chicken":7,"alexsmobs:capuchin_monkey":2,"born_in_chaos_v1:skeleton_thrasher":1,"alexsmobs:centipede_head":1,"born_in_chaos_v1:supreme_bonescaller_stage_2":1,"born_in_chaos_v1:firelight_not_despawn":1,"born_in_chaos_v1:bonescaller":2,"minecraft:pig":16,"alexsmobs:grizzly_bear":2,"minecraft:zombie_villager":1,"born_in_chaos_v1:diamond_termite":9,"minecraft:creeper":7,"minecraft:sheep":28,"minecraft:zombie":98,"born_in_chaos_v1:dread_hound":5,"born_in_chaos_v1:corpse_fly":12,"minecraft:stray":10,"alexsmobs:fly":4,"born_in_chaos_v1:door_knight":3,"minecraft:cow":24,"alexsmobs:raccoon":3,"alexsmobs:tasmanian_devil":2,"alexsmobs:sugar_glider":1,"born_in_chaos_v1:zombie_bruiser":2,"born_in_chaos_v1:maggot":33,"alexsmobs:gorilla":1,"alexsmobs:blue_jay":1,"minecraft:drowned":1,"born_in_chaos_v1:corpse_fish":10,"born_in_chaos_v1:barrel_zombie":1,"born_in_chaos_v1:fallen_chaos_knight":1,"born_in_chaos_v1:bone_imp_minion":13,"alexsmobs:skunk":1,"born_in_chaos_v1:baby_skeleton":2,"born_in_chaos_v1:swarmer":1,"minecraft:bat":1,"minecraft:squid":1,"born_in_chaos_v1:decrepit_skeleton":10,"born_in_chaos_v1:bloody_gadfly":3,"born_in_chaos_v1:bonescaller_not_despawn":2,"born_in_chaos_v1:dark_vortex":2,"alexsmobs:crow":2,"minecraft:villager":3},"minecraft:killed_by":{"minecraft:creeper":1,"minecraft:cave_spider":1,"alexsmobs:grizzly_bear":1,"minecraft:vex":1,"born_in_chaos_v1:dread_hound":1},"minecraft:used":{"minecraft:chest":2,"minecraft:iron_sword":4,"minecraft:carrot":13,"sons_of_sins:flesh_shovel":29,"born_in_chaos_v1:corpse_maggot":2,"born_in_chaos_v1:smoked_flesh":38,"sons_of_sins:remnant_helmet":1,"minecraft:dark_oak_slab":2,"minecraft:furnace":7,"minecraft:oak_sapling":48,"minecraft:egg":2,"minecraft:potato":3,"minecraft:diorite":6,"minecraft:stone_pickaxe":131,"minecraft:oak_planks":11,"minecraft:wooden_pickaxe":26,"sons_of_sins:blood_bucket":1,"sons_of_sins:remnant_chestplate":1,"minecraft:white_wool":2,"minecraft:glow_berries":8,"sons_of_sins:osseous_sword":70,"sons_of_sins:osseous_pickaxe":71,"minecraft:blast_furnace":1,"sons_of_sins:ether_sword":11,"minecraft:dark_oak_log":4,"minecraft:melon_slice":17,"minecraft:bread":22,"minecraft:gravel":5,"minecraft:diamond_sword":3,"minecraft:wooden_sword":10,"sons_of_sins:flesh_of_demise":1,"sons_of_sins:sickle_of_struggle":345,"minecraft:birch_log":1,"minecraft:andesite":7,"minecraft:chain":1,"minecraft:stone_sword":144,"born_in_chaos_v1:black_argillite":1,"minecraft:cooked_chicken":2,"minecraft:torch":52,"minecraft:dirt":46,"sons_of_sins:remnant_boots":1,"minecraft:golden_shovel":6,"minecraft:granite":2,"minecraft:wooden_axe":18,"alexsmobs:maggot":1,"minecraft:smooth_basalt":3,"minecraft:cooked_beef":25,"minecraft:cobbled_deepslate":12,"minecraft:cooked_mutton":23,"minecraft:birch_planks":1,"minecraft:baked_potato":4,"minecraft:crafting_table":12,"minecraft:white_bed":2,"sons_of_sins:heart":1,"sons_of_sins:flesh_sword":974,"minecraft:smoker":1,"sons_of_sins:flesh_pickaxe":368,"minecraft:cornflower":1,"minecraft:apple":16,"justhammers:stone_hammer":180,"minecraft:stone_axe":32,"sons_of_sins:remnant_leggings":1,"minecraft:cobblestone":163,"sons_of_sins:flesh_axe":18,"minecraft:cooked_porkchop":30},"minecraft:custom":{"minecraft:interact_with_crafting_table":94,"minecraft:open_barrel":48,"goblintraders:trade_with_goblin":31,"minecraft:bell_ring":1,"minecraft:leave_game":5,"minecraft:time_since_death":17737,"minecraft:sprint_one_cm":1425881,"minecraft:drop":39,"minecraft:talked_to_villager":6,"minecraft:play_time":492947,"minecraft:deaths":5,"minecraft:jump":4799,"minecraft:walk_on_water_one_cm":43739,"minecraft:interact_with_furnace":145,"minecraft:sleep_in_bed":3,"minecraft:damage_dealt":71785,"minecraft:player_kills":3,"minecraft:crouch_one_cm":3526,"minecraft:interact_with_smoker":32,"minecraft:mob_kills":471,"minecraft:damage_dealt_resisted":10206,"minecraft:climb_one_cm":1218,"minecraft:walk_one_cm":1971666,"minecraft:damage_dealt_absorbed":121,"minecraft:sneak_time":3299,"minecraft:walk_under_water_one_cm":13410,"minecraft:interact_with_blast_furnace":1,"minecraft:total_world_time":492947,"minecraft:time_since_rest":17768,"minecraft:damage_taken":10267,"minecraft:swim_one_cm":17783,"minecraft:fly_one_cm":352467,"minecraft:open_chest":143,"minecraft:fall_one_cm":54707},"minecraft:picked_up":{"minecraft:flower_pot":1,"minecraft:lead":2,"minecraft:potion":2,"born_in_chaos_v1:bloody_gadfly_eye":2,"sons_of_sins:muscle":16,"minecraft:brewing_stand":1,"sons_of_sins:soul_steel":79,"born_in_chaos_v1:black_argillite":2,"minecraft:string":87,"sons_of_sins:osseous_sword":1,"minecraft:cobbled_deepslate":12,"minecraft:bucket":1,"sons_of_sins:crystallized_ether":7,"minecraft:rose_bush":8,"minecraft:calcite":3,"alexsmobs:raccoon_tail":1,"minecraft:melon_slice":19,"minecraft:mangrove_log":1,"minecraft:furnace":4,"minecraft:tipped_arrow":2,"minecraft:stick":50,"born_in_chaos_v1:shattered_skull":2,"born_in_chaos_v1:phantom_powder":1,"minecraft:torch":40,"minecraft:porkchop":40,"minecraft:cherry_log":35,"minecraft:diorite":7,"sons_of_sins:flesh_shovel":2,"minecraft:rotten_flesh":164,"sons_of_sins:heart":18,"minecraft:iron_block":4,"sons_of_sins:bottle_of_blood":9,"sons_of_sins:shape_shifting_tool":3,"minecraft:snowball":29,"minecraft:cobblestone":1510,"minecraft:nautilus_shell":1,"minecraft:birch_log":17,"born_in_chaos_v1:staffof_magic_arrows":1,"minecraft:pink_petals":14,"minecraft:leather_chestplate":1,"minecraft:feather":14,"born_in_chaos_v1:spiritual_dust":4,"minecraft:andesite":8,"minecraft:potato":2,"alexsmobs:bear_fur":2,"sons_of_sins:urn":3,"minecraft:flint":3,"mobs_of_sins:capucin_monkey_heart":1,"minecraft:dirt":91,"sons_of_sins:osseous_pickaxe":1,"sons_of_sins:remnant_boots":3,"born_in_chaos_v1:monster_skin":2,"sons_of_sins:spider_heart":2,"minecraft:bone":118,"mobs_of_sins:nuisances_muscle":2,"minecraft:bow":2,"minecraft:wheat_seeds":13,"minecraft:raw_gold":4,"sons_of_sins:remnant_chestplate":3,"minecraft:oak_planks":3,"minecraft:cooked_porkchop":13,"minecraft:sand":19,"sons_of_sins:ribs":16,"minecraft:ink_sac":4,"minecraft:dark_oak_log":12,"sons_of_sins:flesh_of_demise":49,"sons_of_sins:creeper_ribs":3,"born_in_chaos_v1:fire_dust":1,"minecraft:dead_brain_coral_block":1,"minecraft:bone_meal":5,"minecraft:granite":2,"minecraft:bread":1,"minecraft:emerald":3,"alexsmobs:maggot":3,"minecraft:oak_sapling":53,"born_in_chaos_v1:rotten_fish":4,"minecraft:crafting_table":11,"sophisticatedbackpacks:gold_backpack":1,"born_in_chaos_v1:diamond_termite_shard":9,"minecraft:azure_bluet":1,"artifacts:night_vision_goggles":1,"minecraft:chicken":9,"born_in_chaos_v1:seedof_chaos":3,"sons_of_sins:flesh_carcass":2,"minecraft:gold_block":1,"minecraft:chain":5,"minecraft:cornflower":3,"sons_of_sins:ether_sword":1,"sons_of_sins:flesh_sword":4,"sons_of_sins:remnant_helmet":3,"minecraft:beef":58,"minecraft:poppy":2,"minecraft:birch_sapling":9,"sons_of_sins:sickle_of_struggle":2,"minecraft:egg":5,"minecraft:raw_iron":104,"sophisticatedbackpacks:backpack":1,"born_in_chaos_v1:pieceofdarkmetal":19,"minecraft:carrot":3,"alexsmobs:leafcutter_ant_pupa":1,"sons_of_sins:ether_ashes":548,"minecraft:arrow":73,"sophisticatedbackpacks:copper_backpack":1,"minecraft:mutton":42,"minecraft:skeleton_skull":1,"minecraft:white_wool":29,"minecraft:oxeye_daisy":3,"born_in_chaos_v1:corpse_maggot":32,"born_in_chaos_v1:monster_flesh":12,"minecraft:glow_ink_sac":3,"minecraft:leather":27,"minecraft:crimson_fungus":1,"minecraft:oak_log":124,"minecraft:gunpowder":31,"minecraft:apple":9,"minecraft:iron_ingot":83,"minecraft:cobweb":1,"minecraft:smooth_basalt":3,"minecraft:dark_oak_slab":2,"born_in_chaos_v1:orbofthe_summoner":1,"born_in_chaos_v1:ethereal_spirit":14,"minecraft:dandelion":4,"minecraft:gravel":13,"born_in_chaos_v1:dark_rod":4,"minecraft:blast_furnace":1,"minecraft:white_bed":1,"minecraft:spider_eye":19,"sons_of_sins:flesh_axe":3,"minecraft:cherry_sapling":19,"minecraft:gray_wool":1,"minecraft:baked_potato":1,"minecraft:black_wool":6,"sons_of_sins:remnant_leggings":1,"sons_of_sins:flesh_pickaxe":2,"minecraft:coal":408},"minecraft:crafted":{"sons_of_sins:remnant_helmet":2,"sons_of_sins:osseous_axe":1,"minecraft:oak_planks":44,"sons_of_sins:osseous_shovel":1,"sons_of_sins:soul_steel_block":2,"sons_of_sins:osseous_sword":2,"minecraft:cooked_chicken":7,"sons_of_sins:remnant_chestplate":2,"minecraft:stone":11,"minecraft:cooked_mutton":33,"sons_of_sins:osseous_pickaxe":1,"minecraft:glass":19,"minecraft:chest":3,"born_in_chaos_v1:pileof_dark_metal":1,"minecraft:smoker":1,"minecraft:glass_bottle":9,"sophisticatedbackpacks:backpack":1,"minecraft:cooked_porkchop":32,"minecraft:crafting_table":4,"minecraft:wooden_pickaxe":1,"minecraft:baked_potato":4,"minecraft:gold_block":2,"minecraft:birch_planks":16,"sons_of_sins:sickle_of_struggle":3,"born_in_chaos_v1:spiritual_dust":30,"sons_of_sins:remnant_leggings":2,"minecraft:stick":12,"born_in_chaos_v1:smoked_flesh":103,"minecraft:iron_ingot":131,"minecraft:iron_block":9,"minecraft:stone_sword":2,"minecraft:gold_ingot":9,"minecraft:light_gray_dye":3,"minecraft:cherry_planks":4,"minecraft:wooden_sword":1,"minecraft:furnace":4,"minecraft:bone_meal":12,"minecraft:diamond":1,"born_in_chaos_v1:bone_handle":2,"minecraft:stone_pickaxe":1,"sons_of_sins:flesh_carcass":2,"minecraft:dark_oak_planks":8,"sons_of_sins:shape_shifting_tool":1,"sophisticatedbackpacks:iron_backpack":1,"minecraft:cooked_beef":28,"sons_of_sins:ether_sword":1,"sons_of_sins:soul_steel":13,"sons_of_sins:iron_and_ether":4,"sons_of_sins:blood_bucket":1,"sophisticatedbackpacks:gold_backpack":1,"minecraft:bucket":1,"minecraft:stone_axe":1,"minecraft:air":0,"justhammers:stone_hammer":3,"sons_of_sins:remnant_boots":2,"minecraft:flint":2,"minecraft:wooden_axe":2,"minecraft:white_bed":1,"minecraft:torch":32,"born_in_chaos_v1:staffof_magic_arrows":1},"minecraft:broken":{"minecraft:stone_pickaxe":1,"minecraft:wooden_axe":1,"minecraft:stone_sword":1},"minecraft:mined":{"minecraft:white_bed":1,"minecraft:oak_sapling":7,"minecraft:cherry_log":2,"alexsmobs:leafcutter_anthill":1,"minecraft:potted_crimson_fungus":1,"minecraft:brewing_stand":1,"minecraft:granite":2,"minecraft:grass_block":12,"minecraft:oxeye_daisy":2,"minecraft:spawner":19,"minecraft:tall_seagrass":1,"minecraft:iron_ore":67,"minecraft:cave_vines":2,"minecraft:iron_block":2,"minecraft:powder_snow":16,"minecraft:torch":9,"minecraft:blast_furnace":1,"minecraft:melon":3,"minecraft:cobblestone":15,"minecraft:oak_planks":4,"minecraft:wall_torch":21,"minecraft:pink_petals":5,"minecraft:skeleton_skull":1,"minecraft:chain":4,"minecraft:birch_log":9,"minecraft:grass":47,"minecraft:oak_log":41,"minecraft:sand":19,"minecraft:dirt":33,"minecraft:oak_leaves":26,"minecraft:deepslate":11,"minecraft:dark_oak_leaves":2,"minecraft:cherry_sapling":1,"born_in_chaos_v1:infected_diamond_ore":5,"born_in_chaos_v1:black_argillite":2,"minecraft:furnace":4,"minecraft:snow":1,"minecraft:andesite":8,"minecraft:gold_block":1,"minecraft:vine":1,"minecraft:deepslate_iron_ore":20,"minecraft:stone":183,"minecraft:white_wool":2,"minecraft:snow_block":7,"minecraft:crafting_table":9,"minecraft:cornflower":1,"minecraft:emerald_ore":3,"minecraft:rose_bush":1,"minecraft:tall_grass":19,"minecraft:deepslate_gold_ore":4,"minecraft:diorite":6,"minecraft:dead_brain_coral_block":1,"minecraft:coal_ore":234,"minecraft:cherry_leaves":1,"minecraft:gravel":14,"minecraft:cobweb":10,"minecraft:fern":5},"minecraft:dropped":{"minecraft:cooked_beef":3,"sons_of_sins:flesh_carcass":3,"sons_of_sins:ether_ashes":7,"sons_of_sins:flesh_of_demise":1,"minecraft:bone":1,"sons_of_sins:osseous_sword":2,"minecraft:iron_ingot":96,"minecraft:bread":1,"born_in_chaos_v1:shattered_skull":1,"minecraft:wheat_seeds":3,"minecraft:cobblestone":17,"minecraft:iron_block":4,"minecraft:rose_bush":1,"minecraft:potion":1,"born_in_chaos_v1:staffof_magic_arrows":1,"sons_of_sins:osseous_shovel":1,"sons_of_sins:osseous_pickaxe":1,"sons_of_sins:osseous_axe":1}},"DataVersion":3465}