{"stats":{"minecraft:broken":{"minecraft:stone_pickaxe":1,"minecraft:wooden_axe":1,"minecraft:stone_sword":1},"minecraft:mined":{"minecraft:white_bed":1,"minecraft:oak_sapling":7,"minecraft:cherry_log":2,"alexsmobs:leafcutter_anthill":1,"minecraft:potted_crimson_fungus":1,"minecraft:brewing_stand":1,"minecraft:spruce_trapdoor":1,"minecraft:granite":2,"minecraft:grass_block":14,"minecraft:coal_block":7,"minecraft:oxeye_daisy":2,"minecraft:spawner":24,"minecraft:tall_seagrass":1,"minecraft:iron_ore":88,"minecraft:cobbled_deepslate":10,"minecraft:cave_vines":2,"minecraft:iron_block":2,"minecraft:player_head":1,"minecraft:powder_snow":16,"minecraft:torch":17,"minecraft:blast_furnace":3,"minecraft:calcite":2,"minecraft:melon":3,"minecraft:cobblestone":19,"minecraft:oak_planks":4,"minecraft:wall_torch":35,"minecraft:skeleton_skull":1,"minecraft:pink_petals":6,"minecraft:seagrass":2,"minecraft:stone_stairs":1,"minecraft:chain":4,"minecraft:birch_log":9,"minecraft:grass":55,"minecraft:oak_log":41,"minecraft:sand":19,"minecraft:dirt":39,"minecraft:oak_leaves":36,"minecraft:deepslate":78,"minecraft:tuff":12,"minecraft:mossy_cobblestone":1,"minecraft:dark_oak_leaves":2,"minecraft:deepslate_diamond_ore":27,"minecraft:oak_door":3,"minecraft:cherry_sapling":1,"born_in_chaos_v1:infected_diamond_ore":8,"born_in_chaos_v1:black_argillite":2,"minecraft:carrots":1,"minecraft:furnace":5,"minecraft:snow":1,"minecraft:andesite":15,"minecraft:gold_block":1,"minecraft:potatoes":50,"minecraft:vine":1,"minecraft:deepslate_iron_ore":26,"minecraft:stone":283,"minecraft:white_wool":2,"minecraft:glass_pane":3,"minecraft:snow_block":7,"minecraft:dandelion":1,"minecraft:crafting_table":12,"minecraft:cornflower":1,"minecraft:emerald_ore":3,"minecraft:rose_bush":1,"minecraft:tall_grass":21,"minecraft:deepslate_gold_ore":18,"minecraft:diorite":13,"minecraft:birch_planks":1,"minecraft:dead_brain_coral_block":1,"minecraft:coal_ore":290,"minecraft:cherry_leaves":1,"minecraft:gravel":17,"minecraft:gray_carpet":1,"minecraft:cobweb":10,"minecraft:fern":5},"minecraft:killed":{"born_in_chaos_v1:zombie_clown":1,"minecraft:cave_spider":21,"born_in_chaos_v1:restless_spirit":7,"born_in_chaos_v1:zombie_lumberjack":5,"born_in_chaos_v1:door_knight_not_despawn":2,"minecraft:spider":31,"born_in_chaos_v1:baby_skeleton_minion":12,"minecraft:skeleton":48,"alexsmobs:leafcutter_ant":1,"minecraft:chicken":7,"alexsmobs:capuchin_monkey":2,"born_in_chaos_v1:skeleton_thrasher":1,"alexsmobs:centipede_head":1,"born_in_chaos_v1:supreme_bonescaller_stage_2":1,"born_in_chaos_v1:firelight_not_despawn":1,"born_in_chaos_v1:bonescaller":2,"minecraft:pig":18,"alexsmobs:grizzly_bear":3,"minecraft:zombie_villager":1,"born_in_chaos_v1:diamond_termite":12,"minecraft:iron_golem":1,"minecraft:creeper":7,"minecraft:sheep":28,"minecraft:zombie":199,"born_in_chaos_v1:dread_hound":6,"born_in_chaos_v1:corpse_fly":21,"minecraft:stray":10,"alexsmobs:fly":4,"born_in_chaos_v1:door_knight":4,"born_in_chaos_v1:siamese_skeletonsleft":1,"minecraft:cow":24,"alexsmobs:raccoon":3,"alexsmobs:tasmanian_devil":2,"alexsmobs:sugar_glider":1,"born_in_chaos_v1:zombie_bruiser":2,"minecraft:phantom":1,"born_in_chaos_v1:maggot":47,"alexsmobs:gorilla":1,"alexsmobs:blue_jay":2,"cataclysm:lionfish":1,"minecraft:drowned":2,"born_in_chaos_v1:corpse_fish":18,"born_in_chaos_v1:barrel_zombie":1,"cataclysm:deepling_angler":1,"born_in_chaos_v1:fallen_chaos_knight":1,"minecraft:husk":4,"born_in_chaos_v1:bone_imp_minion":13,"born_in_chaos_v1:baby_skeleton":2,"alexsmobs:skunk":1,"born_in_chaos_v1:swarmer":2,"minecraft:bat":1,"minecraft:frog":2,"minecraft:squid":2,"born_in_chaos_v1:decrepit_skeleton":11,"born_in_chaos_v1:bloody_gadfly":3,"born_in_chaos_v1:bonescaller_not_despawn":2,"born_in_chaos_v1:dark_vortex":2,"alexsmobs:crow":2,"born_in_chaos_v1:controlled_baby_skeleton":1,"minecraft:villager":3,"minecraft:enderman":2},"minecraft:killed_by":{"born_in_chaos_v1:nightmare_stalker":1,"minecraft:creeper":1,"minecraft:cave_spider":1,"cataclysm:deepling_brute":1,"alexsmobs:grizzly_bear":1,"minecraft:vex":1,"minecraft:player":1,"minecraft:iron_golem":1,"born_in_chaos_v1:dread_hound":1},"minecraft:custom":{"minecraft:interact_with_crafting_table":135,"minecraft:open_barrel":61,"goblintraders:trade_with_goblin":31,"minecraft:bell_ring":1,"minecraft:leave_game":8,"minecraft:time_since_death":62302,"minecraft:sprint_one_cm":2080127,"minecraft:drop":67,"minecraft:talked_to_villager":6,"minecraft:play_time":809265,"minecraft:deaths":9,"minecraft:jump":7011,"minecraft:walk_on_water_one_cm":60313,"minecraft:interact_with_furnace":263,"minecraft:sleep_in_bed":5,"minecraft:damage_dealt":105692,"minecraft:player_kills":8,"minecraft:crouch_one_cm":5154,"minecraft:interact_with_smoker":56,"minecraft:mob_kills":689,"minecraft:damage_dealt_resisted":10568,"minecraft:climb_one_cm":3126,"minecraft:walk_one_cm":3035426,"minecraft:damage_dealt_absorbed":160,"minecraft:sneak_time":3967,"minecraft:walk_under_water_one_cm":35850,"minecraft:boat_one_cm":1932810,"minecraft:interact_with_blast_furnace":7,"minecraft:total_world_time":809265,"minecraft:time_since_rest":3654,"minecraft:damage_taken":14654,"minecraft:swim_one_cm":41350,"minecraft:fly_one_cm":497803,"minecraft:open_chest":218,"minecraft:fall_one_cm":76636},"minecraft:crafted":{"sons_of_sins:remnant_helmet":2,"sons_of_sins:osseous_axe":2,"minecraft:oak_planks":200,"sons_of_sins:osseous_shovel":1,"sons_of_sins:soul_steel_block":2,"sons_of_sins:osseous_sword":4,"minecraft:cooked_chicken":7,"sons_of_sins:remnant_chestplate":2,"minecraft:stone":11,"born_in_chaos_v1:dark_metal_ingot":1,"minecraft:cooked_mutton":33,"sons_of_sins:osseous_pickaxe":2,"minecraft:glass":19,"minecraft:chest":4,"born_in_chaos_v1:pileof_dark_metal":1,"minecraft:smoker":1,"minecraft:glass_bottle":9,"sophisticatedbackpacks:backpack":1,"minecraft:cooked_porkchop":32,"minecraft:crafting_table":8,"minecraft:wooden_pickaxe":1,"minecraft:baked_potato":148,"minecraft:gold_block":2,"minecraft:birch_planks":16,"sons_of_sins:sickle_of_struggle":3,"born_in_chaos_v1:staffofthe_summoner":1,"born_in_chaos_v1:spiritual_dust":84,"sons_of_sins:remnant_leggings":2,"sophisticatedbackpacks:diamond_backpack":1,"minecraft:stick":52,"born_in_chaos_v1:smoked_flesh":158,"minecraft:iron_ingot":158,"minecraft:iron_block":9,"minecraft:stone_sword":2,"minecraft:gold_ingot":9,"minecraft:light_gray_dye":3,"minecraft:cherry_planks":4,"minecraft:wooden_sword":1,"minecraft:oak_door":3,"minecraft:coal":63,"minecraft:furnace":5,"minecraft:bone_meal":39,"minecraft:diamond":1,"born_in_chaos_v1:bone_handle":4,"minecraft:stone_pickaxe":1,"sons_of_sins:flesh_carcass":3,"minecraft:dark_oak_planks":24,"sons_of_sins:shape_shifting_tool":1,"sophisticatedbackpacks:iron_backpack":1,"minecraft:cooked_beef":28,"sons_of_sins:ether_sword":1,"sons_of_sins:soul_steel":13,"born_in_chaos_v1:nightmare_scythe":1,"sons_of_sins:iron_and_ether":4,"minecraft:iron_sword":1,"sons_of_sins:blood_bucket":1,"sophisticatedbackpacks:gold_backpack":1,"minecraft:bucket":1,"minecraft:stone_axe":1,"minecraft:air":0,"minecraft:oak_boat":4,"justhammers:iron_hammer":10,"justhammers:stone_hammer":3,"sons_of_sins:remnant_boots":2,"minecraft:flint":2,"minecraft:wooden_axe":2,"minecraft:white_bed":3,"minecraft:acacia_planks":4,"minecraft:torch":48,"born_in_chaos_v1:staffof_magic_arrows":1},"minecraft:used":{"minecraft:chest":3,"minecraft:iron_sword":7,"minecraft:carrot":15,"minecraft:tuff":14,"sons_of_sins:flesh_shovel":29,"born_in_chaos_v1:corpse_maggot":2,"born_in_chaos_v1:smoked_flesh":105,"sons_of_sins:remnant_helmet":1,"minecraft:dark_oak_slab":2,"minecraft:oak_sapling":48,"minecraft:furnace":9,"minecraft:egg":2,"minecraft:potato":54,"minecraft:diorite":13,"minecraft:oak_planks":47,"minecraft:stone_pickaxe":131,"minecraft:wooden_pickaxe":26,"sons_of_sins:blood_bucket":1,"sons_of_sins:remnant_chestplate":1,"minecraft:white_wool":2,"minecraft:glow_berries":8,"sons_of_sins:osseous_pickaxe":71,"sons_of_sins:osseous_sword":70,"minecraft:mushroom_stew":1,"minecraft:blast_furnace":3,"sons_of_sins:ether_sword":186,"minecraft:dark_oak_log":4,"minecraft:melon_slice":17,"minecraft:bread":22,"minecraft:gravel":5,"minecraft:diamond_sword":3,"minecraft:wooden_sword":10,"sons_of_sins:flesh_of_demise":1,"sons_of_sins:sickle_of_struggle":394,"minecraft:andesite":14,"minecraft:chain":1,"minecraft:birch_log":1,"minecraft:oak_boat":7,"minecraft:stone_sword":144,"born_in_chaos_v1:black_argillite":1,"minecraft:cooked_chicken":2,"minecraft:oak_door":3,"minecraft:torch":93,"minecraft:dirt":51,"sons_of_sins:remnant_boots":1,"minecraft:golden_shovel":6,"minecraft:granite":2,"minecraft:dark_oak_planks":10,"minecraft:wooden_axe":18,"alexsmobs:maggot":1,"born_in_chaos_v1:nightmare_scythe":1,"minecraft:smooth_basalt":3,"minecraft:cooked_beef":25,"minecraft:cobbled_deepslate":327,"minecraft:cooked_mutton":23,"born_in_chaos_v1:mint_ice_cream":1,"minecraft:birch_planks":1,"minecraft:baked_potato":17,"minecraft:crafting_table":19,"minecraft:white_bed":4,"sons_of_sins:heart":1,"sons_of_sins:flesh_sword":1268,"minecraft:smoker":1,"justhammers:iron_hammer":822,"sons_of_sins:flesh_pickaxe":687,"minecraft:cornflower":1,"minecraft:apple":16,"born_in_chaos_v1:staffofthe_summoner":86,"justhammers:stone_hammer":180,"minecraft:stone_axe":32,"sons_of_sins:remnant_leggings":1,"minecraft:cobblestone":246,"sons_of_sins:flesh_axe":80,"minecraft:cooked_porkchop":32},"minecraft:dropped":{"sons_of_sins:flesh_sword":2,"minecraft:lapis_lazuli":1,"minecraft:cooked_beef":3,"sons_of_sins:flesh_carcass":4,"sons_of_sins:ether_ashes":7,"sons_of_sins:remnant_chestplate":1,"minecraft:bone":1,"sons_of_sins:flesh_of_demise":1,"minecraft:cobbled_deepslate":96,"minecraft:rotten_flesh":23,"minecraft:stone_stairs":1,"sons_of_sins:osseous_sword":7,"minecraft:gunpowder":2,"minecraft:iron_ingot":104,"minecraft:bread":1,"born_in_chaos_v1:shattered_skull":1,"minecraft:wheat_seeds":3,"minecraft:golden_horse_armor":1,"minecraft:cobblestone":17,"minecraft:iron_block":4,"sons_of_sins:shape_shifting_tool":1,"minecraft:rose_bush":1,"minecraft:potion":1,"born_in_chaos_v1:staffof_magic_arrows":1,"minecraft:string":1,"minecraft:kelp":1,"sons_of_sins:osseous_shovel":1,"minecraft:glass_pane":14,"sons_of_sins:osseous_pickaxe":2,"minecraft:deepslate_bricks":1,"minecraft:cake":2,"sophisticatedbackpacks:copper_backpack":1,"sons_of_sins:osseous_axe":2},"minecraft:picked_up":{"sons_of_sins:golem_cuirass":1,"minecraft:flower_pot":1,"minecraft:lead":7,"minecraft:potion":2,"born_in_chaos_v1:bloody_gadfly_eye":3,"sons_of_sins:muscle":19,"minecraft:brewing_stand":1,"sons_of_sins:soul_steel":79,"born_in_chaos_v1:black_argillite":2,"minecraft:string":93,"sons_of_sins:osseous_sword":4,"minecraft:iron_leggings":1,"minecraft:sea_pickle":1,"minecraft:gold_nugget":6,"minecraft:cobbled_deepslate":6296,"minecraft:bucket":5,"sons_of_sins:crystallized_ether":7,"minecraft:rose_bush":8,"minecraft:calcite":5,"alexsmobs:raccoon_tail":1,"minecraft:melon_slice":19,"minecraft:coal_block":9,"minecraft:mangrove_log":1,"minecraft:furnace":5,"minecraft:tipped_arrow":2,"minecraft:stick":68,"born_in_chaos_v1:shattered_skull":2,"born_in_chaos_v1:phantom_powder":2,"minecraft:torch":113,"minecraft:acacia_log":2,"minecraft:porkchop":55,"minecraft:cherry_log":35,"minecraft:diorite":88,"sons_of_sins:flesh_shovel":2,"minecraft:rotten_flesh":365,"sons_of_sins:heart":23,"minecraft:iron_block":4,"sons_of_sins:bottle_of_blood":9,"sons_of_sins:shape_shifting_tool":8,"minecraft:snowball":29,"minecraft:cobblestone":2172,"minecraft:nautilus_shell":1,"minecraft:birch_log":17,"born_in_chaos_v1:staffof_magic_arrows":1,"minecraft:pink_petals":18,"minecraft:leather_chestplate":1,"minecraft:feather":14,"born_in_chaos_v1:spiritual_dust":4,"minecraft:andesite":83,"born_in_chaos_v1:mint_ice_cream":1,"minecraft:potato":182,"alexsmobs:bear_fur":4,"sons_of_sins:urn":7,"minecraft:flint":4,"minecraft:tuff":319,"mobs_of_sins:capucin_monkey_heart":1,"minecraft:horn_coral":1,"minecraft:lapis_lazuli":2,"minecraft:dirt":110,"sons_of_sins:osseous_pickaxe":1,"born_in_chaos_v1:staffofthe_summoner":2,"sons_of_sins:remnant_boots":7,"born_in_chaos_v1:monster_skin":2,"born_in_chaos_v1:marigolds":3,"sons_of_sins:spider_heart":2,"minecraft:bone":137,"mobs_of_sins:nuisances_muscle":2,"minecraft:bow":2,"minecraft:wheat_seeds":13,"minecraft:raw_gold":37,"sons_of_sins:remnant_chestplate":8,"minecraft:oak_planks":88,"minecraft:cooked_porkchop":13,"minecraft:poisonous_potato":2,"minecraft:sand":19,"sons_of_sins:ribs":16,"minecraft:ink_sac":6,"minecraft:dark_oak_log":20,"minecraft:mossy_cobblestone":1,"sons_of_sins:flesh_of_demise":61,"cataclysm:lionfish":1,"sons_of_sins:creeper_ribs":3,"born_in_chaos_v1:fire_dust":1,"minecraft:diamond":35,"minecraft:dead_brain_coral_block":1,"minecraft:granite":65,"minecraft:bone_meal":10,"minecraft:golden_apple":2,"minecraft:emerald":5,"minecraft:golden_horse_armor":2,"minecraft:bread":23,"alexsmobs:maggot":3,"minecraft:oak_sapling":53,"born_in_chaos_v1:rotten_fish":7,"minecraft:crafting_table":15,"sophisticatedbackpacks:gold_backpack":3,"born_in_chaos_v1:diamond_termite_shard":14,"minecraft:azure_bluet":1,"artifacts:night_vision_goggles":1,"minecraft:chicken":9,"born_in_chaos_v1:seedof_chaos":3,"sons_of_sins:flesh_carcass":2,"minecraft:gold_block":1,"minecraft:chain":5,"minecraft:cornflower":3,"minecraft:stone_stairs":1,"born_in_chaos_v1:intoxicating_decoction":2,"minecraft:glass_pane":14,"sons_of_sins:ether_sword":5,"sons_of_sins:flesh_sword":10,"sons_of_sins:remnant_helmet":7,"minecraft:beef":58,"minecraft:oak_boat":7,"born_in_chaos_v1:gnawed_bones":3,"minecraft:player_head":1,"minecraft:poppy":3,"minecraft:birch_sapling":9,"sons_of_sins:sickle_of_struggle":6,"minecraft:spruce_trapdoor":1,"minecraft:egg":5,"minecraft:raw_iron":156,"minecraft:oak_door":6,"sophisticatedbackpacks:backpack":2,"minecraft:cake":5,"born_in_chaos_v1:pieceofdarkmetal":20,"minecraft:carrot":12,"minecraft:redstone":135,"alexsmobs:leafcutter_ant_pupa":1,"sons_of_sins:ether_ashes":841,"minecraft:dark_oak_planks":12,"minecraft:arrow":79,"sons_of_sins:enderman_muscle":4,"minecraft:pumpkin_pie":5,"minecraft:deepslate_bricks":1,"minecraft:glistering_melon_slice":5,"minecraft:gold_ingot":11,"sophisticatedbackpacks:copper_backpack":2,"minecraft:mutton":42,"minecraft:skeleton_skull":1,"minecraft:white_wool":42,"minecraft:oxeye_daisy":3,"born_in_chaos_v1:fused_bone":2,"born_in_chaos_v1:corpse_maggot":85,"born_in_chaos_v1:monster_flesh":12,"minecraft:glow_ink_sac":3,"minecraft:leather":27,"minecraft:birch_planks":1,"minecraft:mushroom_stew":2,"minecraft:crimson_fungus":1,"minecraft:oak_log":212,"minecraft:gunpowder":35,"minecraft:apple":24,"minecraft:gray_carpet":1,"minecraft:kelp":4,"born_in_chaos_v1:smoked_flesh":108,"minecraft:iron_ingot":127,"minecraft:cobweb":1,"minecraft:iron_sword":1,"sophisticatedbackpacks:diamond_backpack":1,"minecraft:smooth_basalt":3,"minecraft:dark_oak_slab":2,"born_in_chaos_v1:orbofthe_summoner":1,"born_in_chaos_v1:ethereal_spirit":18,"minecraft:dandelion":10,"minecraft:gravel":18,"born_in_chaos_v1:dark_rod":8,"minecraft:blast_furnace":5,"minecraft:white_bed":1,"minecraft:spider_eye":22,"sons_of_sins:flesh_axe":5,"minecraft:slime_ball":3,"minecraft:painting":2,"minecraft:cherry_sapling":19,"minecraft:gray_wool":1,"minecraft:baked_potato":8,"minecraft:black_wool":6,"sons_of_sins:flesh_pickaxe":4,"sons_of_sins:remnant_leggings":5,"minecraft:coal":597,"minecraft:ender_pearl":1}},"DataVersion":3465}