{"stats":{"minecraft:killed":{"minecraft:witch":1,"minecraft:vindicator":2,"minecraft:spider":10,"minecraft:skeleton":12,"minecraft:chicken":9,"artifacts:mimic":1,"minecraft:pig":13,"minecraft:creeper":11,"minecraft:sheep":9,"minecraft:pillager":4,"minecraft:zombie":53,"minecraft:cow":35},"minecraft:crafted":{"minecraft:saddle":1,"minecraft:oak_planks":192,"alltheores:aluminum_ingot":5,"minecraft:cooked_chicken":6,"minecraft:furnace":4,"minecraft:cooked_mutton":5,"spartanweaponry:tin_scythe":1,"alltheores:tin_ingot":12,"minecraft:iron_axe":1,"minecraft:stone_pickaxe":2,"minecraft:chest":3,"spartanweaponry:aluminum_boomerang":1,"regions_unexplored:magnolia_planks":68,"sophisticatedbackpacks:iron_backpack":1,"minecraft:cooked_beef":18,"knightquest:great_essence":3,"sophisticatedbackpacks:backpack":1,"minecraft:cooked_porkchop":1,"spartanweaponry:pole":1,"minecraft:crafting_table":7,"alltheores:raw_silver":9,"minecraft:wooden_pickaxe":1,"spartanweaponry:wooden_club":1,"sophisticatedbackpacks:gold_backpack":1,"minecraft:bucket":1,"minecraft:stone_axe":2,"minecraft:air":0,"regions_unexplored:redwood_planks":4,"minecraft:bamboo_planks":40,"minecraft:charcoal":64,"minecraft:stick":40,"minecraft:iron_ingot":26,"minecraft:iron_pickaxe":1,"minecraft:wooden_axe":1,"minecraft:gold_ingot":17,"minecraft:white_bed":2,"minecraft:torch":12},"minecraft:killed_by":{"minecraft:creeper":3,"minecraft:pillager":1,"minecraft:vindicator":1,"minecraft:skeleton":3,"minecraft:zombie":2},"minecraft:picked_up":{"regions_unexplored:small_oak_log":9,"minecraft:coarse_dirt":3,"minecraft:crafting_table":12,"minecraft:chicken":9,"minecraft:creeper_head":1,"regions_unexplored:magnolia_log":22,"minecraft:string":13,"minecraft:red_bed":1,"minecraft:moss_carpet":3,"minecraft:zombie_head":6,"regions_unexplored:bamboo_sapling":2,"minecraft:cobbled_deepslate":20,"improvableskills:scroll_normal":1,"minecraft:beef":80,"minecraft:sugar_cane":5,"spartanweaponry:iron_flanged_mace":1,"regions_unexplored:redwood_log":122,"minecraft:egg":8,"minecraft:furnace":5,"minecraft:raw_iron":25,"minecraft:stick":162,"alltheores:raw_zinc":7,"minecraft:torch":40,"sophisticatedbackpacks:backpack":1,"minecraft:porkchop":24,"minecraft:cherry_log":255,"spartanweaponry:spider_head":3,"minecraft:redstone":25,"regions_unexplored:pink_magnolia_sapling":1,"minecraft:arrow":19,"minecraft:rotten_flesh":30,"spartanweaponry:illager_head":1,"alltheores:raw_osmium":1,"minecraft:mutton":12,"minecraft:skeleton_skull":3,"minecraft:white_wool":8,"minecraft:cobblestone":76,"minecraft:stripped_oak_log":1,"minecraft:pink_petals":10,"minecraft:feather":9,"minecraft:andesite":2,"regions_unexplored:cherry_shrub":1,"minecraft:leather":33,"minecraft:oak_log":95,"minecraft:gunpowder":8,"minecraft:lapis_lazuli":28,"minecraft:dirt":28,"regions_unexplored:small_oak_sapling":2,"alltheores:raw_tin":98,"minecraft:bone":10,"minecraft:apple":2,"minecraft:kelp":4,"minecraft:wheat_seeds":13,"minecraft:raw_gold":17,"regions_unexplored:redwood_sapling":4,"minecraft:rabbit":1,"regions_unexplored:bamboo_log":20,"regions_unexplored:white_magnolia_sapling":5,"minecraft:white_bed":1,"minecraft:spider_eye":3,"alltheores:raw_nickel":6,"artifacts:crystal_heart":1,"alltheores:raw_aluminum":8,"knightquest:small_essence":13,"alltheores:raw_uranium_block":1,"minecraft:cherry_sapling":205,"alltheores:raw_silver":45,"minecraft:bread":4,"minecraft:emerald":4,"alltheores:raw_silver_block":1,"minecraft:oak_sapling":39,"minecraft:black_wool":2,"minecraft:coal":128,"minecraft:sunflower":4},"minecraft:custom":{"minecraft:mob_kills":173,"minecraft:interact_with_crafting_table":36,"minecraft:open_barrel":21,"minecraft:time_since_death":16501,"minecraft:climb_one_cm":4334,"minecraft:sprint_one_cm":536720,"minecraft:walk_one_cm":822011,"minecraft:drop":38,"minecraft:damage_dealt_absorbed":148,"minecraft:talked_to_villager":7,"minecraft:play_time":275402,"minecraft:deaths":13,"minecraft:sneak_time":5446,"minecraft:walk_under_water_one_cm":17470,"minecraft:jump":1973,"minecraft:interact_with_brewingstand":1,"minecraft:interact_with_blast_furnace":4,"minecraft:walk_on_water_one_cm":68319,"minecraft:total_world_time":275402,"minecraft:interact_with_furnace":69,"minecraft:interact_with_cartography_table":1,"minecraft:interact_with_stonecutter":1,"minecraft:sleep_in_bed":8,"minecraft:time_since_rest":11406,"minecraft:damage_taken":7810,"minecraft:trigger_trapped_chest":2,"minecraft:damage_dealt":20777,"minecraft:swim_one_cm":26479,"minecraft:fly_one_cm":169929,"minecraft:open_chest":42,"minecraft:crouch_one_cm":6287,"minecraft:fall_one_cm":30683,"minecraft:horse_one_cm":3616827},"minecraft:used":{"minecraft:moss_carpet":3,"minecraft:chest":2,"minecraft:cooked_chicken":6,"minecraft:torch":49,"minecraft:dirt":16,"minecraft:wooden_axe":33,"minecraft:iron_axe":27,"spartanweaponry:aluminum_boomerang":118,"spartanweaponry:tin_scythe":190,"minecraft:oak_sapling":39,"minecraft:furnace":8,"minecraft:potato":14,"regions_unexplored:small_oak_sapling":2,"minecraft:egg":5,"minecraft:cooked_beef":18,"minecraft:cobbled_deepslate":6,"minecraft:bamboo_planks":22,"minecraft:cooked_mutton":3,"regions_unexplored:redwood_sapling":4,"minecraft:stone_pickaxe":226,"minecraft:wooden_pickaxe":16,"minecraft:crafting_table":17,"minecraft:red_bed":1,"spartanweaponry:iron_flanged_mace":70,"regions_unexplored:magnolia_planks":28,"minecraft:white_bed":2,"regions_unexplored:cherry_shrub":1,"alltheores:raw_uranium_block":1,"minecraft:black_wool":1,"minecraft:apple":2,"minecraft:bread":25,"minecraft:map":2,"minecraft:iron_pickaxe":113,"spartanweaponry:wooden_club":66,"minecraft:stone_axe":44,"minecraft:cobblestone":7,"minecraft:cooked_porkchop":1,"minecraft:andesite":2,"spartanweaponry:iron_scythe":48,"minecraft:coarse_dirt":3,"minecraft:golden_pickaxe":17},"minecraft:mined":{"minecraft:white_bed":1,"minecraft:oak_sapling":3,"alltheores:zinc_ore":5,"minecraft:cherry_log":4,"minecraft:cherry_sapling":11,"regions_unexplored:magnolia_log":3,"alltheores:deepslate_aluminum_ore":2,"minecraft:grass_block":6,"alltheores:deepslate_silver_ore":37,"alltheores:deepslate_tin_ore":2,"minecraft:large_fern":1,"minecraft:furnace":5,"minecraft:iron_ore":9,"minecraft:andesite":2,"minecraft:moss_carpet":1,"minecraft:deepslate_lapis_ore":4,"minecraft:deepslate_iron_ore":11,"minecraft:stripped_oak_log":1,"regions_unexplored:medium_grass":8,"regions_unexplored:redwood_log":2,"alltheores:aluminum_ore":5,"regions_unexplored:small_oak_log":1,"minecraft:stone":72,"regions_unexplored:windswept_grass":3,"minecraft:podzol":1,"minecraft:deepslate_redstone_ore":5,"regions_unexplored:white_magnolia_sapling":1,"minecraft:red_bed":1,"minecraft:crafting_table":12,"minecraft:torch":17,"alltheores:raw_uranium_block":1,"regions_unexplored:pink_magnolia_sapling":2,"minecraft:tall_grass":7,"minecraft:deepslate_gold_ore":15,"regions_unexplored:bamboo_log":2,"minecraft:sugar_cane":2,"alltheores:deepslate_nickel_ore":4,"minecraft:wall_torch":21,"minecraft:pink_petals":5,"minecraft:coarse_dirt":3,"alltheores:deepslate_osmium_ore":1,"alltheores:tin_ore":90,"regions_unexplored:sandy_grass":1,"minecraft:grass":31,"regions_unexplored:cherry_shrub":1,"minecraft:oak_log":21,"minecraft:coal_ore":74,"alltheores:raw_silver_block":1,"minecraft:sunflower":3,"regions_unexplored:small_oak_sapling":1,"minecraft:dirt":11,"alltheores:deepslate_zinc_ore":1,"minecraft:oak_leaves":24,"minecraft:deepslate":13,"minecraft:fern":4},"minecraft:dropped":{"minecraft:bread":4,"regions_unexplored:magnolia_planks":1,"minecraft:wheat_seeds":10,"alltheores:raw_nickel":4,"alltheores:raw_zinc":5,"minecraft:feather":1,"minecraft:cobweb":3,"minecraft:dirt":1,"spartanweaponry:wooden_club":1,"minecraft:sunflower":1,"spartanweaponry:spider_head":2,"alltheores:raw_aluminum":3,"minecraft:white_wool":1,"minecraft:kelp":4,"minecraft:cobbled_deepslate":8,"alltheores:raw_osmium":1,"minecraft:rotten_flesh":7,"minecraft:oak_planks":64,"regions_unexplored:bamboo_sapling":2,"patchouli:guide_book":1,"minecraft:gunpowder":2,"minecraft:skeleton_skull":1,"minecraft:arrow":6,"minecraft:wooden_pickaxe":1},"minecraft:broken":{"minecraft:stone_pickaxe":1,"minecraft:stone_axe":2,"minecraft:golden_pickaxe":1,"minecraft:wooden_axe":1}},"DataVersion":3465}