{"stats":{"minecraft:killed":{"minecraft:cave_spider":3,"born_in_chaos_v1:restless_spirit":4,"born_in_chaos_v1:zombie_lumberjack":2,"born_in_chaos_v1:door_knight_not_despawn":2,"alexsmobs:raccoon":2,"minecraft:spider":13,"alexsmobs:tasmanian_devil":1,"alexsmobs:sugar_glider":1,"born_in_chaos_v1:baby_skeleton_minion":9,"born_in_chaos_v1:maggot":9,"minecraft:skeleton":12,"born_in_chaos_v1:supreme_bonescaller_stage_2":1,"born_in_chaos_v1:firelight_not_despawn":1,"born_in_chaos_v1:bonescaller":1,"minecraft:pig":8,"alexsmobs:grizzly_bear":2,"born_in_chaos_v1:bone_imp_minion":9,"born_in_chaos_v1:baby_skeleton":1,"minecraft:zombie_villager":1,"alexsmobs:skunk":1,"minecraft:creeper":2,"born_in_chaos_v1:decrepit_skeleton":6,"minecraft:sheep":10,"minecraft:zombie":30,"born_in_chaos_v1:bonescaller_not_despawn":2,"minecraft:stray":6,"born_in_chaos_v1:corpse_fly":3,"born_in_chaos_v1:dark_vortex":1,"alexsmobs:fly":2,"born_in_chaos_v1:door_knight":3,"minecraft:villager":3,"minecraft:cow":13},"minecraft:killed_by":{"minecraft:creeper":1,"alexsmobs:grizzly_bear":1},"minecraft:used":{"minecraft:stone_sword":144,"born_in_chaos_v1:black_argillite":1,"minecraft:torch":29,"minecraft:dirt":29,"minecraft:carrot":13,"minecraft:golden_shovel":6,"minecraft:granite":1,"born_in_chaos_v1:smoked_flesh":10,"born_in_chaos_v1:corpse_maggot":2,"minecraft:wooden_axe":18,"alexsmobs:maggot":1,"minecraft:oak_sapling":48,"minecraft:furnace":4,"minecraft:potato":3,"minecraft:cooked_beef":9,"minecraft:cooked_mutton":8,"minecraft:stone_pickaxe":131,"minecraft:wooden_pickaxe":26,"sons_of_sins:blood_bucket":1,"minecraft:glow_berries":8,"minecraft:crafting_table":7,"sons_of_sins:osseous_pickaxe":71,"sons_of_sins:osseous_sword":70,"minecraft:blast_furnace":1,"minecraft:white_bed":1,"sons_of_sins:flesh_sword":377,"sons_of_sins:flesh_pickaxe":49,"minecraft:apple":15,"minecraft:bread":15,"minecraft:gravel":1,"justhammers:stone_hammer":180,"minecraft:stone_axe":32,"minecraft:diamond_sword":3,"minecraft:wooden_sword":10,"minecraft:cobblestone":75,"sons_of_sins:sickle_of_struggle":5,"minecraft:chain":1,"minecraft:andesite":1},"minecraft:custom":{"minecraft:mob_kills":167,"minecraft:interact_with_crafting_table":46,"minecraft:open_barrel":35,"goblintraders:trade_with_goblin":31,"minecraft:bell_ring":1,"minecraft:damage_dealt_resisted":7153,"minecraft:leave_game":1,"minecraft:time_since_death":118162,"minecraft:sprint_one_cm":347657,"minecraft:walk_one_cm":959138,"minecraft:drop":12,"minecraft:talked_to_villager":6,"minecraft:play_time":210540,"minecraft:deaths":2,"minecraft:sneak_time":1597,"minecraft:walk_under_water_one_cm":4304,"minecraft:jump":1691,"minecraft:interact_with_blast_furnace":1,"minecraft:walk_on_water_one_cm":20879,"minecraft:total_world_time":210540,"minecraft:interact_with_furnace":40,"minecraft:sleep_in_bed":1,"minecraft:time_since_rest":87279,"minecraft:damage_taken":3937,"minecraft:damage_dealt":27754,"minecraft:swim_one_cm":3214,"minecraft:fly_one_cm":71382,"minecraft:open_chest":67,"minecraft:crouch_one_cm":1886,"minecraft:fall_one_cm":16795},"minecraft:picked_up":{"minecraft:crafting_table":7,"minecraft:flower_pot":1,"born_in_chaos_v1:seedof_chaos":3,"minecraft:lead":2,"minecraft:gold_block":1,"minecraft:potion":2,"minecraft:chain":2,"minecraft:brewing_stand":1,"sons_of_sins:soul_steel":32,"born_in_chaos_v1:black_argillite":1,"minecraft:cornflower":2,"minecraft:string":21,"sons_of_sins:osseous_sword":1,"sons_of_sins:flesh_sword":1,"minecraft:bucket":1,"minecraft:beef":32,"sons_of_sins:crystallized_ether":6,"minecraft:birch_sapling":3,"minecraft:furnace":3,"minecraft:tipped_arrow":1,"minecraft:stick":36,"minecraft:raw_iron":66,"born_in_chaos_v1:shattered_skull":1,"minecraft:torch":19,"minecraft:porkchop":19,"minecraft:cherry_log":33,"minecraft:diorite":1,"born_in_chaos_v1:pieceofdarkmetal":3,"minecraft:carrot":2,"sons_of_sins:ether_ashes":236,"minecraft:arrow":28,"minecraft:rotten_flesh":69,"sons_of_sins:heart":1,"minecraft:iron_block":2,"minecraft:mutton":17,"minecraft:skeleton_skull":1,"minecraft:cobblestone":1369,"minecraft:white_wool":13,"minecraft:oxeye_daisy":3,"minecraft:birch_log":3,"born_in_chaos_v1:corpse_maggot":6,"minecraft:leather_chestplate":1,"born_in_chaos_v1:monster_flesh":1,"born_in_chaos_v1:spiritual_dust":2,"minecraft:andesite":1,"minecraft:leather":13,"minecraft:potato":1,"alexsmobs:bear_fur":2,"minecraft:flint":2,"minecraft:crimson_fungus":1,"minecraft:oak_log":85,"minecraft:gunpowder":28,"minecraft:dirt":57,"sons_of_sins:osseous_pickaxe":1,"minecraft:bone":40,"minecraft:apple":7,"minecraft:bow":1,"minecraft:wheat_seeds":3,"minecraft:iron_ingot":80,"minecraft:cobweb":1,"born_in_chaos_v1:orbofthe_summoner":1,"born_in_chaos_v1:ethereal_spirit":9,"minecraft:dandelion":3,"minecraft:gravel":2,"born_in_chaos_v1:dark_rod":2,"minecraft:sand":19,"minecraft:blast_furnace":1,"minecraft:white_bed":1,"minecraft:dark_oak_log":4,"minecraft:spider_eye":3,"born_in_chaos_v1:fire_dust":1,"minecraft:dead_brain_coral_block":1,"minecraft:granite":1,"minecraft:cherry_sapling":19,"minecraft:gray_wool":1,"minecraft:bread":1,"alexsmobs:maggot":3,"minecraft:oak_sapling":48,"minecraft:black_wool":1,"minecraft:coal":279,"sons_of_sins:flesh_pickaxe":1},"minecraft:crafted":{"sons_of_sins:remnant_helmet":1,"minecraft:cherry_planks":4,"minecraft:wooden_sword":1,"minecraft:oak_planks":28,"sons_of_sins:osseous_sword":1,"minecraft:furnace":1,"sons_of_sins:remnant_chestplate":1,"minecraft:stone":11,"minecraft:cooked_mutton":8,"sons_of_sins:osseous_pickaxe":1,"minecraft:glass":19,"minecraft:stone_pickaxe":1,"minecraft:chest":1,"sons_of_sins:shape_shifting_tool":1,"sophisticatedbackpacks:iron_backpack":1,"minecraft:cooked_beef":9,"sons_of_sins:ether_sword":1,"minecraft:glass_bottle":6,"sons_of_sins:soul_steel":4,"sophisticatedbackpacks:backpack":1,"minecraft:crafting_table":3,"minecraft:wooden_pickaxe":1,"sons_of_sins:iron_and_ether":4,"sons_of_sins:blood_bucket":1,"sophisticatedbackpacks:gold_backpack":1,"minecraft:bucket":1,"minecraft:birch_planks":4,"sons_of_sins:sickle_of_struggle":1,"minecraft:stone_axe":1,"minecraft:air":0,"justhammers:stone_hammer":3,"sons_of_sins:remnant_leggings":1,"sons_of_sins:remnant_boots":1,"minecraft:stick":4,"minecraft:flint":2,"minecraft:iron_ingot":76,"minecraft:wooden_axe":2,"minecraft:iron_block":6,"minecraft:stone_sword":2,"minecraft:light_gray_dye":3,"minecraft:torch":20},"minecraft:broken":{"minecraft:stone_sword":1,"minecraft:stone_pickaxe":1,"minecraft:wooden_axe":1},"minecraft:mined":{"minecraft:white_bed":1,"minecraft:oak_sapling":7,"minecraft:dark_oak_leaves":2,"minecraft:cherry_log":2,"minecraft:cherry_sapling":1,"minecraft:potted_crimson_fungus":1,"minecraft:brewing_stand":1,"minecraft:granite":1,"minecraft:grass_block":5,"born_in_chaos_v1:black_argillite":1,"minecraft:oxeye_daisy":2,"minecraft:spawner":14,"minecraft:furnace":3,"minecraft:iron_ore":45,"minecraft:andesite":1,"minecraft:gold_block":1,"minecraft:cave_vines":2,"minecraft:deepslate_iron_ore":4,"minecraft:stone":70,"minecraft:iron_block":2,"minecraft:powder_snow":5,"minecraft:crafting_table":6,"minecraft:torch":2,"minecraft:blast_furnace":1,"minecraft:tall_grass":11,"minecraft:cobblestone":6,"minecraft:wall_torch":9,"minecraft:skeleton_skull":1,"minecraft:chain":2,"minecraft:grass":16,"minecraft:dead_brain_coral_block":1,"minecraft:oak_log":3,"minecraft:coal_ore":123,"minecraft:cherry_leaves":1,"minecraft:gravel":2,"minecraft:sand":19,"minecraft:dirt":24,"minecraft:cobweb":7,"minecraft:oak_leaves":3},"minecraft:dropped":{"minecraft:iron_ingot":49,"minecraft:bread":1,"sons_of_sins:ether_ashes":6,"minecraft:bone":1,"sons_of_sins:osseous_pickaxe":1,"sons_of_sins:osseous_sword":1}},"DataVersion":3465}