{"stats":{"minecraft:broken":{"minecraft:stone_pickaxe":2,"minecraft:stone_axe":2,"minecraft:golden_pickaxe":1,"minecraft:wooden_axe":1},"minecraft:used":{"minecraft:moss_carpet":3,"minecraft:chest":2,"ancient_elements:tin_hammer":89,"minecraft:cooked_chicken":8,"minecraft:torch":57,"minecraft:dirt":19,"minecraft:granite":4,"minecraft:wooden_axe":33,"minecraft:lava_bucket":1,"minecraft:iron_axe":29,"spartanweaponry:aluminum_boomerang":118,"spartanweaponry:tin_scythe":190,"minecraft:oak_sapling":39,"minecraft:furnace":9,"minecraft:cooked_beef":18,"minecraft:egg":8,"minecraft:potato":14,"regions_unexplored:small_oak_sapling":2,"minecraft:cobbled_deepslate":6,"minecraft:bamboo_planks":22,"minecraft:cooked_mutton":12,"regions_unexplored:redwood_sapling":4,"minecraft:stone_pickaxe":263,"minecraft:wooden_pickaxe":16,"minecraft:crafting_table":18,"minecraft:red_bed":2,"spartanweaponry:iron_flanged_mace":70,"minecraft:white_bed":2,"regions_unexplored:magnolia_planks":28,"regions_unexplored:cherry_shrub":1,"alltheores:raw_uranium_block":1,"minecraft:oxeye_daisy":1,"minecraft:black_wool":1,"minecraft:apple":2,"minecraft:bread":25,"minecraft:iron_pickaxe":221,"minecraft:map":2,"spartanweaponry:wooden_club":66,"minecraft:stone_axe":44,"minecraft:cobblestone":8,"minecraft:cooked_porkchop":1,"minecraft:andesite":2,"minecraft:bucket":2,"minecraft:dandelion":1,"minecraft:coarse_dirt":3,"minecraft:golden_pickaxe":17,"spartanweaponry:iron_scythe":116},"minecraft:picked_up":{"regions_unexplored:small_oak_log":9,"minecraft:iron_chestplate":1,"minecraft:crafting_table":13,"minecraft:coarse_dirt":3,"minecraft:chicken":9,"minecraft:creeper_head":1,"regions_unexplored:magnolia_log":22,"minecraft:raw_copper":7,"minecraft:string":13,"minecraft:red_bed":3,"minecraft:moss_carpet":3,"minecraft:zombie_head":7,"regions_unexplored:bamboo_sapling":2,"minecraft:cobbled_deepslate":20,"improvableskills:scroll_normal":1,"minecraft:beef":91,"minecraft:sugar_cane":9,"spartanweaponry:iron_flanged_mace":1,"minecraft:furnace":8,"regions_unexplored:redwood_log":122,"minecraft:egg":9,"ancient_elements:raw_steel":21,"minecraft:stick":162,"minecraft:raw_iron":59,"alltheores:raw_zinc":10,"minecraft:torch":47,"sophisticatedbackpacks:backpack":1,"minecraft:porkchop":37,"ancient_elements:raw_tin":6,"minecraft:cherry_log":255,"minecraft:diorite":18,"spartanweaponry:spider_head":3,"minecraft:carrot":2,"minecraft:redstone":25,"regions_unexplored:pink_magnolia_sapling":1,"minecraft:arrow":29,"minecraft:rotten_flesh":37,"spartanweaponry:illager_head":1,"alltheores:raw_osmium":1,"minecraft:oxeye_daisy":1,"minecraft:mutton":12,"minecraft:skeleton_skull":6,"minecraft:white_wool":8,"minecraft:cobblestone":789,"minecraft:stripped_oak_log":1,"minecraft:pink_petals":10,"minecraft:feather":9,"minecraft:andesite":12,"regions_unexplored:cherry_shrub":1,"minecraft:leather":39,"minecraft:oak_log":95,"minecraft:gunpowder":8,"minecraft:lapis_lazuli":28,"minecraft:dirt":39,"regions_unexplored:small_oak_sapling":2,"alltheores:raw_tin":98,"minecraft:bone":20,"minecraft:apple":2,"minecraft:kelp":4,"minecraft:bow":1,"minecraft:wheat_seeds":18,"minecraft:raw_gold":17,"minecraft:iron_ingot":1,"regions_unexplored:redwood_sapling":4,"minecraft:rabbit":1,"regions_unexplored:bamboo_log":20,"regions_unexplored:white_magnolia_sapling":5,"minecraft:dandelion":1,"minecraft:white_bed":1,"minecraft:spider_eye":4,"alltheores:raw_nickel":6,"artifacts:crystal_heart":1,"minecraft:chainmail_leggings":1,"alltheores:raw_aluminum":8,"minecraft:granite":6,"knightquest:small_essence":17,"alltheores:raw_uranium_block":1,"minecraft:cherry_sapling":205,"alltheores:raw_silver":46,"minecraft:bread":4,"minecraft:emerald":4,"minecraft:oak_sapling":39,"minecraft:black_wool":2,"minecraft:coal":188,"alltheores:raw_silver_block":1,"minecraft:sunflower":4},"minecraft:dropped":{"minecraft:bread":4,"regions_unexplored:magnolia_planks":1,"minecraft:wheat_seeds":15,"alltheores:raw_nickel":4,"alltheores:raw_zinc":5,"minecraft:feather":1,"minecraft:cobweb":3,"minecraft:dirt":5,"minecraft:diorite":18,"spartanweaponry:wooden_club":1,"spartanweaponry:spider_head":2,"alltheores:raw_aluminum":3,"minecraft:sunflower":1,"minecraft:white_wool":1,"minecraft:kelp":4,"minecraft:cobbled_deepslate":8,"alltheores:raw_osmium":1,"minecraft:rotten_flesh":7,"minecraft:oak_planks":64,"regions_unexplored:bamboo_sapling":2,"patchouli:guide_book":1,"minecraft:gunpowder":2,"minecraft:skeleton_skull":2,"minecraft:bow":1,"minecraft:arrow":6,"minecraft:wooden_pickaxe":1},"minecraft:killed_by":{"minecraft:creeper":3,"minecraft:pillager":1,"minecraft:vindicator":1,"minecraft:skeleton":3,"minecraft:zombie":2},"minecraft:custom":{"minecraft:mob_kills":206,"minecraft:interact_with_crafting_table":42,"minecraft:open_barrel":21,"minecraft:damage_dealt_resisted":0,"minecraft:time_since_death":81941,"minecraft:climb_one_cm":4334,"minecraft:sprint_one_cm":690018,"minecraft:walk_one_cm":998883,"minecraft:drop":47,"minecraft:damage_dealt_absorbed":148,"minecraft:talked_to_villager":9,"minecraft:play_time":340842,"minecraft:sneak_time":5624,"minecraft:deaths":13,"minecraft:walk_under_water_one_cm":22880,"minecraft:jump":2486,"minecraft:interact_with_brewingstand":1,"minecraft:interact_with_blast_furnace":4,"minecraft:walk_on_water_one_cm":90248,"minecraft:total_world_time":340842,"minecraft:interact_with_furnace":114,"minecraft:interact_with_cartography_table":1,"minecraft:interact_with_stonecutter":1,"minecraft:sleep_in_bed":11,"minecraft:time_since_rest":22366,"minecraft:damage_taken":8601,"minecraft:trigger_trapped_chest":2,"minecraft:damage_dealt":25724,"minecraft:swim_one_cm":26562,"minecraft:fly_one_cm":209447,"minecraft:open_chest":61,"minecraft:crouch_one_cm":6434,"minecraft:fall_one_cm":36700,"minecraft:horse_one_cm":3616827},"minecraft:crafted":{"minecraft:saddle":1,"minecraft:oak_planks":192,"alltheores:aluminum_ingot":5,"minecraft:cooked_chicken":9,"minecraft:furnace":4,"minecraft:cooked_mutton":12,"spartanweaponry:tin_scythe":1,"alltheores:tin_ingot":12,"improvableskills:skills_book":1,"minecraft:iron_axe":1,"minecraft:stone_pickaxe":2,"minecraft:chest":3,"spartanweaponry:aluminum_boomerang":1,"regions_unexplored:magnolia_planks":68,"minecraft:cooked_rabbit":1,"sophisticatedbackpacks:iron_backpack":1,"minecraft:cooked_beef":80,"knightquest:great_essence":3,"sophisticatedbackpacks:backpack":1,"minecraft:cooked_porkchop":24,"spartanweaponry:pole":1,"minecraft:crafting_table":7,"minecraft:wooden_pickaxe":1,"alltheores:raw_silver":9,"spartanweaponry:wooden_club":1,"sophisticatedbackpacks:gold_backpack":1,"minecraft:bucket":1,"ancient_elements:tin_ingot":6,"minecraft:stone_axe":2,"minecraft:air":0,"ancient_elements:tin_hammer":1,"regions_unexplored:redwood_planks":4,"minecraft:bamboo_planks":40,"minecraft:book":2,"minecraft:paper":9,"minecraft:charcoal":69,"minecraft:stick":40,"minecraft:iron_ingot":26,"minecraft:iron_pickaxe":1,"minecraft:wooden_axe":1,"minecraft:gold_ingot":17,"minecraft:white_bed":2,"minecraft:torch":104},"minecraft:killed":{"minecraft:witch":1,"minecraft:spider":11,"minecraft:vindicator":2,"minecraft:skeleton":19,"minecraft:chicken":9,"artifacts:mimic":1,"minecraft:pig":20,"minecraft:creeper":11,"minecraft:sheep":9,"minecraft:pillager":4,"minecraft:zombie":65,"minecraft:cow":40},"minecraft:mined":{"minecraft:white_bed":1,"minecraft:oak_sapling":3,"alltheores:zinc_ore":7,"minecraft:cherry_log":4,"minecraft:cherry_sapling":11,"regions_unexplored:magnolia_log":3,"minecraft:granite":6,"alltheores:deepslate_aluminum_ore":2,"minecraft:grass_block":7,"alltheores:deepslate_silver_ore":37,"alltheores:deepslate_tin_ore":2,"minecraft:large_fern":1,"minecraft:furnace":8,"minecraft:iron_ore":26,"minecraft:andesite":3,"ancient_elements:tin_ore":4,"minecraft:moss_carpet":1,"minecraft:deepslate_lapis_ore":4,"minecraft:dirt_path":3,"minecraft:deepslate_iron_ore":11,"minecraft:stripped_oak_log":1,"alltheores:silver_ore":1,"regions_unexplored:medium_grass":8,"alltheores:aluminum_ore":5,"regions_unexplored:windswept_grass":5,"regions_unexplored:small_oak_log":1,"minecraft:stone":225,"regions_unexplored:redwood_log":2,"minecraft:podzol":1,"ancient_elements:steel_ore":11,"minecraft:deepslate_redstone_ore":5,"regions_unexplored:white_magnolia_sapling":1,"minecraft:red_bed":3,"minecraft:crafting_table":13,"minecraft:torch":17,"alltheores:raw_uranium_block":1,"regions_unexplored:pink_magnolia_sapling":2,"minecraft:tall_grass":7,"minecraft:deepslate_gold_ore":15,"minecraft:sugar_cane":2,"alltheores:deepslate_nickel_ore":4,"regions_unexplored:bamboo_log":2,"minecraft:wall_torch":28,"minecraft:pink_petals":5,"minecraft:coarse_dirt":3,"alltheores:deepslate_osmium_ore":1,"alltheores:tin_ore":90,"regions_unexplored:sandy_grass":1,"minecraft:grass":36,"regions_unexplored:cherry_shrub":1,"minecraft:oak_log":21,"minecraft:coal_ore":110,"alltheores:raw_silver_block":1,"minecraft:dirt":14,"minecraft:sunflower":3,"regions_unexplored:small_oak_sapling":1,"alltheores:deepslate_zinc_ore":1,"minecraft:oak_leaves":26,"minecraft:deepslate":13,"minecraft:fern":4}},"DataVersion":3465}