{"stats":{"minecraft:killed_by":{"minecraft:creeper":3,"minecraft:pillager":1,"minecraft:vindicator":1,"artifacts:mimic":1,"minecraft:witch":1,"minecraft:zombie":3,"mythicmounts:dragon":1,"minecraft:skeleton":3},"minecraft:mined":{"minecraft:white_bed":1,"minecraft:oak_sapling":4,"minecraft:cherry_log":47,"regions_unexplored:magnolia_log":3,"minecraft:jungle_leaves":1,"minecraft:obsidian":4,"alltheores:deepslate_aluminum_ore":2,"minecraft:granite":28,"minecraft:grass_block":238,"minecraft:jungle_log":28,"minecraft:spawner":3,"minecraft:glowstone":5,"minecraft:iron_ore":63,"minecraft:cobbled_deepslate":11,"minecraft:fletching_table":1,"minecraft:moss_carpet":1,"ancient_elements:tin_ore":7,"minecraft:anvil":1,"minecraft:deepslate_lapis_ore":12,"minecraft:cave_vines":1,"minecraft:dirt_path":3,"minecraft:light_gray_concrete":3,"minecraft:azalea_leaves":18,"minecraft:deepslate_redstone_ore":69,"regions_unexplored:white_magnolia_sapling":1,"minecraft:red_bed":7,"minecraft:clay":4,"minecraft:torch":43,"minecraft:calcite":4,"alltheores:raw_uranium_block":1,"minecraft:chest":2,"minecraft:white_stained_glass_pane":1,"regions_unexplored:pink_magnolia_sapling":2,"ancient_elements:cloud":1,"ancient_elements:deepslate_tin_ore":10,"minecraft:cobblestone":2,"minecraft:oak_planks":4,"minecraft:sugar_cane":4,"alltheores:deepslate_nickel_ore":9,"minecraft:wall_torch":63,"regions_unexplored:bamboo_log":2,"minecraft:crimson_stairs":34,"minecraft:cherry_slab":17,"ancient_elements:deepslate_steel_ore":10,"minecraft:amethyst_block":19,"minecraft:pink_petals":5,"minecraft:skeleton_skull":1,"minecraft:cherry_fence":1,"alltheores:deepslate_osmium_ore":22,"alltheores:tin_ore":90,"minecraft:cherry_door":2,"minecraft:stone_brick_stairs":11,"alltheores:deepslate_uranium_ore":6,"regions_unexplored:cherry_shrub":1,"minecraft:grass":117,"minecraft:oak_log":21,"alltheores:raw_silver_block":1,"minecraft:dirt":103,"minecraft:sand":42,"regions_unexplored:small_oak_sapling":1,"alltheores:raw_platinum_block":4,"minecraft:crimson_planks":1,"ancient_elements:jungle_steel_ore":28,"minecraft:smooth_basalt":2,"minecraft:oak_leaves":26,"minecraft:deepslate":6076,"minecraft:tuff":571,"alltheores:zinc_ore":8,"minecraft:deepslate_diamond_ore":96,"minecraft:candle":1,"minecraft:cherry_sapling":19,"minecraft:stripped_cherry_log":8,"minecraft:chiseled_bookshelf":1,"minecraft:jungle_planks":1,"alltheores:deepslate_silver_ore":50,"minecraft:moss_block":6,"alltheores:deepslate_tin_ore":2,"minecraft:large_fern":1,"minecraft:furnace":10,"minecraft:jungle_sapling":2,"ancient_elements:deepslate_jungle_steel_ore":10,"minecraft:andesite":22,"minecraft:big_dripleaf_stem":1,"minecraft:deepslate_iron_ore":63,"minecraft:vine":11,"ancient_elements:palladium_ore":17,"minecraft:lantern":1,"minecraft:stripped_oak_log":1,"alltheores:silver_ore":5,"minecraft:cherry_stairs":17,"regions_unexplored:windswept_grass":5,"minecraft:cherry_fence_gate":1,"regions_unexplored:redwood_log":2,"regions_unexplored:medium_grass":8,"alltheores:aluminum_ore":5,"regions_unexplored:small_oak_log":1,"minecraft:stone":460,"minecraft:podzol":1,"ancient_elements:deepslate_lead_ore":6,"minecraft:smithing_table":1,"ancient_elements:steel_ore":19,"minecraft:cherry_planks":75,"minecraft:crafting_table":48,"minecraft:crimson_slab":6,"minecraft:copper_ore":44,"minecraft:tall_grass":23,"minecraft:lapis_ore":1,"minecraft:deepslate_gold_ore":95,"minecraft:diorite":41,"minecraft:coarse_dirt":3,"regions_unexplored:sandy_grass":1,"minecraft:coal_ore":162,"spartanweaponry:husk_head":1,"minecraft:sunflower":3,"minecraft:gravel":76,"minecraft:cobweb":15,"minecraft:cracked_stone_bricks":1,"minecraft:stone_bricks":23,"minecraft:gold_ore":1,"minecraft:mossy_stone_bricks":1,"alltheores:deepslate_zinc_ore":2,"regions_unexplored:magnolia_planks":12,"minecraft:fern":21,"alltheores:raw_lead_block":1},"minecraft:crafted":{"minecraft:light_gray_concrete_powder":8,"minecraft:smooth_stone":29,"minecraft:oak_planks":196,"minecraft:barrel":6,"minecraft:purple_bed":1,"minecraft:cherry_slab":102,"minecraft:cooked_chicken":13,"minecraft:stone":203,"minecraft:gray_wool":2,"minecraft:cooked_mutton":12,"spartanweaponry:tin_scythe":1,"alltheores:tin_ingot":34,"ancient_elements:diamond_hammer":2,"improvableskills:skills_book":1,"minecraft:chest":28,"alltheores:raw_lead":9,"minecraft:stone_bricks":156,"minecraft:oak_fence":3,"minecraft:cherry_fence":30,"minecraft:cooked_rabbit":1,"minecraft:smoker":3,"knightquest:great_essence":15,"minecraft:emerald":21,"sophisticatedbackpacks:backpack":2,"minecraft:cooked_porkchop":52,"minecraft:crafting_table":10,"minecraft:wooden_pickaxe":1,"alltheores:raw_silver":9,"spartanweaponry:wooden_club":1,"minecraft:copper_ingot":240,"ancient_elements:tin_ingot":6,"ancient_elements:steel_hammer":7,"minecraft:stone_brick_stairs":8,"minecraft:bamboo_planks":40,"minecraft:book":4,"minecraft:paper":9,"minecraft:diamond_pickaxe":3,"minecraft:charcoal":69,"sophisticatedbackpacks:diamond_backpack":1,"minecraft:stick":40,"minecraft:iron_ingot":342,"minecraft:iron_pickaxe":1,"minecraft:iron_block":6,"minecraft:gold_ingot":321,"minecraft:light_gray_dye":3,"minecraft:cherry_planks":833,"minecraft:saddle":1,"minecraft:coal":3,"minecraft:stone_shovel":4,"minecraft:stone_brick_wall":6,"minecraft:smooth_stone_slab":6,"minecraft:iron_nugget":225,"alltheores:aluminum_ingot":5,"ancient_elements:steel_ingot":36,"minecraft:furnace":11,"minecraft:blast_furnace":3,"minecraft:gray_dye":2,"minecraft:bone_meal":93,"minecraft:lantern":25,"minecraft:iron_axe":2,"minecraft:cherry_stairs":124,"minecraft:stone_pickaxe":2,"minecraft:chiseled_bookshelf":9,"minecraft:cobblestone_wall":6,"spartanweaponry:aluminum_boomerang":1,"cgm:workbench":1,"minecraft:lead":4,"regions_unexplored:magnolia_planks":68,"sophisticatedbackpacks:iron_backpack":3,"spartanweaponry:aluminum_scythe":1,"minecraft:cherry_fence_gate":2,"minecraft:cooked_beef":94,"spartanweaponry:pole":2,"sophisticatedbackpacks:gold_backpack":3,"minecraft:bucket":1,"minecraft:stone_axe":5,"minecraft:jungle_slab":12,"minecraft:air":0,"minecraft:jungle_planks":176,"ancient_elements:tin_hammer":1,"minecraft:crimson_stairs":56,"regions_unexplored:redwood_planks":4,"minecraft:white_wool":2,"minecraft:white_dye":7,"minecraft:flint":64,"alltheores:raw_platinum":36,"minecraft:wooden_axe":2,"minecraft:cherry_door":3,"minecraft:armor_stand":2,"minecraft:anvil":2,"minecraft:white_bed":2,"apotheosis:scrap_tome":8,"minecraft:torch":176},"minecraft:killed":{"knightquest:eldknight":1,"minecraft:cave_spider":11,"minecraft:witch":5,"mythicmounts:dragon":3,"minecraft:spider":52,"minecraft:skeleton":111,"knightquest:swampman":3,"minecraft:chicken":51,"irons_spellbooks:summoned_skeleton":4,"artifacts:mimic":6,"minecraft:pig":38,"minecraft:zombie_villager":3,"irons_spellbooks:necromancer":9,"minecraft:creeper":66,"minecraft:sheep":50,"minecraft:pillager":4,"minecraft:zombie":205,"minecraft:cow":99,"irons_spellbooks:summoned_zombie":12,"minecraft:vindicator":3,"minecraft:slime":1,"minecraft:horse":1,"minecraft:drowned":1,"minecraft:husk":5,"knightquest:eldbomb":4,"knightquest:ratman":7,"minecraft:bat":1,"knightquest:lizzy":8,"minecraft:villager":7,"minecraft:enderman":2},"minecraft:broken":{"minecraft:iron_chestplate":1,"minecraft:stone_pickaxe":2,"ancient_elements:diamond_hammer":1,"minecraft:stone_axe":5,"spartanweaponry:iron_scythe":1,"minecraft:wooden_axe":1,"minecraft:stone_shovel":1,"ancient_elements:tin_hammer":1,"ancient_elements:steel_hammer":7,"minecraft:iron_axe":2,"minecraft:iron_pickaxe":2,"minecraft:golden_pickaxe":1},"minecraft:used":{"minecraft:moss_carpet":3,"minecraft:cherry_sapling":77,"minecraft:chest":28,"minecraft:iron_sword":386,"minecraft:creeper_head":1,"ancient_elements:tin_hammer":203,"minecraft:jungle_planks":1,"minecraft:tuff":38,"minecraft:lava_bucket":4,"minecraft:lantern":26,"spartanweaponry:leather_longbow":3,"minecraft:stone_brick_stairs":19,"minecraft:stone_bricks":153,"minecraft:sweet_berries":2,"minecraft:oak_sapling":39,"minecraft:furnace":14,"minecraft:egg":12,"regions_unexplored:small_oak_sapling":2,"minecraft:skeleton_skull":2,"minecraft:potato":14,"cgm:heavy_rifle":61,"regions_unexplored:redwood_sapling":4,"minecraft:diorite":12,"minecraft:oak_planks":4,"minecraft:stone_pickaxe":263,"minecraft:wooden_pickaxe":16,"spartanweaponry:spider_head":1,"minecraft:stone_brick_wall":2,"minecraft:blast_furnace":3,"spartanweaponry:iron_flanged_mace":70,"regions_unexplored:cherry_shrub":1,"spartanweaponry:aluminum_scythe":258,"minecraft:bread":25,"minecraft:zombie_head":2,"minecraft:flowering_azalea_leaves":10,"minecraft:smithing_table":1,"minecraft:andesite":25,"minecraft:stripped_cherry_log":1,"minecraft:coarse_dirt":3,"minecraft:bone_meal":41,"minecraft:golden_pickaxe":17,"spartanweaponry:iron_scythe":273,"minecraft:oak_fence":3,"minecraft:armor_stand":4,"minecraft:stone_shovel":358,"minecraft:cooked_chicken":13,"minecraft:torch":216,"minecraft:dirt":486,"minecraft:anvil":1,"cgm:workbench":1,"minecraft:cobblestone_wall":1,"spartanweaponry:husk_head":2,"cgm:rifle":55,"minecraft:granite":4,"minecraft:wooden_axe":65,"minecraft:iron_axe":171,"minecraft:cherry_slab":88,"minecraft:jungle_log":28,"minecraft:crimson_slab":43,"minecraft:iron_boots":1,"ancient_elements:steel_hammer":4457,"minecraft:barrel":6,"minecraft:cherry_fence_gate":3,"spartanweaponry:aluminum_boomerang":118,"minecraft:crimson_planks":58,"minecraft:glowstone":18,"minecraft:cherry_fence":31,"minecraft:cherry_log":343,"spartanweaponry:tin_scythe":190,"minecraft:bamboo_planks":22,"minecraft:cooked_beef":71,"minecraft:white_stained_glass_pane":37,"minecraft:cobbled_deepslate":307,"minecraft:cooked_mutton":12,"ancient_elements:diamond_hammer":2625,"minecraft:water_bucket":25,"minecraft:chiseled_bookshelf":9,"minecraft:lead":1,"cgm:pistol":62,"cgm:stun_grenade":4,"minecraft:cherry_planks":542,"minecraft:crafting_table":56,"minecraft:red_bed":6,"minecraft:white_bed":2,"minecraft:light_gray_concrete_powder":3,"regions_unexplored:magnolia_planks":40,"minecraft:smoker":3,"alltheores:raw_uranium_block":1,"minecraft:black_wool":1,"minecraft:diamond_pickaxe":49,"minecraft:apple":2,"minecraft:oxeye_daisy":1,"minecraft:cherry_door":5,"minecraft:iron_pickaxe":667,"minecraft:map":2,"spartanweaponry:wooden_club":66,"minecraft:stone_axe":214,"minecraft:purple_bed":1,"minecraft:cobblestone":254,"minecraft:cherry_stairs":137,"minecraft:azalea_leaves":18,"minecraft:bucket":30,"minecraft:crimson_stairs":198,"minecraft:cooked_porkchop":39,"minecraft:dandelion":1,"minecraft:purple_carpet":8},"minecraft:picked_up":{"regions_unexplored:small_oak_log":9,"irons_spellbooks:scroll":3,"minecraft:iron_chestplate":2,"cgm:basic_bullet":1055,"minecraft:chainmail_boots":2,"minecraft:anvil":1,"minecraft:creeper_head":5,"regions_unexplored:magnolia_log":22,"minecraft:smithing_table":1,"minecraft:potion":1,"minecraft:stone_brick_stairs":11,"minecraft:crimson_planks":50,"ancient_elements:raw_palladium":59,"minecraft:amethyst_block":62,"alltheores:raw_lead_block":2,"minecraft:string":82,"minecraft:raw_copper":129,"minecraft:iron_leggings":4,"minecraft:armor_stand":2,"minecraft:zombie_head":21,"minecraft:beetroot":2,"irons_spellbooks:arcane_essence":14,"regions_unexplored:bamboo_sapling":2,"minecraft:cobbled_deepslate":47850,"alltheores:nickel_ingot":2,"cgm:short_scope":1,"minecraft:calcite":9,"minecraft:iron_pickaxe":1,"cgm:advanced_bullet":768,"spartanweaponry:iron_flanged_mace":1,"regions_unexplored:redwood_log":122,"minecraft:iron_boots":5,"minecraft:furnace":10,"cgm:light_grip":1,"minecraft:stick":267,"artifacts:universal_attractor":1,"apotheosis:gem":27,"minecraft:big_dripleaf":2,"minecraft:torch":113,"minecraft:porkchop":55,"minecraft:cherry_log":630,"minecraft:diorite":379,"minecraft:black_dye":1,"regions_unexplored:pink_magnolia_sapling":1,"minecraft:stone_sword":1,"minecraft:rotten_flesh":202,"minecraft:tropical_fish":1,"alltheores:silver_ingot":14,"irons_spellbooks:arcane_debris":1,"minecraft:obsidian":3,"minecraft:cobblestone":2857,"minecraft:pink_petals":10,"minecraft:leather_chestplate":2,"minecraft:feather":53,"minecraft:cooked_beef":108,"minecraft:cherry_planks":72,"minecraft:andesite":262,"minecraft:water_bucket":1,"minecraft:jungle_log":72,"regions_unexplored:cherry_shrub":1,"minecraft:brown_wool":3,"minecraft:golden_leggings":1,"minecraft:potato":1,"ancient_elements:raw_lead":90,"minecraft:flint":4,"minecraft:tuff":4415,"minecraft:cherry_fence":2,"cgm:heavy_rifle":1,"minecraft:cherry_door":2,"minecraft:lapis_lazuli":358,"minecraft:dirt":846,"minecraft:lantern":1,"knightquest:lizzy_scale":4,"artifacts:shock_pendant":1,"knightquest:ratman_eye":1,"minecraft:leather_boots":1,"alltheores:raw_tin":99,"minecraft:bone":120,"minecraft:fletching_table":1,"minecraft:bow":16,"minecraft:wheat_seeds":64,"regions_unexplored:magnolia_planks":10,"minecraft:raw_gold":249,"minecraft:mossy_stone_bricks":2,"minecraft:rabbit":1,"minecraft:glowstone_dust":14,"minecraft:moss_block":4,"minecraft:oak_planks":4,"alltheores:raw_nickel_block":3,"regions_unexplored:bamboo_log":20,"minecraft:cooked_porkchop":17,"cgm:rifle":1,"alltheores:raw_lead":45,"minecraft:sand":42,"minecraft:jungle_planks":1,"spartanweaponry:wooden_longbow":1,"cgm:silencer":1,"alltheores:raw_nickel":52,"cgm:pistol":1,"minecraft:light_gray_concrete":3,"cgm:stun_grenade":6,"minecraft:diamond":369,"artifacts:crystal_heart":1,"alltheores:raw_aluminum":8,"minecraft:crossbow":1,"knightquest:small_essence":69,"minecraft:granite":209,"minecraft:chainmail_helmet":1,"minecraft:emerald":7,"minecraft:bread":4,"ancient_elements:raw_jungle_steel":96,"minecraft:oak_sapling":71,"minecraft:cherry_slab":20,"alltheores:raw_platinum":110,"minecraft:crafting_table":48,"minecraft:cocoa_beans":9,"alltheores:osmium_ingot":18,"minecraft:coarse_dirt":3,"minecraft:chicken":45,"minecraft:clay_ball":20,"spartanweaponry:husk_head":2,"minecraft:turtle_helmet":2,"spartanweaponry:cave_spider_head":1,"irons_spellbooks:tarnished_helmet":3,"minecraft:stripped_cherry_log":7,"minecraft:shield":1,"minecraft:red_bed":7,"minecraft:moss_carpet":3,"artifacts:feral_claws":1,"minecraft:iron_shovel":2,"minecraft:cracked_stone_bricks":3,"minecraft:candle":4,"spartanweaponry:iron_longbow":1,"improvableskills:scroll_normal":21,"minecraft:beef":97,"spartanweaponry:leather_longbow":1,"minecraft:jungle_sapling":3,"minecraft:iron_nugget":1,"minecraft:sugar_cane":29,"minecraft:chest":2,"minecraft:egg":27,"minecraft:raw_iron":250,"ancient_elements:raw_steel":103,"minecraft:stone":3,"minecraft:cherry_stairs":16,"alltheores:raw_zinc":11,"minecraft:copper_ingot":189,"minecraft:flowering_azalea_leaves":40,"sophisticatedbackpacks:backpack":2,"alltheores:raw_platinum_block":8,"ancient_elements:raw_tin":94,"spartanweaponry:spider_head":7,"minecraft:carrot":4,"minecraft:redstone":1803,"minecraft:cherry_fence_gate":1,"minecraft:arrow":115,"regions_unexplored:mauve_sapling":2,"spartanweaponry:illager_head":1,"artifacts:cross_necklace":1,"minecraft:gold_ingot":40,"sophisticatedbackpacks:copper_backpack":1,"alltheores:raw_osmium":129,"minecraft:glow_berries":1,"minecraft:mutton":14,"minecraft:rail":1,"minecraft:skeleton_skull":13,"minecraft:white_wool":38,"minecraft:crimson_slab":6,"minecraft:oxeye_daisy":1,"minecraft:stripped_oak_log":1,"minecraft:glow_ink_sac":4,"minecraft:leather":87,"spartanweaponry:iron_longsword":1,"minecraft:oak_log":123,"minecraft:chainmail_chestplate":3,"minecraft:gunpowder":56,"regions_unexplored:small_oak_sapling":2,"minecraft:cooked_mutton":59,"minecraft:apple":3,"minecraft:stone_bricks":28,"minecraft:kelp":4,"regions_unexplored:redwood_sapling":4,"minecraft:iron_ingot":62,"artifacts:whoopee_cushion":1,"ancient_elements:tin_hammer":1,"artifacts:kitty_slippers":1,"minecraft:iron_sword":1,"artifacts:obsidian_skull":1,"minecraft:smooth_basalt":13,"regions_unexplored:white_magnolia_sapling":5,"minecraft:sweet_berries":2,"minecraft:dandelion":1,"minecraft:gravel":79,"alltheores:uranium_ingot":7,"alltheores:raw_uranium":49,"minecraft:crimson_stairs":32,"minecraft:white_bed":1,"minecraft:spider_eye":18,"minecraft:leather_helmet":1,"cgm:tactical_stock":1,"minecraft:chainmail_leggings":4,"minecraft:iron_helmet":3,"alltheores:raw_uranium_block":1,"minecraft:cherry_sapling":339,"alltheores:raw_silver":117,"minecraft:gray_wool":3,"minecraft:black_wool":5,"minecraft:coal":388,"alltheores:raw_silver_block":4,"minecraft:sunflower":4,"minecraft:ender_pearl":2},"minecraft:dropped":{"alltheores:raw_silver":11,"minecraft:cooked_beef":1,"alltheores:raw_nickel":28,"minecraft:diamond":64,"minecraft:cooked_porkchop":13,"alltheores:raw_zinc":8,"ancient_elements:raw_lead":5,"minecraft:dirt":322,"minecraft:crimson_roots":64,"minecraft:jungle_sapling":3,"minecraft:sunflower":1,"minecraft:white_wool":1,"minecraft:bone":24,"minecraft:gravel":1,"minecraft:iron_nugget":1,"minecraft:cobbled_deepslate":2721,"minecraft:rotten_flesh":55,"minecraft:oak_planks":64,"minecraft:azure_bluet":1,"patchouli:guide_book":1,"ancient_elements:raw_tin":1,"minecraft:gunpowder":2,"spartanweaponry:stone_boomerang":1,"minecraft:skeleton_skull":2,"improvableskills:scroll_normal":7,"minecraft:arrow":26,"alltheores:raw_nickel_block":2,"minecraft:egg":1,"minecraft:crimson_planks":50,"minecraft:bread":4,"regions_unexplored:magnolia_planks":1,"minecraft:wheat_seeds":43,"minecraft:feather":2,"minecraft:cobblestone":340,"minecraft:lead":1,"minecraft:granite":49,"minecraft:cobweb":3,"minecraft:diorite":24,"spartanweaponry:wooden_club":1,"spartanweaponry:spider_head":2,"alltheores:raw_aluminum":3,"minecraft:string":14,"minecraft:bucket":1,"minecraft:smooth_basalt":4,"minecraft:kelp":4,"minecraft:stone_sword":1,"minecraft:raw_copper":9,"minecraft:cocoa_beans":9,"alltheores:raw_osmium":41,"minecraft:tuff":396,"minecraft:clay_ball":12,"sophisticatedbackpacks:backpack":1,"minecraft:cherry_slab":3,"regions_unexplored:bamboo_sapling":2,"minecraft:big_dripleaf":2,"minecraft:andesite":57,"minecraft:oak_sapling":16,"minecraft:bow":4,"minecraft:wooden_pickaxe":1,"cgm:stun_grenade":2,"minecraft:calcite":9,"ancient_elements:tin_hammer":1},"minecraft:custom":{"minecraft:interact_with_crafting_table":230,"minecraft:open_barrel":49,"goblintraders:trade_with_goblin":328,"minecraft:leave_game":2,"minecraft:time_since_death":337359,"minecraft:damage_resisted":0,"minecraft:sprint_one_cm":2065003,"minecraft:drop":186,"minecraft:talked_to_villager":23,"minecraft:play_time":1349833,"minecraft:deaths":20,"minecraft:jump":6450,"minecraft:interact_with_brewingstand":1,"minecraft:walk_on_water_one_cm":168945,"minecraft:interact_with_furnace":201,"minecraft:interact_with_cartography_table":2,"minecraft:sleep_in_bed":27,"minecraft:damage_dealt":98561,"minecraft:player_kills":2,"minecraft:crouch_one_cm":111360,"minecraft:interact_with_smoker":36,"minecraft:horse_one_cm":7501768,"minecraft:interact_with_smithing_table":7,"minecraft:interact_with_anvil":5,"minecraft:mob_kills":798,"minecraft:damage_dealt_resisted":439,"minecraft:climb_one_cm":8570,"minecraft:walk_one_cm":5018844,"minecraft:damage_dealt_absorbed":148,"minecraft:sneak_time":33658,"minecraft:walk_under_water_one_cm":67683,"minecraft:interact_with_blast_furnace":114,"minecraft:total_world_time":1349833,"minecraft:interact_with_stonecutter":1,"minecraft:time_since_rest":130411,"minecraft:damage_taken":18982,"minecraft:trigger_trapped_chest":2,"minecraft:swim_one_cm":58691,"minecraft:fly_one_cm":585196,"minecraft:open_chest":260,"minecraft:fall_one_cm":130516}},"DataVersion":3465}