{"stats":{"minecraft:killed":{"minecraft:spider":6,"minecraft:skeleton":7,"minecraft:chicken":2,"artifacts:mimic":1,"minecraft:pig":6,"minecraft:creeper":5,"minecraft:sheep":5,"minecraft:zombie":24,"minecraft:cow":8},"minecraft:crafted":{"minecraft:saddle":1,"minecraft:oak_planks":192,"minecraft:cooked_chicken":2,"minecraft:furnace":1,"spartanweaponry:tin_scythe":1,"alltheores:tin_ingot":12,"minecraft:stone_pickaxe":2,"minecraft:cooked_beef":18,"knightquest:great_essence":1,"spartanweaponry:pole":1,"minecraft:crafting_table":2,"alltheores:raw_silver":9,"minecraft:wooden_pickaxe":1,"spartanweaponry:wooden_club":1,"minecraft:stone_axe":1,"minecraft:air":0,"minecraft:bamboo_planks":40,"minecraft:stick":40,"minecraft:iron_ingot":11,"minecraft:iron_pickaxe":1,"minecraft:wooden_axe":1,"minecraft:white_bed":1,"minecraft:torch":12},"minecraft:killed_by":{"minecraft:creeper":2,"minecraft:vindicator":1,"minecraft:skeleton":3,"minecraft:zombie":1},"minecraft:picked_up":{"regions_unexplored:small_oak_log":9,"minecraft:coarse_dirt":3,"minecraft:crafting_table":9,"minecraft:chicken":2,"minecraft:creeper_head":1,"minecraft:string":5,"minecraft:moss_carpet":3,"minecraft:zombie_head":4,"regions_unexplored:bamboo_sapling":2,"minecraft:cobbled_deepslate":11,"improvableskills:scroll_normal":1,"minecraft:beef":18,"minecraft:sugar_cane":5,"minecraft:egg":5,"minecraft:furnace":3,"minecraft:raw_iron":13,"minecraft:stick":30,"alltheores:raw_zinc":7,"minecraft:torch":6,"minecraft:porkchop":12,"spartanweaponry:spider_head":2,"minecraft:redstone":25,"minecraft:arrow":9,"minecraft:rotten_flesh":12,"alltheores:raw_osmium":1,"minecraft:mutton":7,"minecraft:skeleton_skull":3,"minecraft:white_wool":5,"minecraft:cobblestone":65,"minecraft:stripped_oak_log":1,"minecraft:feather":1,"minecraft:andesite":2,"regions_unexplored:cherry_shrub":1,"minecraft:leather":7,"minecraft:oak_log":95,"minecraft:gunpowder":6,"minecraft:lapis_lazuli":28,"minecraft:dirt":8,"regions_unexplored:small_oak_sapling":2,"alltheores:raw_tin":98,"minecraft:bone":7,"minecraft:apple":2,"minecraft:kelp":4,"minecraft:wheat_seeds":10,"minecraft:raw_gold":7,"regions_unexplored:bamboo_log":20,"alltheores:raw_nickel":6,"artifacts:crystal_heart":1,"alltheores:raw_aluminum":6,"knightquest:small_essence":6,"alltheores:raw_uranium_block":1,"alltheores:raw_silver":43,"alltheores:raw_silver_block":1,"minecraft:oak_sapling":37,"minecraft:black_wool":1,"minecraft:coal":23},"minecraft:custom":{"minecraft:mob_kills":66,"minecraft:interact_with_crafting_table":16,"minecraft:open_barrel":12,"minecraft:time_since_death":7704,"minecraft:sprint_one_cm":201109,"minecraft:walk_one_cm":378909,"minecraft:drop":24,"minecraft:play_time":137402,"minecraft:deaths":8,"minecraft:sneak_time":2911,"minecraft:walk_under_water_one_cm":13819,"minecraft:jump":759,"minecraft:walk_on_water_one_cm":42386,"minecraft:total_world_time":137402,"minecraft:interact_with_furnace":22,"minecraft:sleep_in_bed":2,"minecraft:time_since_rest":7738,"minecraft:damage_taken":3869,"minecraft:damage_dealt":10871,"minecraft:swim_one_cm":17473,"minecraft:fly_one_cm":85712,"minecraft:open_chest":1,"minecraft:crouch_one_cm":4452,"minecraft:fall_one_cm":9818,"minecraft:horse_one_cm":1858216},"minecraft:used":{"minecraft:moss_carpet":3,"minecraft:cooked_chicken":2,"minecraft:torch":10,"minecraft:dirt":8,"minecraft:wooden_axe":33,"spartanweaponry:tin_scythe":118,"minecraft:oak_sapling":37,"minecraft:furnace":4,"regions_unexplored:small_oak_sapling":2,"minecraft:egg":5,"minecraft:cooked_beef":13,"minecraft:cobbled_deepslate":4,"minecraft:bamboo_planks":22,"minecraft:stone_pickaxe":167,"minecraft:wooden_pickaxe":16,"minecraft:crafting_table":11,"minecraft:white_bed":1,"regions_unexplored:cherry_shrub":1,"alltheores:raw_uranium_block":1,"minecraft:black_wool":1,"minecraft:apple":2,"minecraft:iron_pickaxe":67,"spartanweaponry:wooden_club":66,"minecraft:stone_axe":20,"minecraft:cobblestone":7,"minecraft:andesite":2,"minecraft:coarse_dirt":3,"minecraft:golden_pickaxe":17},"minecraft:dropped":{"minecraft:wheat_seeds":10,"alltheores:raw_nickel":4,"alltheores:raw_zinc":5,"minecraft:feather":1,"minecraft:cobweb":3,"spartanweaponry:wooden_club":1,"spartanweaponry:spider_head":2,"alltheores:raw_aluminum":1,"minecraft:white_wool":1,"minecraft:kelp":4,"minecraft:cobbled_deepslate":2,"alltheores:raw_osmium":1,"minecraft:rotten_flesh":3,"minecraft:oak_planks":64,"regions_unexplored:bamboo_sapling":2,"patchouli:guide_book":1,"minecraft:gunpowder":2,"minecraft:skeleton_skull":1,"minecraft:arrow":3,"minecraft:wooden_pickaxe":1},"minecraft:mined":{"minecraft:oak_sapling":3,"alltheores:zinc_ore":5,"alltheores:deepslate_aluminum_ore":1,"alltheores:deepslate_silver_ore":34,"alltheores:deepslate_tin_ore":2,"minecraft:large_fern":1,"minecraft:furnace":3,"minecraft:iron_ore":9,"minecraft:andesite":2,"minecraft:moss_carpet":1,"minecraft:deepslate_lapis_ore":4,"minecraft:deepslate_iron_ore":2,"minecraft:stripped_oak_log":1,"regions_unexplored:medium_grass":5,"alltheores:aluminum_ore":5,"regions_unexplored:small_oak_log":1,"minecraft:stone":61,"regions_unexplored:windswept_grass":2,"minecraft:podzol":1,"minecraft:deepslate_redstone_ore":5,"minecraft:crafting_table":9,"minecraft:torch":4,"alltheores:raw_uranium_block":1,"minecraft:tall_grass":4,"minecraft:deepslate_gold_ore":6,"regions_unexplored:bamboo_log":2,"minecraft:sugar_cane":2,"alltheores:deepslate_nickel_ore":3,"minecraft:wall_torch":2,"minecraft:coarse_dirt":3,"alltheores:deepslate_osmium_ore":1,"alltheores:tin_ore":90,"regions_unexplored:sandy_grass":1,"minecraft:grass":6,"regions_unexplored:cherry_shrub":1,"minecraft:oak_log":21,"minecraft:coal_ore":12,"alltheores:raw_silver_block":1,"regions_unexplored:small_oak_sapling":1,"minecraft:dirt":7,"alltheores:deepslate_zinc_ore":1,"minecraft:oak_leaves":8,"minecraft:deepslate":9,"minecraft:fern":3},"minecraft:broken":{"minecraft:stone_pickaxe":1,"minecraft:golden_pickaxe":1,"minecraft:wooden_axe":1}},"DataVersion":3465}