{"stats":{"minecraft:killed":{"minecraft:pig":6,"minecraft:spider":6,"minecraft:creeper":3,"minecraft:skeleton":4,"minecraft:sheep":5,"minecraft:zombie":12,"minecraft:chicken":2,"artifacts:mimic":1,"minecraft:cow":8},"minecraft:crafted":{"minecraft:saddle":1,"minecraft:oak_planks":192,"spartanweaponry:pole":1,"minecraft:crafting_table":2,"minecraft:cooked_chicken":2,"minecraft:wooden_pickaxe":1,"minecraft:furnace":1,"spartanweaponry:wooden_club":1,"minecraft:stone_axe":1,"minecraft:air":0,"spartanweaponry:tin_scythe":1,"alltheores:tin_ingot":12,"minecraft:stick":4,"minecraft:iron_ingot":11,"minecraft:iron_pickaxe":1,"minecraft:stone_pickaxe":2,"minecraft:wooden_axe":1,"minecraft:white_bed":1,"minecraft:torch":4,"minecraft:cooked_beef":18},"minecraft:killed_by":{"minecraft:vindicator":1,"minecraft:skeleton":3,"minecraft:zombie":1},"minecraft:picked_up":{"minecraft:stripped_oak_log":1,"minecraft:crafting_table":9,"minecraft:coarse_dirt":3,"minecraft:feather":1,"minecraft:chicken":2,"minecraft:creeper_head":1,"regions_unexplored:cherry_shrub":1,"minecraft:andesite":2,"minecraft:leather":7,"minecraft:oak_log":95,"minecraft:gunpowder":2,"minecraft:dirt":8,"minecraft:string":4,"minecraft:moss_carpet":3,"regions_unexplored:small_oak_sapling":2,"minecraft:zombie_head":2,"alltheores:raw_tin":98,"minecraft:bone":4,"minecraft:apple":2,"minecraft:kelp":4,"minecraft:wheat_seeds":10,"regions_unexplored:bamboo_sapling":2,"minecraft:cobbled_deepslate":4,"minecraft:beef":18,"minecraft:sugar_cane":5,"regions_unexplored:bamboo_log":20,"minecraft:furnace":3,"minecraft:egg":5,"minecraft:stick":30,"minecraft:raw_iron":11,"alltheores:raw_zinc":5,"minecraft:torch":5,"minecraft:porkchop":12,"spartanweaponry:spider_head":2,"alltheores:raw_nickel":4,"minecraft:arrow":3,"minecraft:rotten_flesh":5,"artifacts:crystal_heart":1,"alltheores:raw_aluminum":5,"alltheores:raw_uranium_block":1,"knightquest:small_essence":2,"minecraft:skeleton_skull":1,"minecraft:oak_sapling":37,"minecraft:black_wool":1,"minecraft:mutton":7,"minecraft:coal":23,"minecraft:white_wool":4,"minecraft:cobblestone":65,"regions_unexplored:small_oak_log":9},"minecraft:custom":{"minecraft:interact_with_furnace":22,"minecraft:mob_kills":47,"minecraft:open_barrel":2,"minecraft:interact_with_crafting_table":16,"minecraft:time_since_death":5242,"minecraft:sleep_in_bed":1,"minecraft:time_since_rest":1745,"minecraft:sprint_one_cm":147244,"minecraft:damage_taken":2259,"minecraft:walk_one_cm":289618,"minecraft:drop":15,"minecraft:damage_dealt":7172,"minecraft:swim_one_cm":16263,"minecraft:fly_one_cm":40951,"minecraft:open_chest":1,"minecraft:crouch_one_cm":2743,"minecraft:play_time":113402,"minecraft:deaths":6,"minecraft:sneak_time":2424,"minecraft:walk_under_water_one_cm":11450,"minecraft:jump":602,"minecraft:walk_on_water_one_cm":35026,"minecraft:total_world_time":113402,"minecraft:horse_one_cm":1858216,"minecraft:fall_one_cm":9148},"minecraft:used":{"minecraft:moss_carpet":3,"minecraft:stone_pickaxe":167,"minecraft:wooden_pickaxe":16,"minecraft:cooked_chicken":2,"minecraft:torch":6,"minecraft:dirt":8,"minecraft:crafting_table":11,"minecraft:white_bed":1,"regions_unexplored:cherry_shrub":1,"alltheores:raw_uranium_block":1,"minecraft:wooden_axe":33,"minecraft:apple":2,"minecraft:black_wool":1,"minecraft:iron_pickaxe":3,"spartanweaponry:wooden_club":66,"minecraft:stone_axe":20,"minecraft:cobblestone":7,"spartanweaponry:tin_scythe":66,"minecraft:furnace":4,"minecraft:oak_sapling":37,"minecraft:cobbled_deepslate":4,"minecraft:andesite":2,"minecraft:cooked_beef":5,"regions_unexplored:small_oak_sapling":2,"minecraft:egg":5,"minecraft:golden_pickaxe":17,"minecraft:coarse_dirt":3},"minecraft:dropped":{"minecraft:kelp":4,"minecraft:wheat_seeds":10,"alltheores:raw_nickel":2,"alltheores:raw_zinc":5,"minecraft:feather":1,"minecraft:rotten_flesh":2,"minecraft:oak_planks":64,"regions_unexplored:bamboo_sapling":2,"minecraft:gunpowder":2,"spartanweaponry:wooden_club":1,"spartanweaponry:spider_head":2,"minecraft:arrow":3,"minecraft:wooden_pickaxe":1},"minecraft:mined":{"minecraft:podzol":1,"minecraft:oak_sapling":3,"alltheores:zinc_ore":5,"minecraft:crafting_table":9,"minecraft:torch":3,"alltheores:raw_uranium_block":1,"minecraft:tall_grass":4,"alltheores:deepslate_nickel_ore":2,"minecraft:sugar_cane":2,"regions_unexplored:bamboo_log":2,"minecraft:wall_torch":2,"alltheores:deepslate_tin_ore":2,"minecraft:large_fern":1,"minecraft:coarse_dirt":3,"minecraft:furnace":3,"minecraft:iron_ore":9,"minecraft:andesite":2,"alltheores:tin_ore":90,"minecraft:moss_carpet":1,"regions_unexplored:sandy_grass":1,"minecraft:grass":6,"regions_unexplored:cherry_shrub":1,"minecraft:coal_ore":12,"minecraft:oak_log":21,"minecraft:dirt":7,"regions_unexplored:small_oak_sapling":1,"minecraft:stripped_oak_log":1,"minecraft:deepslate":1,"regions_unexplored:medium_grass":5,"alltheores:aluminum_ore":5,"regions_unexplored:small_oak_log":1,"minecraft:stone":61,"regions_unexplored:windswept_grass":2,"minecraft:oak_leaves":8,"minecraft:fern":3},"minecraft:broken":{"minecraft:stone_pickaxe":1,"minecraft:golden_pickaxe":1,"minecraft:wooden_axe":1}},"DataVersion":3465}