{
  "minecraft:recipes/decorations/crafting_table": {
    "criteria": {
      "unlock_right_away": "2024-10-01 04:00:35 +0000"
    },
    "done": true
  },
  "combat_manual:grant_book": {
    "criteria": {
      "tick": "2024-10-01 04:00:35 +0000"
    },
    "done": true
  },
  "regions_unexplored:parent": {
    "criteria": {
      "load_in_world": "2024-10-01 04:00:37 +0000"
    },
    "done": true
  },
  "regions_unexplored:regions_explored": {
    "criteria": {
      "grassy_beach": "2024-10-01 04:03:55 +0000",
      "deciduous_forest": "2024-10-01 04:00:37 +0000",
      "bamboo_forest": "2024-10-01 04:23:50 +0000",
      "grassland": "2024-10-01 04:03:09 +0000",
      "prairie": "2024-10-01 04:04:19 +0000",
      "redwoods": "2024-10-01 04:24:18 +0000"
    },
    "done": false
  },
  "regions_unexplored:pioneer": {
    "criteria": {
      "grassy_beach": "2024-10-01 04:03:55 +0000",
      "deciduous_forest": "2024-10-01 04:00:37 +0000",
      "bamboo_forest": "2024-10-01 04:23:50 +0000",
      "grassland": "2024-10-01 04:03:09 +0000",
      "prairie": "2024-10-01 04:04:19 +0000",
      "redwoods": "2024-10-01 04:24:18 +0000"
    },
    "done": false
  },
  "spartanweaponry:recipes/wooden_club": {
    "criteria": {
      "has_wood_log": "2024-10-01 04:01:23 +0000"
    },
    "done": true
  },
  "minecraft:recipes/misc/charcoal": {
    "criteria": {
      "has_log": "2024-10-01 04:01:23 +0000"
    },
    "done": true
  },
  "regions_unexplored:recipes/decorations/oak_branch_from_oak_log": {
    "criteria": {
      "has_log": "2024-10-01 04:01:23 +0000"
    },
    "done": true
  },
  "minecraft:recipes/building_blocks/oak_planks": {
    "criteria": {
      "has_logs": "2024-10-01 04:01:23 +0000"
    },
    "done": true
  },
  "minecraft:recipes/building_blocks/oak_wood": {
    "criteria": {
      "has_log": "2024-10-01 04:01:23 +0000"
    },
    "done": true
  },
  "regions_unexplored:recipes/building_blocks/lime_painted_planks": {
    "criteria": {
      "has_planks": "2024-10-01 04:03:07 +0000"
    },
    "done": true
  },
  "spartanweaponry:recipes/wooden_scythe": {
    "criteria": {
      "has_wood": "2024-10-01 04:03:07 +0000"
    },
    "done": true
  },
  "minecraft:recipes/decorations/oak_sign": {
    "criteria": {
      "has_planks": "2024-10-01 04:03:07 +0000"
    },
    "done": true
  },
  "spartanweaponry:recipes/wooden_spear": {
    "criteria": {
      "has_wood": "2024-10-01 04:03:07 +0000"
    },
    "done": true
  },
  "spartanshields:recipes/wooden_basic_shield": {
    "criteria": {
      "has_planks": "2024-10-01 04:03:07 +0000"
    },
    "done": true
  },
  "regions_unexplored:recipes/building_blocks/brown_painted_planks": {
    "criteria": {
      "has_planks": "2024-10-01 04:03:07 +0000"
    },
    "done": true
  },
  "minecraft:recipes/misc/stick": {
    "criteria": {
      "has_planks": "2024-10-01 04:03:07 +0000"
    },
    "done": true
  },
  "spartanweaponry:recipes/wooden_saber": {
    "criteria": {
      "has_wood": "2024-10-01 04:03:07 +0000"
    },
    "done": true
  },
  "spartanweaponry:recipes/wooden_javelin": {
    "criteria": {
      "has_wood": "2024-10-01 04:03:07 +0000"
    },
    "done": true
  },
  "regions_unexplored:recipes/building_blocks/black_painted_planks": {
    "criteria": {
      "has_planks": "2024-10-01 04:03:07 +0000"
    },
    "done": true
  },
  "spartanweaponry:recipes/wooden_quarterstaff": {
    "criteria": {
      "has_wood": "2024-10-01 04:03:07 +0000"
    },
    "done": true
  },
  "regions_unexplored:recipes/building_blocks/cyan_painted_planks": {
    "criteria": {
      "has_planks": "2024-10-01 04:03:07 +0000"
    },
    "done": true
  },
  "minecraft:recipes/building_blocks/oak_slab": {
    "criteria": {
      "has_planks": "2024-10-01 04:03:07 +0000"
    },
    "done": true
  },
  "spartanweaponry:recipes/wooden_warhammer": {
    "criteria": {
      "has_wood": "2024-10-01 04:03:07 +0000"
    },
    "done": true
  },
  "minecraft:recipes/redstone/oak_fence_gate": {
    "criteria": {
      "has_planks": "2024-10-01 04:03:07 +0000"
    },
    "done": true
  },
  "spartanweaponry:recipes/wooden_greatsword": {
    "criteria": {
      "has_wood": "2024-10-01 04:03:07 +0000"
    },
    "done": true
  },
  "spartanweaponry:recipes/wooden_parrying_dagger": {
    "criteria": {
      "has_wood": "2024-10-01 04:03:07 +0000"
    },
    "done": true
  },
  "spartanweaponry:recipes/wooden_rapier": {
    "criteria": {
      "has_wood": "2024-10-01 04:03:07 +0000"
    },
    "done": true
  },
  "regions_unexplored:recipes/building_blocks/blue_painted_planks": {
    "criteria": {
      "has_planks": "2024-10-01 04:03:07 +0000"
    },
    "done": true
  },
  "minecraft:recipes/redstone/oak_door": {
    "criteria": {
      "has_planks": "2024-10-01 04:03:07 +0000"
    },
    "done": true
  },
  "spartanweaponry:recipes/wooden_boomerang": {
    "criteria": {
      "has_wood": "2024-10-01 04:03:07 +0000"
    },
    "done": true
  },
  "spartanweaponry:recipes/wooden_throwing_knife": {
    "criteria": {
      "has_wood": "2024-10-01 04:03:07 +0000"
    },
    "done": true
  },
  "spartanweaponry:recipes/wooden_flanged_mace": {
    "criteria": {
      "has_wood": "2024-10-01 04:03:07 +0000"
    },
    "done": true
  },
  "minecraft:recipes/decorations/barrel": {
    "criteria": {
      "has_planks": "2024-10-01 04:03:07 +0000"
    },
    "done": true
  },
  "regions_unexplored:recipes/building_blocks/orange_painted_planks": {
    "criteria": {
      "has_planks": "2024-10-01 04:03:07 +0000"
    },
    "done": true
  },
  "regions_unexplored:recipes/building_blocks/gray_painted_planks": {
    "criteria": {
      "has_planks": "2024-10-01 04:03:07 +0000"
    },
    "done": true
  },
  "spartanweaponry:recipes/wooden_longbow": {
    "criteria": {
      "has_wood": "2024-10-01 04:03:07 +0000"
    },
    "done": true
  },
  "regions_unexplored:recipes/building_blocks/red_painted_planks": {
    "criteria": {
      "has_planks": "2024-10-01 04:03:07 +0000"
    },
    "done": true
  },
  "spartanweaponry:recipes/wooden_glaive": {
    "criteria": {
      "has_wood": "2024-10-01 04:03:07 +0000"
    },
    "done": true
  },
  "minecraft:recipes/redstone/oak_trapdoor": {
    "criteria": {
      "has_planks": "2024-10-01 04:03:07 +0000"
    },
    "done": true
  },
  "spartanweaponry:recipes/wooden_lance": {
    "criteria": {
      "has_wood": "2024-10-01 04:03:07 +0000"
    },
    "done": true
  },
  "regions_unexplored:recipes/building_blocks/green_painted_planks": {
    "criteria": {
      "has_planks": "2024-10-01 04:03:07 +0000"
    },
    "done": true
  },
  "spartanweaponry:recipes/wooden_longsword": {
    "criteria": {
      "has_wood": "2024-10-01 04:03:07 +0000"
    },
    "done": true
  },
  "spartanshields:recipes/wooden_tower_shield": {
    "criteria": {
      "has_planks": "2024-10-01 04:03:07 +0000"
    },
    "done": true
  },
  "regions_unexplored:recipes/building_blocks/white_painted_planks": {
    "criteria": {
      "has_planks": "2024-10-01 04:03:07 +0000"
    },
    "done": true
  },
  "regions_unexplored:recipes/building_blocks/light_gray_painted_planks": {
    "criteria": {
      "has_planks": "2024-10-01 04:03:07 +0000"
    },
    "done": true
  },
  "spartanweaponry:recipes/wooden_pike": {
    "criteria": {
      "has_wood": "2024-10-01 04:03:07 +0000"
    },
    "done": true
  },
  "minecraft:recipes/building_blocks/oak_stairs": {
    "criteria": {
      "has_planks": "2024-10-01 04:03:07 +0000"
    },
    "done": true
  },
  "minecraft:recipes/decorations/oak_fence": {
    "criteria": {
      "has_planks": "2024-10-01 04:03:07 +0000"
    },
    "done": true
  },
  "regions_unexplored:recipes/building_blocks/light_blue_painted_planks": {
    "criteria": {
      "has_planks": "2024-10-01 04:03:07 +0000"
    },
    "done": true
  },
  "spartanweaponry:recipes/wooden_halberd": {
    "criteria": {
      "has_wood": "2024-10-01 04:03:07 +0000"
    },
    "done": true
  },
  "regions_unexplored:recipes/building_blocks/yellow_painted_planks": {
    "criteria": {
      "has_planks": "2024-10-01 04:03:07 +0000"
    },
    "done": true
  },
  "regions_unexplored:recipes/building_blocks/purple_painted_planks": {
    "criteria": {
      "has_planks": "2024-10-01 04:03:07 +0000"
    },
    "done": true
  },
  "spartanweaponry:recipes/wooden_katana": {
    "criteria": {
      "has_wood": "2024-10-01 04:03:07 +0000"
    },
    "done": true
  },
  "spartanweaponry:recipes/wooden_battleaxe": {
    "criteria": {
      "has_wood": "2024-10-01 04:03:07 +0000"
    },
    "done": true
  },
  "minecraft:recipes/redstone/oak_button": {
    "criteria": {
      "has_planks": "2024-10-01 04:03:07 +0000"
    },
    "done": true
  },
  "spartanweaponry:recipes/wooden_battle_hammer": {
    "criteria": {
      "has_wood": "2024-10-01 04:03:07 +0000"
    },
    "done": true
  },
  "regions_unexplored:recipes/building_blocks/pink_painted_planks": {
    "criteria": {
      "has_planks": "2024-10-01 04:03:07 +0000"
    },
    "done": true
  },
  "spartanweaponry:recipes/wooden_dagger": {
    "criteria": {
      "has_wood": "2024-10-01 04:03:07 +0000"
    },
    "done": true
  },
  "regions_unexplored:recipes/building_blocks/magenta_painted_planks": {
    "criteria": {
      "has_planks": "2024-10-01 04:03:07 +0000"
    },
    "done": true
  },
  "minecraft:recipes/redstone/oak_pressure_plate": {
    "criteria": {
      "has_planks": "2024-10-01 04:03:07 +0000"
    },
    "done": true
  },
  "spartanweaponry:recipes/wooden_heavy_crossbow": {
    "criteria": {
      "has_wood": "2024-10-01 04:03:07 +0000"
    },
    "done": true
  },
  "spartanweaponry:recipes/wooden_tomahawk": {
    "criteria": {
      "has_wood": "2024-10-01 04:03:07 +0000"
    },
    "done": true
  },
  "regions_unexplored:recipes/misc/oak_sapling_from_oak_shrub": {
    "criteria": {
      "has_oak_shrub": "2024-10-01 04:03:19 +0000"
    },
    "done": true
  },
  "regions_unexplored:recipes/transportation/maple_boat": {
    "criteria": {
      "in_water": "2024-10-01 04:04:13 +0000"
    },
    "done": true
  },
  "aether:recipes/transportation/skyroot_boat": {
    "criteria": {
      "in_water": "2024-10-01 04:04:13 +0000"
    },
    "done": true
  },
  "regions_unexplored:recipes/transportation/magnolia_boat": {
    "criteria": {
      "in_water": "2024-10-01 04:04:13 +0000"
    },
    "done": true
  },
  "minecraft:recipes/transportation/cherry_boat": {
    "criteria": {
      "in_water": "2024-10-01 04:04:13 +0000"
    },
    "done": true
  },
  "minecraft:recipes/transportation/bamboo_raft": {
    "criteria": {
      "in_water": "2024-10-01 04:04:13 +0000"
    },
    "done": true
  },
  "regions_unexplored:recipes/transportation/kapok_boat": {
    "criteria": {
      "in_water": "2024-10-01 04:04:13 +0000"
    },
    "done": true
  },
  "regions_unexplored:recipes/transportation/cypress_boat": {
    "criteria": {
      "in_water": "2024-10-01 04:04:13 +0000"
    },
    "done": true
  },
  "regions_unexplored:recipes/transportation/larch_boat": {
    "criteria": {
      "in_water": "2024-10-01 04:04:13 +0000"
    },
    "done": true
  },
  "minecraft:recipes/transportation/acacia_boat": {
    "criteria": {
      "in_water": "2024-10-01 04:04:13 +0000"
    },
    "done": true
  },
  "minecraft:recipes/transportation/jungle_boat": {
    "criteria": {
      "in_water": "2024-10-01 04:04:13 +0000"
    },
    "done": true
  },
  "regions_unexplored:recipes/transportation/blackwood_boat": {
    "criteria": {
      "in_water": "2024-10-01 04:04:13 +0000"
    },
    "done": true
  },
  "regions_unexplored:recipes/transportation/pine_boat": {
    "criteria": {
      "in_water": "2024-10-01 04:04:13 +0000"
    },
    "done": true
  },
  "regions_unexplored:recipes/transportation/eucalyptus_boat": {
    "criteria": {
      "in_water": "2024-10-01 04:04:13 +0000"
    },
    "done": true
  },
  "regions_unexplored:recipes/transportation/palm_boat": {
    "criteria": {
      "in_water": "2024-10-01 04:04:13 +0000"
    },
    "done": true
  },
  "regions_unexplored:recipes/transportation/socotra_boat": {
    "criteria": {
      "in_water": "2024-10-01 04:04:13 +0000"
    },
    "done": true
  },
  "minecraft:recipes/transportation/spruce_boat": {
    "criteria": {
      "in_water": "2024-10-01 04:04:13 +0000"
    },
    "done": true
  },
  "regions_unexplored:recipes/transportation/oak_boat": {
    "criteria": {
      "in_water": "2024-10-01 04:04:13 +0000"
    },
    "done": true
  },
  "minecraft:recipes/transportation/birch_boat": {
    "criteria": {
      "in_water": "2024-10-01 04:04:13 +0000"
    },
    "done": true
  },
  "regions_unexplored:recipes/transportation/dead_boat": {
    "criteria": {
      "in_water": "2024-10-01 04:04:13 +0000"
    },
    "done": true
  },
  "minecraft:recipes/transportation/oak_boat": {
    "criteria": {
      "in_water": "2024-10-01 04:04:13 +0000"
    },
    "done": true
  },
  "minecraft:recipes/transportation/mangrove_boat": {
    "criteria": {
      "in_water": "2024-10-01 04:04:13 +0000"
    },
    "done": true
  },
  "regions_unexplored:recipes/transportation/mauve_boat": {
    "criteria": {
      "in_water": "2024-10-01 04:04:13 +0000"
    },
    "done": true
  },
  "regions_unexplored:recipes/transportation/redwood_boat": {
    "criteria": {
      "in_water": "2024-10-01 04:04:13 +0000"
    },
    "done": true
  },
  "regions_unexplored:recipes/transportation/baobab_boat": {
    "criteria": {
      "in_water": "2024-10-01 04:04:13 +0000"
    },
    "done": true
  },
  "regions_unexplored:recipes/transportation/willow_boat": {
    "criteria": {
      "in_water": "2024-10-01 04:04:13 +0000"
    },
    "done": true
  },
  "regions_unexplored:recipes/transportation/joshua_boat": {
    "criteria": {
      "in_water": "2024-10-01 04:04:13 +0000"
    },
    "done": true
  },
  "minecraft:recipes/transportation/dark_oak_boat": {
    "criteria": {
      "in_water": "2024-10-01 04:04:13 +0000"
    },
    "done": true
  },
  "minecraft:adventure/adventuring_time": {
    "criteria": {
      "minecraft:bamboo_jungle": "2024-10-03 03:48:37 +0000",
      "minecraft:sparse_jungle": "2024-10-01 04:24:39 +0000",
      "minecraft:river": "2024-10-01 04:04:14 +0000",
      "minecraft:lush_caves": "2024-10-03 03:28:27 +0000",
      "minecraft:savanna": "2024-10-01 04:14:28 +0000",
      "minecraft:plains": "2024-10-03 03:14:59 +0000"
    },
    "done": false
  },
  "knightquest:recipes/misc/chainmail_helmet2": {
    "criteria": {
      "has_wheat_seeds": "2024-10-01 04:04:44 +0000"
    },
    "done": true
  },
  "regions_unexplored:recipes/decorations/oak_shrub": {
    "criteria": {
      "has_oak_sapling": "2024-10-01 04:04:55 +0000"
    },
    "done": true
  },
  "minecraft:recipes/decorations/ladder": {
    "criteria": {
      "has_stick": "2024-10-01 04:04:56 +0000"
    },
    "done": true
  },
  "minecraft:recipes/tools/wooden_axe": {
    "criteria": {
      "has_stick": "2024-10-01 04:04:56 +0000"
    },
    "done": true
  },
  "spartanweaponry:recipes/combat/pole_from_leather": {
    "criteria": {
      "has_stick": "2024-10-01 04:04:56 +0000"
    },
    "done": true
  },
  "spartanweaponry:recipes/combat/handle_from_leather": {
    "criteria": {
      "has_stick": "2024-10-01 04:04:56 +0000"
    },
    "done": true
  },
  "minecraft:recipes/decorations/campfire": {
    "criteria": {
      "has_stick": "2024-10-01 04:04:56 +0000"
    },
    "done": true
  },
  "minecraft:recipes/tools/wooden_hoe": {
    "criteria": {
      "has_stick": "2024-10-01 04:04:56 +0000"
    },
    "done": true
  },
  "minecraft:recipes/tools/wooden_shovel": {
    "criteria": {
      "has_stick": "2024-10-01 04:04:56 +0000"
    },
    "done": true
  },
  "minecraft:recipes/combat/wooden_sword": {
    "criteria": {
      "has_stick": "2024-10-01 04:04:56 +0000"
    },
    "done": true
  },
  "spartanweaponry:recipes/combat/pole_from_wool": {
    "criteria": {
      "has_stick": "2024-10-01 04:04:56 +0000"
    },
    "done": true
  },
  "spartanweaponry:recipes/combat/handle_from_wool": {
    "criteria": {
      "has_stick": "2024-10-01 04:04:56 +0000"
    },
    "done": true
  },
  "minecraft:recipes/tools/wooden_pickaxe": {
    "criteria": {
      "has_stick": "2024-10-01 04:04:56 +0000"
    },
    "done": true
  },
  "spartanweaponry:recipes/combat/pole_from_string": {
    "criteria": {
      "has_stick": "2024-10-01 04:04:56 +0000"
    },
    "done": true
  },
  "spartanweaponry:recipes/combat/simple_handle": {
    "criteria": {
      "has_stick": "2024-10-01 04:04:56 +0000"
    },
    "done": true
  },
  "minecraft:recipes/decorations/chest": {
    "criteria": {
      "has_lots_of_items": "2024-10-01 04:05:02 +0000"
    },
    "done": true
  },
  "aether:recipes/decorations/skyroot_chest": {
    "criteria": {
      "has_lots_of_items": "2024-10-01 04:05:02 +0000"
    },
    "done": true
  },
  "minecraft:story/root": {
    "criteria": {
      "crafting_table": "2024-10-01 04:05:02 +0000"
    },
    "done": true
  },
  "aether:recipes/tools/wooden_axe_repairing": {
    "criteria": {
      "has_wooden_axe": "2024-10-01 04:05:19 +0000"
    },
    "done": true
  },
  "aether:recipes/tools/wooden_pickaxe_repairing": {
    "criteria": {
      "has_wooden_pickaxe": "2024-10-01 04:05:24 +0000"
    },
    "done": true
  },
  "spartanweaponry:recipes/grease_ball": {
    "criteria": {
      "has_meat": "2024-10-01 04:05:56 +0000"
    },
    "done": true
  },
  "minecraft:recipes/food/cooked_porkchop": {
    "criteria": {
      "has_porkchop": "2024-10-01 04:05:56 +0000"
    },
    "done": true
  },
  "minecraft:adventure/root": {
    "criteria": {
      "killed_something": "2024-10-01 04:05:56 +0000"
    },
    "done": true
  },
  "minecraft:recipes/food/cooked_porkchop_from_smoking": {
    "criteria": {
      "has_porkchop": "2024-10-01 04:05:56 +0000"
    },
    "done": true
  },
  "minecraft:recipes/food/cooked_porkchop_from_campfire_cooking": {
    "criteria": {
      "has_porkchop": "2024-10-01 04:05:56 +0000"
    },
    "done": true
  },
  "regions_unexplored:got_wood": {
    "criteria": {
      "small_oak_log": "2024-10-01 04:06:53 +0000",
      "redwood_log": "2024-10-01 04:26:07 +0000"
    },
    "done": false
  },
  "spartanweaponry:recipes/stone_glaive": {
    "criteria": {
      "has_cobblestone": "2024-10-01 04:07:38 +0000"
    },
    "done": true
  },
  "spartanweaponry:recipes/stone_longsword": {
    "criteria": {
      "has_cobblestone": "2024-10-01 04:07:38 +0000"
    },
    "done": true
  },
  "spartanweaponry:recipes/stone_katana": {
    "criteria": {
      "has_cobblestone": "2024-10-01 04:07:38 +0000"
    },
    "done": true
  },
  "spartanweaponry:recipes/stone_battle_hammer": {
    "criteria": {
      "has_cobblestone": "2024-10-01 04:07:38 +0000"
    },
    "done": true
  },
  "minecraft:story/mine_stone": {
    "criteria": {
      "get_stone": "2024-10-01 04:07:38 +0000"
    },
    "done": true
  },
  "minecraft:recipes/decorations/furnace": {
    "criteria": {
      "has_cobblestone": "2024-10-01 04:07:38 +0000"
    },
    "done": true
  },
  "spartanweaponry:recipes/stone_throwing_knife": {
    "criteria": {
      "has_cobblestone": "2024-10-01 04:07:38 +0000"
    },
    "done": true
  },
  "minecraft:recipes/building_blocks/cobblestone_slab_from_cobblestone_stonecutting": {
    "criteria": {
      "has_cobblestone": "2024-10-01 04:07:38 +0000"
    },
    "done": true
  },
  "minecraft:recipes/building_blocks/stone": {
    "criteria": {
      "has_cobblestone": "2024-10-01 04:07:38 +0000"
    },
    "done": true
  },
  "spartanweaponry:recipes/stone_boomerang": {
    "criteria": {
      "has_cobblestone": "2024-10-01 04:07:38 +0000"
    },
    "done": true
  },
  "spartanweaponry:recipes/stone_tomahawk": {
    "criteria": {
      "has_cobblestone": "2024-10-01 04:07:38 +0000"
    },
    "done": true
  },
  "minecraft:recipes/tools/stone_pickaxe": {
    "criteria": {
      "has_cobblestone": "2024-10-01 04:07:38 +0000"
    },
    "done": true
  },
  "spartanweaponry:recipes/stone_battleaxe": {
    "criteria": {
      "has_cobblestone": "2024-10-01 04:07:38 +0000"
    },
    "done": true
  },
  "spartanweaponry:recipes/stone_spear": {
    "criteria": {
      "has_cobblestone": "2024-10-01 04:07:38 +0000"
    },
    "done": true
  },
  "minecraft:recipes/building_blocks/cobblestone_slab": {
    "criteria": {
      "has_cobblestone": "2024-10-01 04:07:38 +0000"
    },
    "done": true
  },
  "minecraft:recipes/decorations/cobblestone_wall_from_cobblestone_stonecutting": {
    "criteria": {
      "has_cobblestone": "2024-10-01 04:07:38 +0000"
    },
    "done": true
  },
  "spartanweaponry:recipes/stone_rapier": {
    "criteria": {
      "has_cobblestone": "2024-10-01 04:07:38 +0000"
    },
    "done": true
  },
  "minecraft:recipes/building_blocks/cobblestone_stairs": {
    "criteria": {
      "has_cobblestone": "2024-10-01 04:07:38 +0000"
    },
    "done": true
  },
  "minecraft:recipes/tools/stone_shovel": {
    "criteria": {
      "has_cobblestone": "2024-10-01 04:07:38 +0000"
    },
    "done": true
  },
  "minecraft:recipes/redstone/lever": {
    "criteria": {
      "has_cobblestone": "2024-10-01 04:07:38 +0000"
    },
    "done": true
  },
  "spartanweaponry:recipes/stone_saber": {
    "criteria": {
      "has_cobblestone": "2024-10-01 04:07:38 +0000"
    },
    "done": true
  },
  "spartanweaponry:recipes/stone_scythe": {
    "criteria": {
      "has_cobblestone": "2024-10-01 04:07:38 +0000"
    },
    "done": true
  },
  "spartanweaponry:recipes/stone_greatsword": {
    "criteria": {
      "has_cobblestone": "2024-10-01 04:07:38 +0000"
    },
    "done": true
  },
  "minecraft:recipes/combat/stone_sword": {
    "criteria": {
      "has_cobblestone": "2024-10-01 04:07:38 +0000"
    },
    "done": true
  },
  "minecraft:recipes/decorations/cobblestone_wall": {
    "criteria": {
      "has_cobblestone": "2024-10-01 04:07:38 +0000"
    },
    "done": true
  },
  "minecraft:recipes/tools/stone_axe": {
    "criteria": {
      "has_cobblestone": "2024-10-01 04:07:38 +0000"
    },
    "done": true
  },
  "spartanweaponry:recipes/stone_parrying_dagger": {
    "criteria": {
      "has_cobblestone": "2024-10-01 04:07:38 +0000"
    },
    "done": true
  },
  "spartanshields:recipes/stone_basic_shield": {
    "criteria": {
      "has_cobblestone": "2024-10-01 04:07:38 +0000"
    },
    "done": true
  },
  "spartanweaponry:recipes/stone_lance": {
    "criteria": {
      "has_cobblestone": "2024-10-01 04:07:38 +0000"
    },
    "done": true
  },
  "spartanshields:recipes/stone_tower_shield": {
    "criteria": {
      "has_cobblestone": "2024-10-01 04:07:38 +0000"
    },
    "done": true
  },
  "spartanweaponry:recipes/stone_quarterstaff": {
    "criteria": {
      "has_cobblestone": "2024-10-01 04:07:38 +0000"
    },
    "done": true
  },
  "spartanweaponry:recipes/stone_flanged_mace": {
    "criteria": {
      "has_cobblestone": "2024-10-01 04:07:38 +0000"
    },
    "done": true
  },
  "spartanweaponry:recipes/stone_javelin": {
    "criteria": {
      "has_cobblestone": "2024-10-01 04:07:38 +0000"
    },
    "done": true
  },
  "spartanweaponry:recipes/stone_pike": {
    "criteria": {
      "has_cobblestone": "2024-10-01 04:07:38 +0000"
    },
    "done": true
  },
  "spartanweaponry:recipes/stone_warhammer": {
    "criteria": {
      "has_cobblestone": "2024-10-01 04:07:38 +0000"
    },
    "done": true
  },
  "minecraft:recipes/building_blocks/cobblestone_stairs_from_cobblestone_stonecutting": {
    "criteria": {
      "has_cobblestone": "2024-10-01 04:07:38 +0000"
    },
    "done": true
  },
  "spartanweaponry:recipes/stone_dagger": {
    "criteria": {
      "has_cobblestone": "2024-10-01 04:07:38 +0000"
    },
    "done": true
  },
  "spartanweaponry:recipes/stone_halberd": {
    "criteria": {
      "has_cobblestone": "2024-10-01 04:07:38 +0000"
    },
    "done": true
  },
  "minecraft:recipes/tools/stone_hoe": {
    "criteria": {
      "has_cobblestone": "2024-10-01 04:07:38 +0000"
    },
    "done": true
  },
  "minecraft:recipes/decorations/smoker": {
    "criteria": {
      "has_furnace": "2024-10-01 04:08:57 +0000"
    },
    "done": true
  },
  "minecraft:recipes/food/cooked_chicken_from_campfire_cooking": {
    "criteria": {
      "has_chicken": "2024-10-01 04:10:39 +0000"
    },
    "done": true
  },
  "knightquest:recipes/misc/silver_helmet": {
    "criteria": {
      "has_feather": "2024-10-01 04:10:39 +0000"
    },
    "done": true
  },
  "minecraft:recipes/food/cooked_chicken_from_smoking": {
    "criteria": {
      "has_chicken": "2024-10-01 04:10:39 +0000"
    },
    "done": true
  },
  "spartanweaponry:recipes/bolt": {
    "criteria": {
      "has_feather": "2024-10-01 04:10:39 +0000"
    },
    "done": true
  },
  "spartanweaponry:recipes/copper_arrow": {
    "criteria": {
      "has_feather": "2024-10-01 04:10:39 +0000"
    },
    "done": true
  },
  "spartanweaponry:recipes/copper_bolt": {
    "criteria": {
      "has_feather": "2024-10-01 04:10:39 +0000"
    },
    "done": true
  },
  "knightquest:recipes/misc/steel_sword": {
    "criteria": {
      "has_feather": "2024-10-01 04:10:39 +0000"
    },
    "done": true
  },
  "minecraft:recipes/food/cooked_chicken": {
    "criteria": {
      "has_chicken": "2024-10-01 04:10:39 +0000"
    },
    "done": true
  },
  "minecraft:recipes/combat/arrow": {
    "criteria": {
      "has_feather": "2024-10-01 04:10:39 +0000"
    },
    "done": true
  },
  "spartanweaponry:recipes/diamond_bolt": {
    "criteria": {
      "has_feather": "2024-10-01 04:10:39 +0000"
    },
    "done": true
  },
  "aether:recipes/combat/golden_dart": {
    "criteria": {
      "has_feather": "2024-10-01 04:10:39 +0000"
    },
    "done": true
  },
  "spartanweaponry:recipes/iron_arrow": {
    "criteria": {
      "has_feather": "2024-10-01 04:10:39 +0000"
    },
    "done": true
  },
  "knightquest:recipes/misc/silver_leggings": {
    "criteria": {
      "has_feather": "2024-10-01 04:10:39 +0000"
    },
    "done": true
  },
  "spartanweaponry:recipes/wooden_arrow": {
    "criteria": {
      "has_feather": "2024-10-01 04:10:39 +0000"
    },
    "done": true
  },
  "knightquest:recipes/misc/silver_chestplate": {
    "criteria": {
      "has_feather": "2024-10-01 04:10:39 +0000"
    },
    "done": true
  },
  "spartanweaponry:recipes/diamond_arrow": {
    "criteria": {
      "has_feather": "2024-10-01 04:10:39 +0000"
    },
    "done": true
  },
  "knightquest:recipes/misc/silver_boots": {
    "criteria": {
      "has_feather": "2024-10-01 04:10:39 +0000"
    },
    "done": true
  },
  "knightquest:recipes/misc/steel_axe": {
    "criteria": {
      "has_feather": "2024-10-01 04:10:39 +0000"
    },
    "done": true
  },
  "minecraft:recipes/food/cooked_mutton_from_smoking": {
    "criteria": {
      "has_mutton": "2024-10-01 04:10:50 +0000"
    },
    "done": true
  },
  "minecraft:recipes/food/cooked_mutton": {
    "criteria": {
      "has_mutton": "2024-10-01 04:10:50 +0000"
    },
    "done": true
  },
  "minecraft:recipes/food/cooked_mutton_from_campfire_cooking": {
    "criteria": {
      "has_mutton": "2024-10-01 04:10:50 +0000"
    },
    "done": true
  },
  "aether:recipes/decorations/skyroot_bed": {
    "criteria": {
      "has_wool": "2024-10-01 04:10:51 +0000"
    },
    "done": true
  },
  "spartanweaponry:recipes/cestus": {
    "criteria": {
      "has_wool": "2024-10-01 04:10:51 +0000"
    },
    "done": true
  },
  "knightquest:recipes/misc/strawhat_boots": {
    "criteria": {
      "has_white_wool": "2024-10-01 04:10:51 +0000"
    },
    "done": true
  },
  "knightquest:recipes/misc/strawhat_helmet": {
    "criteria": {
      "has_white_wool": "2024-10-01 04:10:51 +0000"
    },
    "done": true
  },
  "aether:recipes/combat/white_cape": {
    "criteria": {
      "has_white_wool": "2024-10-01 04:10:51 +0000"
    },
    "done": true
  },
  "minecraft:recipes/decorations/white_bed": {
    "criteria": {
      "has_white_wool": "2024-10-01 04:10:51 +0000"
    },
    "done": true
  },
  "minecraft:recipes/decorations/painting": {
    "criteria": {
      "has_wool": "2024-10-01 04:10:51 +0000"
    },
    "done": true
  },
  "knightquest:recipes/misc/strawhat_leggings": {
    "criteria": {
      "has_white_wool": "2024-10-01 04:10:51 +0000"
    },
    "done": true
  },
  "knightquest:recipes/misc/strawhat_chestplate": {
    "criteria": {
      "has_white_wool": "2024-10-01 04:10:51 +0000"
    },
    "done": true
  },
  "minecraft:recipes/decorations/white_carpet": {
    "criteria": {
      "has_white_wool": "2024-10-01 04:10:51 +0000"
    },
    "done": true
  },
  "minecraft:recipes/decorations/white_banner": {
    "criteria": {
      "has_white_wool": "2024-10-01 04:10:51 +0000"
    },
    "done": true
  },
  "minecraft:recipes/food/cooked_beef": {
    "criteria": {
      "has_beef": "2024-10-01 04:11:14 +0000"
    },
    "done": true
  },
  "minecraft:recipes/combat/leather_helmet": {
    "criteria": {
      "has_leather": "2024-10-01 04:11:15 +0000"
    },
    "done": true
  },
  "knightquest:recipes/misc/conquistador_leggings": {
    "criteria": {
      "has_leather": "2024-10-01 04:11:15 +0000"
    },
    "done": true
  },
  "minecraft:recipes/combat/leather_chestplate": {
    "criteria": {
      "has_leather": "2024-10-01 04:11:15 +0000"
    },
    "done": true
  },
  "aether:recipes/tools/aether_saddle": {
    "criteria": {
      "has_leather": "2024-10-01 04:11:15 +0000"
    },
    "done": true
  },
  "minecraft:recipes/misc/leather_horse_armor": {
    "criteria": {
      "has_leather": "2024-10-01 04:11:15 +0000"
    },
    "done": true
  },
  "knightquest:recipes/misc/path_helmet": {
    "criteria": {
      "has_leather": "2024-10-01 04:11:15 +0000"
    },
    "done": true
  },
  "sophisticatedbackpacks:recipes/misc/backpack": {
    "criteria": {
      "has_leather": "2024-10-01 04:11:15 +0000"
    },
    "done": true
  },
  "minecraft:recipes/food/cooked_beef_from_smoking": {
    "criteria": {
      "has_beef": "2024-10-01 04:11:15 +0000"
    },
    "done": true
  },
  "knightquest:recipes/misc/tunic_sea_leggings": {
    "criteria": {
      "has_leather": "2024-10-01 04:11:15 +0000"
    },
    "done": true
  },
  "knightquest:recipes/misc/path_chestplate": {
    "criteria": {
      "has_leather": "2024-10-01 04:11:15 +0000"
    },
    "done": true
  },
  "minecraft:recipes/decorations/item_frame": {
    "criteria": {
      "has_leather": "2024-10-01 04:11:15 +0000"
    },
    "done": true
  },
  "minecraft:recipes/combat/leather_boots": {
    "criteria": {
      "has_leather": "2024-10-01 04:11:15 +0000"
    },
    "done": true
  },
  "knightquest:recipes/misc/tunic_blue_leggings": {
    "criteria": {
      "has_leather": "2024-10-01 04:11:15 +0000"
    },
    "done": true
  },
  "aether:recipes/combat/leather_gloves": {
    "criteria": {
      "has_leather": "2024-10-01 04:11:15 +0000"
    },
    "done": true
  },
  "knightquest:recipes/misc/conquistador_boots": {
    "criteria": {
      "has_leather": "2024-10-01 04:11:15 +0000"
    },
    "done": true
  },
  "knightquest:recipes/misc/tunic_green_leggings": {
    "criteria": {
      "has_leather": "2024-10-01 04:11:15 +0000"
    },
    "done": true
  },
  "knightquest:recipes/misc/tunic_red_leggings": {
    "criteria": {
      "has_leather": "2024-10-01 04:11:15 +0000"
    },
    "done": true
  },
  "spartanweaponry:recipes/leather_longbow": {
    "criteria": {
      "has_leather": "2024-10-01 04:11:15 +0000"
    },
    "done": true
  },
  "minecraft:recipes/combat/leather_leggings": {
    "criteria": {
      "has_leather": "2024-10-01 04:11:15 +0000"
    },
    "done": true
  },
  "knightquest:recipes/misc/conquistador_chestplate": {
    "criteria": {
      "has_leather": "2024-10-01 04:11:15 +0000"
    },
    "done": true
  },
  "knightquest:recipes/misc/tunic_yellow_leggings": {
    "criteria": {
      "has_leather": "2024-10-01 04:11:15 +0000"
    },
    "done": true
  },
  "knightquest:recipes/misc/path_boots": {
    "criteria": {
      "has_leather": "2024-10-01 04:11:15 +0000"
    },
    "done": true
  },
  "spartanweaponry:recipes/leather_heavy_crossbow": {
    "criteria": {
      "has_leather": "2024-10-01 04:11:15 +0000"
    },
    "done": true
  },
  "spartanweaponry:recipes/quiver_compartment": {
    "criteria": {
      "has_leather": "2024-10-01 04:11:15 +0000"
    },
    "done": true
  },
  "sophisticatedbackpacks:recipes/misc/upgrade_base": {
    "criteria": {
      "has_leather": "2024-10-01 04:11:15 +0000"
    },
    "done": true
  },
  "knightquest:recipes/misc/conquistador_helmet": {
    "criteria": {
      "has_leather": "2024-10-01 04:11:15 +0000"
    },
    "done": true
  },
  "knightquest:recipes/misc/path_leggings": {
    "criteria": {
      "has_leather": "2024-10-01 04:11:15 +0000"
    },
    "done": true
  },
  "minecraft:recipes/food/cooked_beef_from_campfire_cooking": {
    "criteria": {
      "has_beef": "2024-10-01 04:11:15 +0000"
    },
    "done": true
  },
  "minecraft:husbandry/root": {
    "criteria": {
      "consumed_item": "2024-10-01 04:13:58 +0000"
    },
    "done": true
  },
  "minecraft:husbandry/balanced_diet": {
    "criteria": {
      "cooked_porkchop": "2024-10-03 03:58:15 +0000",
      "bread": "2024-10-01 04:13:58 +0000"
    },
    "done": false
  },
  "minecraft:adventure/sleep_in_bed": {
    "criteria": {
      "slept_in_bed": "2024-10-01 04:15:05 +0000"
    },
    "done": true
  },
  "knightquest:recipes/misc/bamboo_chestplate": {
    "criteria": {
      "has_coal": "2024-10-01 04:15:33 +0000"
    },
    "done": true
  },
  "knightquest:recipes/misc/bamboo_leggings": {
    "criteria": {
      "has_coal": "2024-10-01 04:15:33 +0000"
    },
    "done": true
  },
  "knightquest:recipes/misc/bamboo_boots": {
    "criteria": {
      "has_coal": "2024-10-01 04:15:33 +0000"
    },
    "done": true
  },
  "minecraft:recipes/building_blocks/coal_block": {
    "criteria": {
      "has_coal": "2024-10-01 04:15:33 +0000"
    },
    "done": true
  },
  "knightquest:recipes/misc/bamboo_helmet": {
    "criteria": {
      "has_coal": "2024-10-01 04:15:33 +0000"
    },
    "done": true
  },
  "aether:recipes/tools/stone_pickaxe_repairing": {
    "criteria": {
      "has_stone_pickaxe": "2024-10-01 04:15:43 +0000"
    },
    "done": true
  },
  "minecraft:recipes/decorations/torch": {
    "criteria": {
      "has_stone_pickaxe": "2024-10-01 04:15:43 +0000"
    },
    "done": true
  },
  "minecraft:story/upgrade_tools": {
    "criteria": {
      "stone_pickaxe": "2024-10-01 04:15:43 +0000"
    },
    "done": true
  },
  "minecraft:recipes/building_blocks/raw_iron_block": {
    "criteria": {
      "has_raw_iron": "2024-10-01 04:15:52 +0000"
    },
    "done": true
  },
  "minecraft:recipes/misc/iron_ingot_from_blasting_raw_iron": {
    "criteria": {
      "has_raw_iron": "2024-10-01 04:15:52 +0000"
    },
    "done": true
  },
  "minecraft:recipes/misc/iron_ingot_from_smelting_raw_iron": {
    "criteria": {
      "has_raw_iron": "2024-10-01 04:15:52 +0000"
    },
    "done": true
  },
  "minecraft:recipes/decorations/light_gray_bed": {
    "criteria": {
      "has_light_gray_wool": "2024-10-01 04:17:03 +0000"
    },
    "done": true
  },
  "minecraft:recipes/decorations/light_gray_carpet": {
    "criteria": {
      "has_light_gray_wool": "2024-10-01 04:17:03 +0000"
    },
    "done": true
  },
  "minecraft:recipes/decorations/light_gray_banner": {
    "criteria": {
      "has_light_gray_wool": "2024-10-01 04:17:03 +0000"
    },
    "done": true
  },
  "alltheores:recipes/misc/raw_tin_block": {
    "criteria": {
      "has_raw_TagKey[minecraft:item / forge:raw_materials/tin]": "2024-10-01 04:17:10 +0000"
    },
    "done": true
  },
  "alltheores:recipes/misc/tin_ingot_from_raw": {
    "criteria": {
      "has_item": "2024-10-01 04:17:10 +0000"
    },
    "done": true
  },
  "alltheores:recipes/misc/tin_ingot_from_raw_blasting": {
    "criteria": {
      "has_item": "2024-10-01 04:17:10 +0000"
    },
    "done": true
  },
  "minecraft:adventure/kill_all_mobs": {
    "criteria": {
      "minecraft:skeleton": "2024-10-03 03:27:46 +0000",
      "minecraft:spider": "2024-10-04 02:13:43 +0000",
      "minecraft:creeper": "2024-10-04 02:18:35 +0000",
      "minecraft:cave_spider": "2024-10-03 03:51:08 +0000",
      "minecraft:zombie": "2024-10-01 04:17:23 +0000"
    },
    "done": false
  },
  "minecraft:adventure/kill_a_mob": {
    "criteria": {
      "minecraft:zombie": "2024-10-01 04:17:23 +0000"
    },
    "done": true
  },
  "knightquest:recipes/misc/zombie_leggings": {
    "criteria": {
      "has_rotten_flesh": "2024-10-01 04:17:30 +0000"
    },
    "done": true
  },
  "knightquest:recipes/misc/zombie_helmet": {
    "criteria": {
      "has_rotten_flesh": "2024-10-01 04:17:30 +0000"
    },
    "done": true
  },
  "knightquest:recipes/misc/zombie_boots": {
    "criteria": {
      "has_rotten_flesh": "2024-10-01 04:17:30 +0000"
    },
    "done": true
  },
  "knightquest:recipes/misc/zombie_helmet2": {
    "criteria": {
      "has_rotten_flesh": "2024-10-01 04:17:30 +0000"
    },
    "done": true
  },
  "knightquest:recipes/misc/zombie_chestplate": {
    "criteria": {
      "has_rotten_flesh": "2024-10-01 04:17:30 +0000"
    },
    "done": true
  },
  "minecraft:recipes/food/cake": {
    "criteria": {
      "has_egg": "2024-10-01 04:17:56 +0000"
    },
    "done": true
  },
  "aether:recipes/food/skyroot_milk_bucket_cake": {
    "criteria": {
      "has_egg": "2024-10-01 04:17:56 +0000"
    },
    "done": true
  },
  "minecraft:recipes/building_blocks/granite_slab_from_granite_stonecutting": {
    "criteria": {
      "has_granite": "2024-10-01 04:20:26 +0000"
    },
    "done": true
  },
  "minecraft:recipes/decorations/granite_wall_from_granite_stonecutting": {
    "criteria": {
      "has_granite": "2024-10-01 04:20:26 +0000"
    },
    "done": true
  },
  "minecraft:recipes/building_blocks/polished_granite_from_granite_stonecutting": {
    "criteria": {
      "has_granite": "2024-10-01 04:20:26 +0000"
    },
    "done": true
  },
  "minecraft:recipes/building_blocks/granite_slab": {
    "criteria": {
      "has_granite": "2024-10-01 04:20:26 +0000"
    },
    "done": true
  },
  "minecraft:recipes/building_blocks/granite_stairs": {
    "criteria": {
      "has_granite": "2024-10-01 04:20:26 +0000"
    },
    "done": true
  },
  "minecraft:recipes/building_blocks/granite_stairs_from_granite_stonecutting": {
    "criteria": {
      "has_granite": "2024-10-01 04:20:26 +0000"
    },
    "done": true
  },
  "minecraft:recipes/decorations/granite_wall": {
    "criteria": {
      "has_granite": "2024-10-01 04:20:26 +0000"
    },
    "done": true
  },
  "minecraft:recipes/building_blocks/polished_granite_slab_from_granite_stonecutting": {
    "criteria": {
      "has_granite": "2024-10-01 04:20:26 +0000"
    },
    "done": true
  },
  "minecraft:recipes/building_blocks/polished_granite_stairs_from_granite_stonecutting": {
    "criteria": {
      "has_granite": "2024-10-01 04:20:26 +0000"
    },
    "done": true
  },
  "minecraft:recipes/building_blocks/polished_granite": {
    "criteria": {
      "has_granite": "2024-10-01 04:20:26 +0000"
    },
    "done": true
  },
  "minecraft:recipes/misc/paper": {
    "criteria": {
      "has_reeds": "2024-10-01 04:23:16 +0000"
    },
    "done": true
  },
  "minecraft:recipes/misc/sugar_from_sugar_cane": {
    "criteria": {
      "has_sugar_cane": "2024-10-01 04:23:16 +0000"
    },
    "done": true
  },
  "aether:recipes/tools/stone_axe_repairing": {
    "criteria": {
      "has_stone_axe": "2024-10-01 04:25:53 +0000"
    },
    "done": true
  },
  "regions_unexplored:recipes/decorations/redwood_branch_from_redwood_log": {
    "criteria": {
      "has_log": "2024-10-01 04:26:07 +0000"
    },
    "done": true
  },
  "regions_unexplored:recipes/building_blocks/redwood_planks": {
    "criteria": {
      "has_logs": "2024-10-01 04:26:07 +0000"
    },
    "done": true
  },
  "regions_unexplored:recipes/building_blocks/redwood_wood": {
    "criteria": {
      "has_log": "2024-10-01 04:26:07 +0000"
    },
    "done": true
  },
  "regions_unexplored:recipes/decorations/redwood_shrub": {
    "criteria": {
      "has_redwood_sapling": "2024-10-01 04:29:22 +0000"
    },
    "done": true
  },
  "regions_unexplored:recipes/redstone/redwood_door": {
    "criteria": {
      "has_redwood_planks": "2024-10-01 04:33:10 +0000"
    },
    "done": true
  },
  "regions_unexplored:recipes/decorations/redwood_fence": {
    "criteria": {
      "has_redwood_planks": "2024-10-01 04:33:10 +0000"
    },
    "done": true
  },
  "regions_unexplored:recipes/redstone/redwood_button": {
    "criteria": {
      "has_redwood_planks": "2024-10-01 04:33:10 +0000"
    },
    "done": true
  },
  "regions_unexplored:recipes/redstone/redwood_trapdoor": {
    "criteria": {
      "has_redwood_planks": "2024-10-01 04:33:10 +0000"
    },
    "done": true
  },
  "regions_unexplored:recipes/redstone/redwood_fence_gate": {
    "criteria": {
      "has_redwood_planks": "2024-10-01 04:33:10 +0000"
    },
    "done": true
  },
  "regions_unexplored:recipes/decorations/redwood_sign": {
    "criteria": {
      "has_redwood_planks": "2024-10-01 04:33:10 +0000"
    },
    "done": true
  },
  "regions_unexplored:recipes/redstone/redwood_pressure_plate": {
    "criteria": {
      "has_redwood_planks": "2024-10-01 04:33:10 +0000"
    },
    "done": true
  },
  "regions_unexplored:recipes/building_blocks/redwood_stairs": {
    "criteria": {
      "has_redwood_planks": "2024-10-01 04:33:10 +0000"
    },
    "done": true
  },
  "regions_unexplored:recipes/building_blocks/redwood_slab": {
    "criteria": {
      "has_redwood_planks": "2024-10-01 04:33:10 +0000"
    },
    "done": true
  },
  "ancient_elements:ancient_elements": {
    "criteria": {
      "ancient_elements": "2024-10-03 03:13:16 +0000"
    },
    "done": true
  },
  "irons_spellbooks:grant_patchouli": {
    "criteria": {
      "tick": "2024-10-03 03:13:16 +0000"
    },
    "done": true
  },
  "apotheosis:give_book": {
    "criteria": {
      "tick": "2024-10-03 03:13:16 +0000"
    },
    "done": true
  },
  "cgm:recipes/combat/assault_rifle": {
    "criteria": {
      "has_iron_ingot": "2024-10-03 03:24:10 +0000"
    },
    "done": true
  },
  "spartanweaponry:recipes/iron_javelin": {
    "criteria": {
      "has_iron_ingot": "2024-10-03 03:24:10 +0000"
    },
    "done": true
  },
  "spartanshields:recipes/iron_tower_shield": {
    "criteria": {
      "has_iron_ingot": "2024-10-03 03:24:10 +0000"
    },
    "done": true
  },
  "aether:recipes/combat/iron_pendant": {
    "criteria": {
      "has_iron_ingot": "2024-10-03 03:24:10 +0000"
    },
    "done": true
  },
  "cgm:recipes/combat/machine_pistol": {
    "criteria": {
      "has_iron_ingot": "2024-10-03 03:24:10 +0000"
    },
    "done": true
  },
  "minecraft:recipes/combat/iron_helmet": {
    "criteria": {
      "has_iron_ingot": "2024-10-03 03:24:10 +0000"
    },
    "done": true
  },
  "knightquest:recipes/misc/kukri_dagger": {
    "criteria": {
      "has_iron_ingot": "2024-10-03 03:24:10 +0000"
    },
    "done": true
  },
  "spartanweaponry:recipes/iron_heavy_crossbow": {
    "criteria": {
      "has_iron_ingot": "2024-10-03 03:24:10 +0000"
    },
    "done": true
  },
  "knightquest:recipes/misc/kukri": {
    "criteria": {
      "has_iron_ingot": "2024-10-03 03:24:10 +0000"
    },
    "done": true
  },
  "minecraft:recipes/tools/shears": {
    "criteria": {
      "has_iron_ingot": "2024-10-03 03:24:10 +0000"
    },
    "done": true
  },
  "cgm:recipes/combat/bazooka": {
    "criteria": {
      "has_iron_ingot": "2024-10-03 03:24:10 +0000"
    },
    "done": true
  },
  "spartanweaponry:recipes/iron_warhammer": {
    "criteria": {
      "has_iron_ingot": "2024-10-03 03:24:10 +0000"
    },
    "done": true
  },
  "minecraft:recipes/building_blocks/iron_block": {
    "criteria": {
      "has_iron_ingot": "2024-10-03 03:24:10 +0000"
    },
    "done": true
  },
  "spartanweaponry:recipes/iron_parrying_dagger": {
    "criteria": {
      "has_iron_ingot": "2024-10-03 03:24:10 +0000"
    },
    "done": true
  },
  "alltheores:recipes/misc/iron_gear": {
    "criteria": {
      "has_TagKey[minecraft:item / forge:ingots/iron]_ingot": "2024-10-03 03:24:10 +0000"
    },
    "done": true
  },
  "spartanweaponry:recipes/iron_rapier": {
    "criteria": {
      "has_iron_ingot": "2024-10-03 03:24:10 +0000"
    },
    "done": true
  },
  "spartanweaponry:recipes/iron_battleaxe": {
    "criteria": {
      "has_iron_ingot": "2024-10-03 03:24:10 +0000"
    },
    "done": true
  },
  "spartanweaponry:recipes/iron_dagger": {
    "criteria": {
      "has_iron_ingot": "2024-10-03 03:24:10 +0000"
    },
    "done": true
  },
  "minecraft:recipes/redstone/hopper": {
    "criteria": {
      "has_iron_ingot": "2024-10-03 03:24:10 +0000"
    },
    "done": true
  },
  "aether:recipes/combat/iron_gloves": {
    "criteria": {
      "has_iron": "2024-10-03 03:24:10 +0000"
    },
    "done": true
  },
  "minecraft:recipes/combat/iron_boots": {
    "criteria": {
      "has_iron_ingot": "2024-10-03 03:24:10 +0000"
    },
    "done": true
  },
  "minecraft:recipes/decorations/lantern": {
    "criteria": {
      "has_iron_ingot": "2024-10-03 03:24:10 +0000"
    },
    "done": true
  },
  "alltheores:recipes/misc/iron_plate": {
    "criteria": {
      "has_TagKey[minecraft:item / forge:ingots/iron]_ingot": "2024-10-03 03:24:10 +0000"
    },
    "done": true
  },
  "minecraft:recipes/tools/iron_shovel": {
    "criteria": {
      "has_iron_ingot": "2024-10-03 03:24:10 +0000"
    },
    "done": true
  },
  "cgm:recipes/combat/mini_gun": {
    "criteria": {
      "has_iron_ingot": "2024-10-03 03:24:10 +0000"
    },
    "done": true
  },
  "alltheores:recipes/misc/iron_rod": {
    "criteria": {
      "has_TagKey[minecraft:item / forge:ingots/iron]_ingot": "2024-10-03 03:24:10 +0000"
    },
    "done": true
  },
  "minecraft:recipes/redstone/iron_trapdoor": {
    "criteria": {
      "has_iron_ingot": "2024-10-03 03:24:10 +0000"
    },
    "done": true
  },
  "spartanweaponry:recipes/iron_battle_hammer": {
    "criteria": {
      "has_iron_ingot": "2024-10-03 03:24:10 +0000"
    },
    "done": true
  },
  "minecraft:recipes/combat/crossbow": {
    "criteria": {
      "has_iron_ingot": "2024-10-03 03:24:10 +0000"
    },
    "done": true
  },
  "spartanweaponry:recipes/iron_spear": {
    "criteria": {
      "has_iron_ingot": "2024-10-03 03:24:10 +0000"
    },
    "done": true
  },
  "spartanweaponry:recipes/iron_saber": {
    "criteria": {
      "has_iron_ingot": "2024-10-03 03:24:10 +0000"
    },
    "done": true
  },
  "cgm:recipes/misc/workbench": {
    "criteria": {
      "has_iron": "2024-10-03 03:24:10 +0000"
    },
    "done": true
  },
  "minecraft:recipes/redstone/heavy_weighted_pressure_plate": {
    "criteria": {
      "has_iron_ingot": "2024-10-03 03:24:10 +0000"
    },
    "done": true
  },
  "minecraft:recipes/combat/iron_leggings": {
    "criteria": {
      "has_iron_ingot": "2024-10-03 03:24:10 +0000"
    },
    "done": true
  },
  "cgm:recipes/combat/shotgun": {
    "criteria": {
      "has_iron_ingot": "2024-10-03 03:24:10 +0000"
    },
    "done": true
  },
  "minecraft:recipes/combat/iron_chestplate": {
    "criteria": {
      "has_iron_ingot": "2024-10-03 03:24:10 +0000"
    },
    "done": true
  },
  "spartanweaponry:recipes/iron_quarterstaff": {
    "criteria": {
      "has_iron_ingot": "2024-10-03 03:24:10 +0000"
    },
    "done": true
  },
  "celestial_artifacts:recipes/misc/gluttony_badge": {
    "criteria": {
      "has_iron_ingot": "2024-10-03 03:24:10 +0000"
    },
    "done": true
  },
  "minecraft:recipes/misc/iron_nugget": {
    "criteria": {
      "has_iron_ingot": "2024-10-03 03:24:10 +0000"
    },
    "done": true
  },
  "spartanweaponry:recipes/iron_halberd": {
    "criteria": {
      "has_iron_ingot": "2024-10-03 03:24:10 +0000"
    },
    "done": true
  },
  "minecraft:recipes/misc/bucket": {
    "criteria": {
      "has_iron_ingot": "2024-10-03 03:24:10 +0000"
    },
    "done": true
  },
  "spartanweaponry:recipes/iron_flanged_mace": {
    "criteria": {
      "has_iron_ingot": "2024-10-03 03:24:10 +0000"
    },
    "done": true
  },
  "spartanweaponry:recipes/iron_boomerang": {
    "criteria": {
      "has_iron_ingot": "2024-10-03 03:24:10 +0000"
    },
    "done": true
  },
  "minecraft:recipes/transportation/minecart": {
    "criteria": {
      "has_iron_ingot": "2024-10-03 03:24:10 +0000"
    },
    "done": true
  },
  "minecraft:recipes/tools/iron_hoe": {
    "criteria": {
      "has_iron_ingot": "2024-10-03 03:24:10 +0000"
    },
    "done": true
  },
  "spartanweaponry:recipes/iron_katana": {
    "criteria": {
      "has_iron_ingot": "2024-10-03 03:24:10 +0000"
    },
    "done": true
  },
  "spartanweaponry:recipes/iron_pike": {
    "criteria": {
      "has_iron_ingot": "2024-10-03 03:24:10 +0000"
    },
    "done": true
  },
  "minecraft:story/smelt_iron": {
    "criteria": {
      "iron": "2024-10-03 03:24:10 +0000"
    },
    "done": true
  },
  "spartanshields:recipes/iron_basic_shield": {
    "criteria": {
      "has_iron_ingot": "2024-10-03 03:24:10 +0000"
    },
    "done": true
  },
  "spartanweaponry:recipes/iron_tomahawk": {
    "criteria": {
      "has_iron_ingot": "2024-10-03 03:24:10 +0000"
    },
    "done": true
  },
  "minecraft:recipes/decorations/chain": {
    "criteria": {
      "has_iron_ingot": "2024-10-03 03:24:10 +0000"
    },
    "done": true
  },
  "spartanweaponry:recipes/iron_glaive": {
    "criteria": {
      "has_iron_ingot": "2024-10-03 03:24:10 +0000"
    },
    "done": true
  },
  "spartanweaponry:recipes/iron_longsword": {
    "criteria": {
      "has_iron_ingot": "2024-10-03 03:24:10 +0000"
    },
    "done": true
  },
  "minecraft:recipes/decorations/smithing_table": {
    "criteria": {
      "has_iron_ingot": "2024-10-03 03:24:10 +0000"
    },
    "done": true
  },
  "spartanweaponry:recipes/iron_lance": {
    "criteria": {
      "has_iron_ingot": "2024-10-03 03:24:10 +0000"
    },
    "done": true
  },
  "celestial_artifacts:recipes/misc/iron_scabbard": {
    "criteria": {
      "has_iron_ingot": "2024-10-03 03:24:10 +0000"
    },
    "done": true
  },
  "cgm:recipes/combat/heavy_rifle": {
    "criteria": {
      "has_iron_ingot": "2024-10-03 03:24:10 +0000"
    },
    "done": true
  },
  "cgm:recipes/combat/grenade_launcher": {
    "criteria": {
      "has_iron_ingot": "2024-10-03 03:24:10 +0000"
    },
    "done": true
  },
  "spartanweaponry:recipes/iron_throwing_knife": {
    "criteria": {
      "has_iron_ingot": "2024-10-03 03:24:10 +0000"
    },
    "done": true
  },
  "cgm:recipes/combat/rifle": {
    "criteria": {
      "has_iron_ingot": "2024-10-03 03:24:10 +0000"
    },
    "done": true
  },
  "minecraft:recipes/combat/iron_sword": {
    "criteria": {
      "has_iron_ingot": "2024-10-03 03:24:10 +0000"
    },
    "done": true
  },
  "cgm:recipes/combat/pistol": {
    "criteria": {
      "has_iron_ingot": "2024-10-03 03:24:10 +0000"
    },
    "done": true
  },
  "minecraft:recipes/tools/iron_pickaxe": {
    "criteria": {
      "has_iron_ingot": "2024-10-03 03:24:10 +0000"
    },
    "done": true
  },
  "minecraft:recipes/combat/shield": {
    "criteria": {
      "has_iron_ingot": "2024-10-03 03:24:10 +0000"
    },
    "done": true
  },
  "minecraft:recipes/decorations/iron_bars": {
    "criteria": {
      "has_iron_ingot": "2024-10-03 03:24:10 +0000"
    },
    "done": true
  },
  "celestial_artifacts:recipes/misc/solar_magnet": {
    "criteria": {
      "has_iron_ingot": "2024-10-03 03:24:10 +0000"
    },
    "done": true
  },
  "aether:recipes/decorations/skyroot_smithing_table": {
    "criteria": {
      "has_iron_ingot": "2024-10-03 03:24:10 +0000"
    },
    "done": true
  },
  "aether:recipes/combat/skyroot_iron_vanilla_shield": {
    "criteria": {
      "has_iron_ingot": "2024-10-03 03:24:10 +0000"
    },
    "done": true
  },
  "spartanweaponry:recipes/iron_longbow": {
    "criteria": {
      "has_iron_ingot": "2024-10-03 03:24:10 +0000"
    },
    "done": true
  },
  "spartanweaponry:recipes/iron_greatsword": {
    "criteria": {
      "has_iron_ingot": "2024-10-03 03:24:10 +0000"
    },
    "done": true
  },
  "aether:recipes/combat/iron_ring": {
    "criteria": {
      "has_iron_ingot": "2024-10-03 03:24:10 +0000"
    },
    "done": true
  },
  "minecraft:recipes/tools/iron_axe": {
    "criteria": {
      "has_iron_ingot": "2024-10-03 03:24:10 +0000"
    },
    "done": true
  },
  "spartanweaponry:recipes/iron_scythe": {
    "criteria": {
      "has_iron_ingot": "2024-10-03 03:24:10 +0000"
    },
    "done": true
  },
  "minecraft:recipes/redstone/iron_door": {
    "criteria": {
      "has_iron_ingot": "2024-10-03 03:24:10 +0000"
    },
    "done": true
  },
  "aether:recipes/tools/iron_pickaxe_repairing": {
    "criteria": {
      "has_iron_pickaxe": "2024-10-03 03:24:19 +0000"
    },
    "done": true
  },
  "minecraft:recipes/misc/iron_nugget_from_smelting": {
    "criteria": {
      "has_iron_pickaxe": "2024-10-03 03:24:19 +0000"
    },
    "done": true
  },
  "minecraft:story/iron_tools": {
    "criteria": {
      "iron_pickaxe": "2024-10-03 03:24:19 +0000"
    },
    "done": true
  },
  "minecraft:recipes/misc/iron_nugget_from_blasting": {
    "criteria": {
      "has_iron_pickaxe": "2024-10-03 03:24:19 +0000"
    },
    "done": true
  },
  "minecraft:recipes/building_blocks/andesite_stairs": {
    "criteria": {
      "has_andesite": "2024-10-03 03:27:14 +0000"
    },
    "done": true
  },
  "minecraft:recipes/building_blocks/polished_andesite_from_andesite_stonecutting": {
    "criteria": {
      "has_andesite": "2024-10-03 03:27:14 +0000"
    },
    "done": true
  },
  "minecraft:recipes/building_blocks/polished_andesite_stairs_from_andesite_stonecutting": {
    "criteria": {
      "has_andesite": "2024-10-03 03:27:14 +0000"
    },
    "done": true
  },
  "minecraft:recipes/decorations/andesite_wall_from_andesite_stonecutting": {
    "criteria": {
      "has_andesite": "2024-10-03 03:27:14 +0000"
    },
    "done": true
  },
  "minecraft:recipes/building_blocks/polished_andesite_slab_from_andesite_stonecutting": {
    "criteria": {
      "has_andesite": "2024-10-03 03:27:14 +0000"
    },
    "done": true
  },
  "minecraft:recipes/building_blocks/andesite_slab_from_andesite_stonecutting": {
    "criteria": {
      "has_andesite": "2024-10-03 03:27:14 +0000"
    },
    "done": true
  },
  "minecraft:recipes/building_blocks/andesite_stairs_from_andesite_stonecutting": {
    "criteria": {
      "has_andesite": "2024-10-03 03:27:14 +0000"
    },
    "done": true
  },
  "minecraft:recipes/building_blocks/polished_andesite": {
    "criteria": {
      "has_andesite": "2024-10-03 03:27:14 +0000"
    },
    "done": true
  },
  "minecraft:recipes/decorations/andesite_wall": {
    "criteria": {
      "has_andesite": "2024-10-03 03:27:14 +0000"
    },
    "done": true
  },
  "minecraft:recipes/building_blocks/andesite_slab": {
    "criteria": {
      "has_andesite": "2024-10-03 03:27:14 +0000"
    },
    "done": true
  },
  "knightquest:recipes/misc/wither_helmet": {
    "criteria": {
      "has_bone": "2024-10-03 03:27:53 +0000"
    },
    "done": true
  },
  "knightquest:recipes/misc/skeleton_chestplate": {
    "criteria": {
      "has_bone": "2024-10-03 03:27:53 +0000"
    },
    "done": true
  },
  "knightquest:recipes/misc/wither_boots": {
    "criteria": {
      "has_bone": "2024-10-03 03:27:53 +0000"
    },
    "done": true
  },
  "knightquest:recipes/misc/pirate_helmet": {
    "criteria": {
      "has_bone": "2024-10-03 03:27:53 +0000"
    },
    "done": true
  },
  "knightquest:recipes/misc/wither_leggings": {
    "criteria": {
      "has_bone": "2024-10-03 03:27:53 +0000"
    },
    "done": true
  },
  "knightquest:recipes/misc/wither_chestplate": {
    "criteria": {
      "has_bone": "2024-10-03 03:27:53 +0000"
    },
    "done": true
  },
  "knightquest:recipes/misc/skeleton_helmet": {
    "criteria": {
      "has_bone": "2024-10-03 03:27:53 +0000"
    },
    "done": true
  },
  "knightquest:recipes/misc/pirate_chestplate": {
    "criteria": {
      "has_bone": "2024-10-03 03:27:53 +0000"
    },
    "done": true
  },
  "knightquest:recipes/misc/skeleton_leggings": {
    "criteria": {
      "has_bone": "2024-10-03 03:27:53 +0000"
    },
    "done": true
  },
  "knightquest:recipes/misc/pirate_leggings": {
    "criteria": {
      "has_bone": "2024-10-03 03:27:53 +0000"
    },
    "done": true
  },
  "knightquest:recipes/misc/pirate_boots": {
    "criteria": {
      "has_bone": "2024-10-03 03:27:53 +0000"
    },
    "done": true
  },
  "minecraft:recipes/misc/bone_meal": {
    "criteria": {
      "has_bone": "2024-10-03 03:27:53 +0000"
    },
    "done": true
  },
  "knightquest:recipes/misc/skeleton_boots": {
    "criteria": {
      "has_bone": "2024-10-03 03:27:53 +0000"
    },
    "done": true
  },
  "knightquest:knightquest": {
    "criteria": {
      "requirement": "2024-10-03 03:27:55 +0000"
    },
    "done": true
  },
  "apotheosis:affix/gem": {
    "criteria": {
      "gem": "2024-10-03 03:28:01 +0000"
    },
    "done": true
  },
  "alltheores:recipes/misc/nickel_ingot_from_raw_blasting": {
    "criteria": {
      "has_item": "2024-10-03 03:29:08 +0000"
    },
    "done": true
  },
  "alltheores:recipes/misc/nickel_ingot_from_raw": {
    "criteria": {
      "has_item": "2024-10-03 03:29:08 +0000"
    },
    "done": true
  },
  "alltheores:recipes/misc/raw_nickel_block": {
    "criteria": {
      "has_raw_TagKey[minecraft:item / forge:raw_materials/nickel]": "2024-10-03 03:29:08 +0000"
    },
    "done": true
  },
  "knightquest:recipes/misc/polar_boots": {
    "criteria": {
      "has_iron_axe": "2024-10-03 03:34:56 +0000"
    },
    "done": true
  },
  "knightquest:recipes/misc/polar_leggings": {
    "criteria": {
      "has_iron_axe": "2024-10-03 03:34:56 +0000"
    },
    "done": true
  },
  "knightquest:recipes/misc/chainmail_helmet": {
    "criteria": {
      "has_iron_axe": "2024-10-03 03:34:56 +0000"
    },
    "done": true
  },
  "aether:recipes/tools/iron_axe_repairing": {
    "criteria": {
      "has_iron_axe": "2024-10-03 03:34:56 +0000"
    },
    "done": true
  },
  "knightquest:recipes/misc/polar_helmet": {
    "criteria": {
      "has_iron_axe": "2024-10-03 03:34:56 +0000"
    },
    "done": true
  },
  "knightquest:recipes/misc/polar_chestplate": {
    "criteria": {
      "has_iron_axe": "2024-10-03 03:34:56 +0000"
    },
    "done": true
  },
  "aether:recipes/combat/iron_chestplate_repairing": {
    "criteria": {
      "has_iron_chestplate": "2024-10-03 03:36:05 +0000"
    },
    "done": true
  },
  "minecraft:story/obtain_armor": {
    "criteria": {
      "iron_chestplate": "2024-10-03 03:36:05 +0000"
    },
    "done": true
  },
  "sophisticatedbackpacks:recipes/misc/gold_backpack": {
    "criteria": {
      "has_iron_backpack": "2024-10-03 03:39:45 +0000"
    },
    "done": true
  },
  "minecraft:recipes/building_blocks/polished_deepslate": {
    "criteria": {
      "has_cobbled_deepslate": "2024-10-03 03:42:41 +0000"
    },
    "done": true
  },
  "minecraft:recipes/building_blocks/deepslate_tile_stairs_from_cobbled_deepslate_stonecutting": {
    "criteria": {
      "has_cobbled_deepslate": "2024-10-03 03:42:41 +0000"
    },
    "done": true
  },
  "minecraft:recipes/building_blocks/cobbled_deepslate_slab": {
    "criteria": {
      "has_cobbled_deepslate": "2024-10-03 03:42:41 +0000"
    },
    "done": true
  },
  "minecraft:recipes/building_blocks/polished_deepslate_stairs_from_cobbled_deepslate_stonecutting": {
    "criteria": {
      "has_cobbled_deepslate": "2024-10-03 03:42:41 +0000"
    },
    "done": true
  },
  "minecraft:recipes/decorations/deepslate_brick_wall_from_cobbled_deepslate_stonecutting": {
    "criteria": {
      "has_cobbled_deepslate": "2024-10-03 03:42:41 +0000"
    },
    "done": true
  },
  "minecraft:recipes/building_blocks/polished_deepslate_from_cobbled_deepslate_stonecutting": {
    "criteria": {
      "has_cobbled_deepslate": "2024-10-03 03:42:41 +0000"
    },
    "done": true
  },
  "minecraft:recipes/building_blocks/cobbled_deepslate_slab_from_cobbled_deepslate_stonecutting": {
    "criteria": {
      "has_cobbled_deepslate": "2024-10-03 03:42:41 +0000"
    },
    "done": true
  },
  "knightquest:recipes/misc/deepslate_helmet": {
    "criteria": {
      "has_cobbled_deepslate": "2024-10-03 03:42:41 +0000"
    },
    "done": true
  },
  "minecraft:recipes/building_blocks/deepslate_tile_slab_from_cobbled_deepslate_stonecutting": {
    "criteria": {
      "has_cobbled_deepslate": "2024-10-03 03:42:41 +0000"
    },
    "done": true
  },
  "minecraft:recipes/decorations/deepslate_tile_wall_from_cobbled_deepslate_stonecutting": {
    "criteria": {
      "has_cobbled_deepslate": "2024-10-03 03:42:41 +0000"
    },
    "done": true
  },
  "knightquest:recipes/misc/deepslate_boots": {
    "criteria": {
      "has_cobbled_deepslate": "2024-10-03 03:42:41 +0000"
    },
    "done": true
  },
  "minecraft:recipes/building_blocks/deepslate_brick_stairs_from_cobbled_deepslate_stonecutting": {
    "criteria": {
      "has_cobbled_deepslate": "2024-10-03 03:42:41 +0000"
    },
    "done": true
  },
  "minecraft:recipes/building_blocks/chiseled_deepslate_from_cobbled_deepslate_stonecutting": {
    "criteria": {
      "has_cobbled_deepslate": "2024-10-03 03:42:41 +0000"
    },
    "done": true
  },
  "minecraft:recipes/decorations/cobbled_deepslate_wall_from_cobbled_deepslate_stonecutting": {
    "criteria": {
      "has_cobbled_deepslate": "2024-10-03 03:42:41 +0000"
    },
    "done": true
  },
  "minecraft:recipes/decorations/cobbled_deepslate_wall": {
    "criteria": {
      "has_cobbled_deepslate": "2024-10-03 03:42:41 +0000"
    },
    "done": true
  },
  "knightquest:recipes/misc/deepslate_chestplate": {
    "criteria": {
      "has_cobbled_deepslate": "2024-10-03 03:42:41 +0000"
    },
    "done": true
  },
  "minecraft:recipes/decorations/polished_deepslate_wall_from_cobbled_deepslate_stonecutting": {
    "criteria": {
      "has_cobbled_deepslate": "2024-10-03 03:42:41 +0000"
    },
    "done": true
  },
  "minecraft:recipes/building_blocks/cobbled_deepslate_stairs_from_cobbled_deepslate_stonecutting": {
    "criteria": {
      "has_cobbled_deepslate": "2024-10-03 03:42:41 +0000"
    },
    "done": true
  },
  "minecraft:recipes/building_blocks/deepslate": {
    "criteria": {
      "has_cobbled_deepslate": "2024-10-03 03:42:41 +0000"
    },
    "done": true
  },
  "minecraft:recipes/building_blocks/polished_deepslate_slab_from_cobbled_deepslate_stonecutting": {
    "criteria": {
      "has_cobbled_deepslate": "2024-10-03 03:42:41 +0000"
    },
    "done": true
  },
  "minecraft:recipes/building_blocks/deepslate_brick_slab_from_cobbled_deepslate_stonecutting": {
    "criteria": {
      "has_cobbled_deepslate": "2024-10-03 03:42:41 +0000"
    },
    "done": true
  },
  "minecraft:recipes/building_blocks/cobbled_deepslate_stairs": {
    "criteria": {
      "has_cobbled_deepslate": "2024-10-03 03:42:41 +0000"
    },
    "done": true
  },
  "minecraft:recipes/building_blocks/deepslate_bricks_from_cobbled_deepslate_stonecutting": {
    "criteria": {
      "has_cobbled_deepslate": "2024-10-03 03:42:41 +0000"
    },
    "done": true
  },
  "minecraft:recipes/building_blocks/deepslate_tiles_from_cobbled_deepslate_stonecutting": {
    "criteria": {
      "has_cobbled_deepslate": "2024-10-03 03:42:41 +0000"
    },
    "done": true
  },
  "knightquest:recipes/misc/deepslate_leggings": {
    "criteria": {
      "has_cobbled_deepslate": "2024-10-03 03:42:41 +0000"
    },
    "done": true
  },
  "minecraft:recipes/misc/copper_ingot_from_blasting_raw_copper": {
    "criteria": {
      "has_raw_copper": "2024-10-03 03:44:36 +0000"
    },
    "done": true
  },
  "minecraft:recipes/building_blocks/raw_copper_block": {
    "criteria": {
      "has_raw_copper": "2024-10-03 03:44:36 +0000"
    },
    "done": true
  },
  "minecraft:recipes/misc/copper_ingot_from_smelting_raw_copper": {
    "criteria": {
      "has_raw_copper": "2024-10-03 03:44:36 +0000"
    },
    "done": true
  },
  "minecraft:recipes/building_blocks/clay": {
    "criteria": {
      "has_clay_ball": "2024-10-03 03:45:21 +0000"
    },
    "done": true
  },
  "minecraft:recipes/misc/brick": {
    "criteria": {
      "has_clay_ball": "2024-10-03 03:45:21 +0000"
    },
    "done": true
  },
  "minecraft:recipes/building_blocks/polished_diorite": {
    "criteria": {
      "has_diorite": "2024-10-03 03:46:32 +0000"
    },
    "done": true
  },
  "minecraft:recipes/building_blocks/polished_diorite_stairs_from_diorite_stonecutting": {
    "criteria": {
      "has_diorite": "2024-10-03 03:46:32 +0000"
    },
    "done": true
  },
  "minecraft:recipes/building_blocks/diorite_stairs_from_diorite_stonecutting": {
    "criteria": {
      "has_diorite": "2024-10-03 03:46:32 +0000"
    },
    "done": true
  },
  "minecraft:recipes/building_blocks/andesite": {
    "criteria": {
      "has_stone": "2024-10-03 03:46:32 +0000"
    },
    "done": true
  },
  "minecraft:recipes/building_blocks/polished_diorite_slab_from_diorite_stonecutting": {
    "criteria": {
      "has_diorite": "2024-10-03 03:46:32 +0000"
    },
    "done": true
  },
  "minecraft:recipes/building_blocks/diorite_slab": {
    "criteria": {
      "has_diorite": "2024-10-03 03:46:32 +0000"
    },
    "done": true
  },
  "minecraft:recipes/decorations/diorite_wall": {
    "criteria": {
      "has_diorite": "2024-10-03 03:46:32 +0000"
    },
    "done": true
  },
  "minecraft:recipes/decorations/diorite_wall_from_diorite_stonecutting": {
    "criteria": {
      "has_diorite": "2024-10-03 03:46:32 +0000"
    },
    "done": true
  },
  "minecraft:recipes/building_blocks/polished_diorite_from_diorite_stonecutting": {
    "criteria": {
      "has_diorite": "2024-10-03 03:46:32 +0000"
    },
    "done": true
  },
  "minecraft:recipes/building_blocks/diorite_slab_from_diorite_stonecutting": {
    "criteria": {
      "has_diorite": "2024-10-03 03:46:32 +0000"
    },
    "done": true
  },
  "minecraft:recipes/building_blocks/diorite_stairs": {
    "criteria": {
      "has_diorite": "2024-10-03 03:46:32 +0000"
    },
    "done": true
  },
  "minecraft:recipes/building_blocks/red_concrete_powder": {
    "criteria": {
      "has_gravel": "2024-10-03 03:47:25 +0000"
    },
    "done": true
  },
  "minecraft:recipes/building_blocks/green_concrete_powder": {
    "criteria": {
      "has_gravel": "2024-10-03 03:47:25 +0000"
    },
    "done": true
  },
  "minecraft:recipes/building_blocks/blue_concrete_powder": {
    "criteria": {
      "has_gravel": "2024-10-03 03:47:25 +0000"
    },
    "done": true
  },
  "regions_unexplored:recipes/building_blocks/peat_coarse_dirt": {
    "criteria": {
      "has_gravel": "2024-10-03 03:47:25 +0000"
    },
    "done": true
  },
  "minecraft:recipes/building_blocks/lime_concrete_powder": {
    "criteria": {
      "has_gravel": "2024-10-03 03:47:25 +0000"
    },
    "done": true
  },
  "minecraft:recipes/building_blocks/orange_concrete_powder": {
    "criteria": {
      "has_gravel": "2024-10-03 03:47:25 +0000"
    },
    "done": true
  },
  "minecraft:recipes/building_blocks/magenta_concrete_powder": {
    "criteria": {
      "has_gravel": "2024-10-03 03:47:25 +0000"
    },
    "done": true
  },
  "minecraft:recipes/building_blocks/black_concrete_powder": {
    "criteria": {
      "has_gravel": "2024-10-03 03:47:25 +0000"
    },
    "done": true
  },
  "minecraft:recipes/building_blocks/purple_concrete_powder": {
    "criteria": {
      "has_gravel": "2024-10-03 03:47:25 +0000"
    },
    "done": true
  },
  "minecraft:recipes/building_blocks/cyan_concrete_powder": {
    "criteria": {
      "has_gravel": "2024-10-03 03:47:25 +0000"
    },
    "done": true
  },
  "minecraft:recipes/building_blocks/coarse_dirt": {
    "criteria": {
      "has_gravel": "2024-10-03 03:47:25 +0000"
    },
    "done": true
  },
  "minecraft:recipes/building_blocks/light_gray_concrete_powder": {
    "criteria": {
      "has_gravel": "2024-10-03 03:47:25 +0000"
    },
    "done": true
  },
  "minecraft:recipes/building_blocks/pink_concrete_powder": {
    "criteria": {
      "has_gravel": "2024-10-03 03:47:25 +0000"
    },
    "done": true
  },
  "minecraft:recipes/building_blocks/brown_concrete_powder": {
    "criteria": {
      "has_gravel": "2024-10-03 03:47:25 +0000"
    },
    "done": true
  },
  "minecraft:recipes/building_blocks/light_blue_concrete_powder": {
    "criteria": {
      "has_gravel": "2024-10-03 03:47:25 +0000"
    },
    "done": true
  },
  "minecraft:recipes/building_blocks/white_concrete_powder": {
    "criteria": {
      "has_gravel": "2024-10-03 03:47:25 +0000"
    },
    "done": true
  },
  "regions_unexplored:recipes/building_blocks/silt_coarse_dirt": {
    "criteria": {
      "has_gravel": "2024-10-03 03:47:25 +0000"
    },
    "done": true
  },
  "minecraft:recipes/building_blocks/yellow_concrete_powder": {
    "criteria": {
      "has_gravel": "2024-10-03 03:47:25 +0000"
    },
    "done": true
  },
  "minecraft:recipes/building_blocks/gray_concrete_powder": {
    "criteria": {
      "has_gravel": "2024-10-03 03:47:25 +0000"
    },
    "done": true
  },
  "minecraft:recipes/building_blocks/mossy_cobblestone_from_moss_block": {
    "criteria": {
      "has_moss_block": "2024-10-03 03:51:40 +0000"
    },
    "done": true
  },
  "minecraft:recipes/decorations/moss_carpet": {
    "criteria": {
      "has_moss_block": "2024-10-03 03:51:40 +0000"
    },
    "done": true
  },
  "minecraft:recipes/building_blocks/mossy_stone_bricks_from_moss_block": {
    "criteria": {
      "has_moss_block": "2024-10-03 03:51:40 +0000"
    },
    "done": true
  },
  "knightquest:recipes/misc/forze_boots": {
    "criteria": {
      "has_spider_eye": "2024-10-03 03:52:12 +0000"
    },
    "done": true
  },
  "aether:recipes/decorations/skyroot_loom": {
    "criteria": {
      "has_string": "2024-10-03 03:52:12 +0000"
    },
    "done": true
  },
  "minecraft:recipes/redstone/tripwire_hook": {
    "criteria": {
      "has_string": "2024-10-03 03:52:12 +0000"
    },
    "done": true
  },
  "minecraft:recipes/decorations/candle": {
    "criteria": {
      "has_string": "2024-10-03 03:52:12 +0000"
    },
    "done": true
  },
  "aether:recipes/redstone/skyroot_tripwire_hook": {
    "criteria": {
      "has_string": "2024-10-03 03:52:12 +0000"
    },
    "done": true
  },
  "knightquest:recipes/misc/forze_helmet": {
    "criteria": {
      "has_spider_eye": "2024-10-03 03:52:12 +0000"
    },
    "done": true
  },
  "knightquest:recipes/misc/spider_helmet": {
    "criteria": {
      "has_spider_eye": "2024-10-03 03:52:12 +0000"
    },
    "done": true
  },
  "minecraft:recipes/combat/bow": {
    "criteria": {
      "has_string": "2024-10-03 03:52:12 +0000"
    },
    "done": true
  },
  "knightquest:recipes/misc/spider_boots": {
    "criteria": {
      "has_spider_eye": "2024-10-03 03:52:12 +0000"
    },
    "done": true
  },
  "minecraft:recipes/tools/fishing_rod": {
    "criteria": {
      "has_string": "2024-10-03 03:52:12 +0000"
    },
    "done": true
  },
  "spartanweaponry:recipes/combat/handle_from_string": {
    "criteria": {
      "has_string": "2024-10-03 03:52:12 +0000"
    },
    "done": true
  },
  "knightquest:recipes/misc/forze_chestplate": {
    "criteria": {
      "has_spider_eye": "2024-10-03 03:52:12 +0000"
    },
    "done": true
  },
  "minecraft:recipes/brewing/fermented_spider_eye": {
    "criteria": {
      "has_spider_eye": "2024-10-03 03:52:12 +0000"
    },
    "done": true
  },
  "minecraft:recipes/building_blocks/white_wool_from_string": {
    "criteria": {
      "has_string": "2024-10-03 03:52:12 +0000"
    },
    "done": true
  },
  "knightquest:recipes/misc/spider_chestplate": {
    "criteria": {
      "has_spider_eye": "2024-10-03 03:52:12 +0000"
    },
    "done": true
  },
  "knightquest:recipes/misc/forze_leggings": {
    "criteria": {
      "has_spider_eye": "2024-10-03 03:52:12 +0000"
    },
    "done": true
  },
  "minecraft:recipes/decorations/loom": {
    "criteria": {
      "has_string": "2024-10-03 03:52:12 +0000"
    },
    "done": true
  },
  "knightquest:recipes/misc/spider_leggings": {
    "criteria": {
      "has_spider_eye": "2024-10-03 03:52:12 +0000"
    },
    "done": true
  },
  "alltheores:recipes/misc/lead_ingot_from_raw_blasting": {
    "criteria": {
      "has_item": "2024-10-03 03:54:10 +0000"
    },
    "done": true
  },
  "alltheores:recipes/misc/lead_ingot_from_raw": {
    "criteria": {
      "has_item": "2024-10-03 03:54:10 +0000"
    },
    "done": true
  },
  "alltheores:recipes/misc/raw_lead_block": {
    "criteria": {
      "has_raw_TagKey[minecraft:item / forge:raw_materials/lead]": "2024-10-03 03:54:10 +0000"
    },
    "done": true
  },
  "spartanweaponry:recipes/diamond_katana": {
    "criteria": {
      "has_diamond": "2024-10-03 03:54:18 +0000"
    },
    "done": true
  },
  "spartanweaponry:recipes/diamond_parrying_dagger": {
    "criteria": {
      "has_diamond": "2024-10-03 03:54:18 +0000"
    },
    "done": true
  },
  "spartanweaponry:recipes/diamond_quarterstaff": {
    "criteria": {
      "has_diamond": "2024-10-03 03:54:18 +0000"
    },
    "done": true
  },
  "spartanweaponry:recipes/huge_quiver_brace": {
    "criteria": {
      "has_diamond": "2024-10-03 03:54:18 +0000"
    },
    "done": true
  },
  "minecraft:recipes/combat/diamond_sword": {
    "criteria": {
      "has_diamond": "2024-10-03 03:54:18 +0000"
    },
    "done": true
  },
  "minecraft:recipes/decorations/jukebox": {
    "criteria": {
      "has_diamond": "2024-10-03 03:54:18 +0000"
    },
    "done": true
  },
  "minecraft:recipes/combat/diamond_chestplate": {
    "criteria": {
      "has_diamond": "2024-10-03 03:54:18 +0000"
    },
    "done": true
  },
  "spartanweaponry:recipes/diamond_tomahawk": {
    "criteria": {
      "has_diamond": "2024-10-03 03:54:18 +0000"
    },
    "done": true
  },
  "spartanweaponry:recipes/diamond_warhammer": {
    "criteria": {
      "has_diamond": "2024-10-03 03:54:18 +0000"
    },
    "done": true
  },
  "spartanshields:recipes/diamond_basic_shield": {
    "criteria": {
      "has_diamond": "2024-10-03 03:54:18 +0000"
    },
    "done": true
  },
  "spartanweaponry:recipes/diamond_javelin": {
    "criteria": {
      "has_diamond": "2024-10-03 03:54:18 +0000"
    },
    "done": true
  },
  "celestial_artifacts:recipes/misc/diamond_ring": {
    "criteria": {
      "has_diamond": "2024-10-03 03:54:18 +0000"
    },
    "done": true
  },
  "spartanweaponry:recipes/diamond_battleaxe": {
    "criteria": {
      "has_diamond": "2024-10-03 03:54:18 +0000"
    },
    "done": true
  },
  "minecraft:recipes/tools/diamond_pickaxe": {
    "criteria": {
      "has_diamond": "2024-10-03 03:54:18 +0000"
    },
    "done": true
  },
  "minecraft:recipes/tools/diamond_hoe": {
    "criteria": {
      "has_diamond": "2024-10-03 03:54:18 +0000"
    },
    "done": true
  },
  "minecraft:recipes/tools/diamond_shovel": {
    "criteria": {
      "has_diamond": "2024-10-03 03:54:18 +0000"
    },
    "done": true
  },
  "spartanweaponry:recipes/diamond_flanged_mace": {
    "criteria": {
      "has_diamond": "2024-10-03 03:54:18 +0000"
    },
    "done": true
  },
  "spartanweaponry:recipes/diamond_pike": {
    "criteria": {
      "has_diamond": "2024-10-03 03:54:18 +0000"
    },
    "done": true
  },
  "knightquest:recipes/misc/uchigatana_katana": {
    "criteria": {
      "has_diamond": "2024-10-03 03:54:18 +0000"
    },
    "done": true
  },
  "celestial_artifacts:recipes/misc/precious_necklace": {
    "criteria": {
      "has_diamond": "2024-10-03 03:54:18 +0000"
    },
    "done": true
  },
  "spartanweaponry:recipes/diamond_halberd": {
    "criteria": {
      "has_diamond": "2024-10-03 03:54:18 +0000"
    },
    "done": true
  },
  "knightquest:recipes/misc/conquistador3_helmet": {
    "criteria": {
      "has_diamond": "2024-10-03 03:54:18 +0000"
    },
    "done": true
  },
  "spartanweaponry:recipes/diamond_longbow": {
    "criteria": {
      "has_diamond": "2024-10-03 03:54:18 +0000"
    },
    "done": true
  },
  "minecraft:recipes/combat/diamond_helmet": {
    "criteria": {
      "has_diamond": "2024-10-03 03:54:18 +0000"
    },
    "done": true
  },
  "spartanweaponry:recipes/diamond_greatsword": {
    "criteria": {
      "has_diamond": "2024-10-03 03:54:18 +0000"
    },
    "done": true
  },
  "spartanweaponry:recipes/diamond_lance": {
    "criteria": {
      "has_diamond": "2024-10-03 03:54:18 +0000"
    },
    "done": true
  },
  "spartanweaponry:recipes/diamond_longsword": {
    "criteria": {
      "has_diamond": "2024-10-03 03:54:18 +0000"
    },
    "done": true
  },
  "aether:recipes/combat/diamond_gloves": {
    "criteria": {
      "has_diamond": "2024-10-03 03:54:18 +0000"
    },
    "done": true
  },
  "knightquest:recipes/misc/uchigatana": {
    "criteria": {
      "has_diamond": "2024-10-03 03:54:18 +0000"
    },
    "done": true
  },
  "minecraft:recipes/building_blocks/diamond_block": {
    "criteria": {
      "has_diamond": "2024-10-03 03:54:18 +0000"
    },
    "done": true
  },
  "spartanweaponry:recipes/diamond_battle_hammer": {
    "criteria": {
      "has_diamond": "2024-10-03 03:54:18 +0000"
    },
    "done": true
  },
  "spartanweaponry:recipes/diamond_throwing_knife": {
    "criteria": {
      "has_diamond": "2024-10-03 03:54:18 +0000"
    },
    "done": true
  },
  "alltheores:recipes/misc/diamond_gear": {
    "criteria": {
      "has_TagKey[minecraft:item / forge:gems/diamond]_ingot": "2024-10-03 03:54:18 +0000"
    },
    "done": true
  },
  "spartanweaponry:recipes/diamond_dagger": {
    "criteria": {
      "has_diamond": "2024-10-03 03:54:18 +0000"
    },
    "done": true
  },
  "minecraft:story/mine_diamond": {
    "criteria": {
      "diamond": "2024-10-03 03:54:18 +0000"
    },
    "done": true
  },
  "spartanweaponry:recipes/diamond_glaive": {
    "criteria": {
      "has_diamond": "2024-10-03 03:54:18 +0000"
    },
    "done": true
  },
  "minecraft:recipes/combat/diamond_leggings": {
    "criteria": {
      "has_diamond": "2024-10-03 03:54:18 +0000"
    },
    "done": true
  },
  "alltheores:recipes/misc/diamond_rod": {
    "criteria": {
      "has_TagKey[minecraft:item / forge:gems/diamond]_ingot": "2024-10-03 03:54:18 +0000"
    },
    "done": true
  },
  "spartanweaponry:recipes/diamond_spear": {
    "criteria": {
      "has_diamond": "2024-10-03 03:54:18 +0000"
    },
    "done": true
  },
  "aether:recipes/decorations/skyroot_jukebox": {
    "criteria": {
      "has_diamond": "2024-10-03 03:54:18 +0000"
    },
    "done": true
  },
  "spartanweaponry:recipes/diamond_saber": {
    "criteria": {
      "has_diamond": "2024-10-03 03:54:18 +0000"
    },
    "done": true
  },
  "spartanweaponry:recipes/large_quiver_brace": {
    "criteria": {
      "has_diamond": "2024-10-03 03:54:18 +0000"
    },
    "done": true
  },
  "spartanweaponry:recipes/diamond_boomerang": {
    "criteria": {
      "has_diamond": "2024-10-03 03:54:18 +0000"
    },
    "done": true
  },
  "spartanweaponry:recipes/diamond_scythe": {
    "criteria": {
      "has_diamond": "2024-10-03 03:54:18 +0000"
    },
    "done": true
  },
  "spartanshields:recipes/diamond_tower_shield": {
    "criteria": {
      "has_diamond": "2024-10-03 03:54:18 +0000"
    },
    "done": true
  },
  "minecraft:recipes/combat/diamond_boots": {
    "criteria": {
      "has_diamond": "2024-10-03 03:54:18 +0000"
    },
    "done": true
  },
  "spartanweaponry:recipes/diamond_heavy_crossbow": {
    "criteria": {
      "has_diamond": "2024-10-03 03:54:18 +0000"
    },
    "done": true
  },
  "alltheores:recipes/misc/diamond_plate": {
    "criteria": {
      "has_TagKey[minecraft:item / forge:gems/diamond]_ingot": "2024-10-03 03:54:18 +0000"
    },
    "done": true
  },
  "spartanweaponry:recipes/diamond_rapier": {
    "criteria": {
      "has_diamond": "2024-10-03 03:54:18 +0000"
    },
    "done": true
  },
  "celestial_artifacts:recipes/misc/emerald_necklace": {
    "criteria": {
      "has_diamond": "2024-10-03 03:54:18 +0000"
    },
    "done": true
  },
  "minecraft:recipes/tools/diamond_axe": {
    "criteria": {
      "has_diamond": "2024-10-03 03:54:18 +0000"
    },
    "done": true
  },
  "aether:recipes/combat/iron_helmet_repairing": {
    "criteria": {
      "has_iron_helmet": "2024-10-03 03:56:46 +0000"
    },
    "done": true
  },
  "apotheosis:affix/root": {
    "criteria": {
      "sword": "2024-10-03 03:56:46 +0000"
    },
    "done": true
  },
  "apotheosis:affix/boss": {
    "criteria": {
      "sword": "2024-10-03 03:56:46 +0000"
    },
    "done": true
  },
  "minecraft:recipes/misc/gold_nugget_from_blasting": {
    "criteria": {
      "has_golden_horse_armor": "2024-10-03 03:56:55 +0000"
    },
    "done": true
  },
  "minecraft:recipes/misc/gold_nugget_from_smelting": {
    "criteria": {
      "has_golden_horse_armor": "2024-10-03 03:56:55 +0000"
    },
    "done": true
  },
  "knightquest:recipes/misc/creeper_boots": {
    "criteria": {
      "has_gunpowder": "2024-10-03 03:56:56 +0000"
    },
    "done": true
  },
  "regions_unexplored:recipes/building_blocks/ash": {
    "criteria": {
      "has_gunpowder": "2024-10-03 03:56:56 +0000"
    },
    "done": true
  },
  "knightquest:recipes/misc/creeper_chestplate": {
    "criteria": {
      "has_gunpowder": "2024-10-03 03:56:56 +0000"
    },
    "done": true
  },
  "cgm:recipes/combat/advanced_bullet": {
    "criteria": {
      "has_gunpowder": "2024-10-03 03:56:56 +0000"
    },
    "done": true
  },
  "cgm:recipes/combat/grenade": {
    "criteria": {
      "has_gunpowder": "2024-10-03 03:56:56 +0000"
    },
    "done": true
  },
  "minecraft:recipes/misc/firework_rocket_simple": {
    "criteria": {
      "has_gunpowder": "2024-10-03 03:56:56 +0000"
    },
    "done": true
  },
  "cgm:recipes/combat/missile": {
    "criteria": {
      "has_gunpowder": "2024-10-03 03:56:56 +0000"
    },
    "done": true
  },
  "knightquest:recipes/misc/creeper_leggings": {
    "criteria": {
      "has_gunpowder": "2024-10-03 03:56:56 +0000"
    },
    "done": true
  },
  "spartanweaponry:recipes/explosive_charge": {
    "criteria": {
      "has_gunpowder": "2024-10-03 03:56:56 +0000"
    },
    "done": true
  },
  "cgm:recipes/combat/shell": {
    "criteria": {
      "has_gunpowder": "2024-10-03 03:56:56 +0000"
    },
    "done": true
  },
  "cgm:recipes/combat/stun_grenade": {
    "criteria": {
      "has_gunpowder": "2024-10-03 03:56:56 +0000"
    },
    "done": true
  },
  "knightquest:recipes/misc/creeper_helmet": {
    "criteria": {
      "has_gunpowder": "2024-10-03 03:56:56 +0000"
    },
    "done": true
  },
  "minecraft:recipes/redstone/tnt": {
    "criteria": {
      "has_gunpowder": "2024-10-03 03:56:56 +0000"
    },
    "done": true
  },
  "cgm:recipes/combat/basic_bullet": {
    "criteria": {
      "has_gunpowder": "2024-10-03 03:56:56 +0000"
    },
    "done": true
  },
  "knightquest:recipes/misc/bow_chestplate": {
    "criteria": {
      "has_arrow": "2024-10-03 03:57:42 +0000"
    },
    "done": true
  },
  "knightquest:recipes/misc/bow_helmet": {
    "criteria": {
      "has_arrow": "2024-10-03 03:57:42 +0000"
    },
    "done": true
  },
  "knightquest:recipes/misc/bow_leggings": {
    "criteria": {
      "has_arrow": "2024-10-03 03:57:42 +0000"
    },
    "done": true
  },
  "knightquest:recipes/misc/bow_boots": {
    "criteria": {
      "has_arrow": "2024-10-03 03:57:42 +0000"
    },
    "done": true
  },
  "spartanweaponry:recipes/small_arrow_quiver": {
    "criteria": {
      "has_arrow": "2024-10-03 03:57:42 +0000"
    },
    "done": true
  },
  "apotheosis:affix/rare": {
    "criteria": {
      "sword": "2024-10-03 03:57:53 +0000"
    },
    "done": true
  },
  "aether:recipes/combat/stone_sword_repairing": {
    "criteria": {
      "has_stone_sword": "2024-10-03 03:57:53 +0000"
    },
    "done": true
  },
  "aether:recipes/combat/bow_repairing": {
    "criteria": {
      "has_bow": "2024-10-03 04:00:24 +0000"
    },
    "done": true
  },
  "spartanweaponry:recipes/netherite_arrow": {
    "criteria": {
      "has_bow": "2024-10-03 04:00:24 +0000"
    },
    "done": true
  },
  "minecraft:recipes/redstone/dispenser": {
    "criteria": {
      "has_bow": "2024-10-03 04:00:24 +0000"
    },
    "done": true
  },
  "alltheores:recipes/misc/raw_zinc_block": {
    "criteria": {
      "has_raw_TagKey[minecraft:item / forge:raw_materials/zinc]": "2024-10-03 04:03:39 +0000"
    },
    "done": true
  },
  "alltheores:recipes/misc/zinc_ingot_from_raw_blasting": {
    "criteria": {
      "has_item": "2024-10-03 04:03:39 +0000"
    },
    "done": true
  },
  "alltheores:recipes/misc/zinc_ingot_from_raw": {
    "criteria": {
      "has_item": "2024-10-03 04:03:39 +0000"
    },
    "done": true
  },
  "aether:recipes/combat/iron_leggings_repairing": {
    "criteria": {
      "has_iron_leggings": "2024-10-03 04:12:30 +0000"
    },
    "done": true
  },
  "aether:recipes/combat/iron_boots_repairing": {
    "criteria": {
      "has_iron_boots": "2024-10-03 04:12:32 +0000"
    },
    "done": true
  },
  "aether:recipes/combat/chainmail_chestplate_repairing": {
    "criteria": {
      "has_chainmail_chestplate": "2024-10-03 04:14:09 +0000"
    },
    "done": true
  },
  "minecraft:recipes/redstone/target": {
    "criteria": {
      "has_hay_block": "2024-10-03 04:15:07 +0000"
    },
    "done": true
  },
  "minecraft:recipes/misc/wheat": {
    "criteria": {
      "has_hay_block": "2024-10-03 04:15:07 +0000"
    },
    "done": true
  },
  "minecraft:recipes/food/bread": {
    "criteria": {
      "has_wheat": "2024-10-03 04:16:18 +0000"
    },
    "done": true
  },
  "minecraft:recipes/building_blocks/hay_block": {
    "criteria": {
      "has_wheat": "2024-10-03 04:16:18 +0000"
    },
    "done": true
  },
  "minecraft:recipes/building_blocks/jungle_wood": {
    "criteria": {
      "has_log": "2024-10-03 04:19:54 +0000"
    },
    "done": true
  },
  "regions_unexplored:recipes/decorations/jungle_branch_from_jungle_log": {
    "criteria": {
      "has_log": "2024-10-03 04:19:54 +0000"
    },
    "done": true
  },
  "minecraft:recipes/building_blocks/jungle_planks": {
    "criteria": {
      "has_logs": "2024-10-03 04:19:54 +0000"
    },
    "done": true
  },
  "knightquest:recipes/misc/bamboo_blue_leggings": {
    "criteria": {
      "has_bamboo": "2024-10-03 04:20:16 +0000"
    },
    "done": true
  },
  "knightquest:recipes/misc/bamboo_green_leggings": {
    "criteria": {
      "has_bamboo": "2024-10-03 04:20:16 +0000"
    },
    "done": true
  },
  "knightquest:recipes/misc/bamboo_blue_helmet": {
    "criteria": {
      "has_bamboo": "2024-10-03 04:20:16 +0000"
    },
    "done": true
  },
  "knightquest:recipes/misc/bamboo_blue_chestplate": {
    "criteria": {
      "has_bamboo": "2024-10-03 04:20:16 +0000"
    },
    "done": true
  },
  "knightquest:recipes/misc/bamboo_green_chestplate": {
    "criteria": {
      "has_bamboo": "2024-10-03 04:20:16 +0000"
    },
    "done": true
  },
  "knightquest:recipes/misc/bamboo_blue_boots": {
    "criteria": {
      "has_bamboo": "2024-10-03 04:20:16 +0000"
    },
    "done": true
  },
  "knightquest:recipes/misc/bamboo_green_helmet": {
    "criteria": {
      "has_bamboo": "2024-10-03 04:20:16 +0000"
    },
    "done": true
  },
  "knightquest:recipes/misc/bamboo_green_boots": {
    "criteria": {
      "has_bamboo": "2024-10-03 04:20:16 +0000"
    },
    "done": true
  },
  "minecraft:recipes/misc/stick_from_bamboo_item": {
    "criteria": {
      "has_bamboo": "2024-10-03 04:20:16 +0000"
    },
    "done": true
  },
  "minecraft:recipes/building_blocks/bamboo_block": {
    "criteria": {
      "has_bamboo": "2024-10-03 04:20:16 +0000"
    },
    "done": true
  },
  "minecraft:recipes/decorations/scaffolding": {
    "criteria": {
      "has_bamboo": "2024-10-03 04:20:16 +0000"
    },
    "done": true
  },
  "minecraft:recipes/building_blocks/stone_bricks": {
    "criteria": {
      "has_stone": "2024-10-03 04:22:28 +0000"
    },
    "done": true
  },
  "regions_unexplored:recipes/building_blocks/prismoss": {
    "criteria": {
      "has_stone": "2024-10-03 04:22:28 +0000"
    },
    "done": true
  },
  "regions_unexplored:recipes/building_blocks/stone_grass_block": {
    "criteria": {
      "has_stone": "2024-10-03 04:22:28 +0000"
    },
    "done": true
  },
  "minecraft:recipes/building_blocks/stone_bricks_from_stone_stonecutting": {
    "criteria": {
      "has_stone": "2024-10-03 04:22:28 +0000"
    },
    "done": true
  },
  "minecraft:recipes/building_blocks/stone_slab": {
    "criteria": {
      "has_stone": "2024-10-03 04:22:28 +0000"
    },
    "done": true
  },
  "minecraft:recipes/building_blocks/stone_stairs_from_stone_stonecutting": {
    "criteria": {
      "has_stone": "2024-10-03 04:22:28 +0000"
    },
    "done": true
  },
  "minecraft:recipes/redstone/stone_button": {
    "criteria": {
      "has_stone": "2024-10-03 04:22:28 +0000"
    },
    "done": true
  },
  "minecraft:recipes/redstone/stone_pressure_plate": {
    "criteria": {
      "has_stone": "2024-10-03 04:22:28 +0000"
    },
    "done": true
  },
  "knightquest:recipes/misc/silverfish_boots": {
    "criteria": {
      "has_stone": "2024-10-03 04:22:28 +0000"
    },
    "done": true
  },
  "minecraft:recipes/building_blocks/stone_stairs": {
    "criteria": {
      "has_stone": "2024-10-03 04:22:28 +0000"
    },
    "done": true
  },
  "minecraft:recipes/decorations/stonecutter": {
    "criteria": {
      "has_stone": "2024-10-03 04:22:28 +0000"
    },
    "done": true
  },
  "minecraft:recipes/building_blocks/smooth_stone": {
    "criteria": {
      "has_stone": "2024-10-03 04:22:28 +0000"
    },
    "done": true
  },
  "minecraft:recipes/decorations/stone_brick_walls_from_stone_stonecutting": {
    "criteria": {
      "has_stone": "2024-10-03 04:22:28 +0000"
    },
    "done": true
  },
  "knightquest:recipes/misc/silverfish_chestplate": {
    "criteria": {
      "has_stone": "2024-10-03 04:22:28 +0000"
    },
    "done": true
  },
  "minecraft:recipes/building_blocks/stone_brick_slab_from_stone_stonecutting": {
    "criteria": {
      "has_stone": "2024-10-03 04:22:28 +0000"
    },
    "done": true
  },
  "minecraft:recipes/building_blocks/stone_brick_stairs_from_stone_stonecutting": {
    "criteria": {
      "has_stone": "2024-10-03 04:22:28 +0000"
    },
    "done": true
  },
  "minecraft:recipes/building_blocks/stone_slab_from_stone_stonecutting": {
    "criteria": {
      "has_stone": "2024-10-03 04:22:28 +0000"
    },
    "done": true
  },
  "knightquest:recipes/misc/silverfish_leggings": {
    "criteria": {
      "has_stone": "2024-10-03 04:22:28 +0000"
    },
    "done": true
  },
  "regions_unexplored:recipes/building_blocks/viridescent_nylium": {
    "criteria": {
      "has_stone": "2024-10-03 04:22:28 +0000"
    },
    "done": true
  },
  "minecraft:recipes/building_blocks/chiseled_stone_bricks_stone_from_stonecutting": {
    "criteria": {
      "has_stone": "2024-10-03 04:22:28 +0000"
    },
    "done": true
  },
  "knightquest:recipes/misc/silverfish_helmet": {
    "criteria": {
      "has_stone": "2024-10-03 04:22:28 +0000"
    },
    "done": true
  },
  "regions_unexplored:recipes/building_blocks/mossy_stone": {
    "criteria": {
      "has_stone": "2024-10-03 04:22:28 +0000"
    },
    "done": true
  },
  "minecraft:recipes/building_blocks/stone_brick_stairs": {
    "criteria": {
      "has_stone_bricks": "2024-10-03 04:22:43 +0000"
    },
    "done": true
  },
  "minecraft:recipes/building_blocks/stone_brick_slab": {
    "criteria": {
      "has_stone_bricks": "2024-10-03 04:22:43 +0000"
    },
    "done": true
  },
  "minecraft:recipes/building_blocks/chiseled_stone_bricks_from_stone_bricks_stonecutting": {
    "criteria": {
      "has_stone_bricks": "2024-10-03 04:22:43 +0000"
    },
    "done": true
  },
  "minecraft:recipes/decorations/stone_brick_wall": {
    "criteria": {
      "has_stone_bricks": "2024-10-03 04:22:43 +0000"
    },
    "done": true
  },
  "minecraft:recipes/building_blocks/cracked_stone_bricks": {
    "criteria": {
      "has_stone_bricks": "2024-10-03 04:22:43 +0000"
    },
    "done": true
  },
  "minecraft:recipes/building_blocks/stone_brick_stairs_from_stone_bricks_stonecutting": {
    "criteria": {
      "has_stone_bricks": "2024-10-03 04:22:43 +0000"
    },
    "done": true
  },
  "minecraft:recipes/building_blocks/chiseled_stone_bricks": {
    "criteria": {
      "has_tag": "2024-10-03 04:22:43 +0000"
    },
    "done": true
  },
  "minecraft:recipes/decorations/stone_brick_wall_from_stone_bricks_stonecutting": {
    "criteria": {
      "has_stone_bricks": "2024-10-03 04:22:43 +0000"
    },
    "done": true
  },
  "minecraft:recipes/building_blocks/stone_brick_slab_from_stone_bricks_stonecutting": {
    "criteria": {
      "has_stone_bricks": "2024-10-03 04:22:43 +0000"
    },
    "done": true
  },
  "aether:recipes/tools/iron_shovel_repairing": {
    "criteria": {
      "has_iron_shovel": "2024-10-03 04:23:33 +0000"
    },
    "done": true
  },
  "regions_unexplored:recipes/decorations/jungle_shrub": {
    "criteria": {
      "has_jungle_sapling": "2024-10-03 04:49:01 +0000"
    },
    "done": true
  },
  "minecraft:recipes/misc/brown_dye": {
    "criteria": {
      "has_cocoa_beans": "2024-10-03 04:49:15 +0000"
    },
    "done": true
  },
  "minecraft:recipes/food/cookie": {
    "criteria": {
      "has_cocoa": "2024-10-03 04:49:15 +0000"
    },
    "done": true
  },
  "minecraft:recipes/misc/white_dye": {
    "criteria": {
      "has_bone_meal": "2024-10-03 04:52:23 +0000"
    },
    "done": true
  },
  "minecraft:recipes/building_blocks/bone_block": {
    "criteria": {
      "has_bone_meal": "2024-10-03 04:52:23 +0000"
    },
    "done": true
  },
  "minecraft:recipes/building_blocks/jungle_stairs": {
    "criteria": {
      "has_planks": "2024-10-04 02:25:03 +0000"
    },
    "done": true
  },
  "minecraft:recipes/redstone/jungle_trapdoor": {
    "criteria": {
      "has_planks": "2024-10-04 02:25:03 +0000"
    },
    "done": true
  },
  "minecraft:recipes/decorations/jungle_sign": {
    "criteria": {
      "has_planks": "2024-10-04 02:25:03 +0000"
    },
    "done": true
  },
  "minecraft:recipes/redstone/jungle_door": {
    "criteria": {
      "has_planks": "2024-10-04 02:25:03 +0000"
    },
    "done": true
  },
  "minecraft:recipes/decorations/jungle_fence": {
    "criteria": {
      "has_planks": "2024-10-04 02:25:03 +0000"
    },
    "done": true
  },
  "minecraft:recipes/building_blocks/jungle_slab": {
    "criteria": {
      "has_planks": "2024-10-04 02:25:03 +0000"
    },
    "done": true
  },
  "minecraft:recipes/misc/yellow_dye_from_dandelion": {
    "criteria": {
      "has_dandelion": "2024-10-04 01:55:53 +0000"
    },
    "done": true
  },
  "minecraft:recipes/redstone/jungle_button": {
    "criteria": {
      "has_planks": "2024-10-04 02:25:03 +0000"
    },
    "done": true
  },
  "minecraft:recipes/redstone/jungle_fence_gate": {
    "criteria": {
      "has_planks": "2024-10-04 02:25:03 +0000"
    },
    "done": true
  },
  "celestial_artifacts:recipes/misc/purified_powder": {
    "criteria": {
      "has_the_end_dust": "2024-10-04 02:12:31 +0000"
    },
    "done": true
  },
  "minecraft:recipes/redstone/jungle_pressure_plate": {
    "criteria": {
      "has_planks": "2024-10-04 02:25:03 +0000"
    },
    "done": true
  },
  "DataVersion": 3465
}